Use cs6400_fa24_team105 ;

-- Inserting Logged_in_User
INSERT INTO Logged_in_User (username, password, first_name, last_name) VALUES ('owner', 'owner', 'O', 'Owner');
INSERT INTO Logged_in_User (username, password, first_name, last_name) VALUES ('user01', 'pass01', 'Mitzie', 'Wenner');
INSERT INTO Logged_in_User (username, password, first_name, last_name) VALUES ('user02', 'pass02', 'Paris', 'Dubaldi');
INSERT INTO Logged_in_User (username, password, first_name, last_name) VALUES ('user03', 'pass03', 'Roslyn', 'Colaizzo');
INSERT INTO Logged_in_User (username, password, first_name, last_name) VALUES ('user04', 'pass04', 'Chantell', 'Haroldson');
INSERT INTO Logged_in_User (username, password, first_name, last_name) VALUES ('user05', 'pass05', 'Gearldine', 'Paa');
INSERT INTO Logged_in_User (username, password, first_name, last_name) VALUES ('user06', 'pass06', 'Delisa', 'Demesa');
INSERT INTO Logged_in_User (username, password, first_name, last_name) VALUES ('user07', 'pass07', 'Caitlin', 'Poquette');
INSERT INTO Logged_in_User (username, password, first_name, last_name) VALUES ('user08', 'pass08', 'Kristofer', 'Leto');
INSERT INTO Logged_in_User (username, password, first_name, last_name) VALUES ('user09', 'pass09', 'Leonida', 'Gesick');
INSERT INTO Logged_in_User (username, password, first_name, last_name) VALUES ('user10', 'pass10', 'Colette', 'Berganza');
INSERT INTO Logged_in_User (username, password, first_name, last_name) VALUES ('user11', 'pass11', 'Fletcher', 'Luczki');
INSERT INTO Logged_in_User (username, password, first_name, last_name) VALUES ('user12', 'pass12', 'Bulah', 'Jillson');
INSERT INTO Logged_in_User (username, password, first_name, last_name) VALUES ('user13', 'pass13', 'Glory', 'Nayar');
INSERT INTO Logged_in_User (username, password, first_name, last_name) VALUES ('user14', 'pass14', 'Fatima', 'Hughey');
INSERT INTO Logged_in_User (username, password, first_name, last_name) VALUES ('user15', 'pass15', 'Yoko', 'Ferrario');
INSERT INTO Logged_in_User (username, password, first_name, last_name) VALUES ('user16', 'pass16', 'Britt', 'Threets');
INSERT INTO Logged_in_User (username, password, first_name, last_name) VALUES ('user17', 'pass17', 'Donte', 'Plumer');
INSERT INTO Logged_in_User (username, password, first_name, last_name) VALUES ('user18', 'pass18', 'Cristal', 'Dopico');
INSERT INTO Logged_in_User (username, password, first_name, last_name) VALUES ('user19', 'pass19', 'Carey', 'Ketelsen');
INSERT INTO Logged_in_User (username, password, first_name, last_name) VALUES ('user20', 'pass20', 'Angella', 'Agramonte');
INSERT INTO Logged_in_User (username, password, first_name, last_name) VALUES ('user21', 'pass21', 'Buddy', 'Karpin');
INSERT INTO Logged_in_User (username, password, first_name, last_name) VALUES ('user22', 'pass22', 'Fletcher', 'Sawchuk');
INSERT INTO Logged_in_User (username, password, first_name, last_name) VALUES ('user23', 'pass23', 'Yoko', 'Leinenbach');
INSERT INTO Logged_in_User (username, password, first_name, last_name) VALUES ('user24', 'pass24', 'Taryn', 'Whobrey');
INSERT INTO Logged_in_User (username, password, first_name, last_name) VALUES ('user25', 'pass25', 'Mari', 'Mcrae');

-- Inserting Inventory_Clerk
INSERT INTO Inventory_Clerk (username) VALUES ('owner');
INSERT INTO Inventory_Clerk (username) VALUES ('user02');
INSERT INTO Inventory_Clerk (username) VALUES ('user05');
INSERT INTO Inventory_Clerk (username) VALUES ('user07');
INSERT INTO Inventory_Clerk (username) VALUES ('user09');
INSERT INTO Inventory_Clerk (username) VALUES ('user10');
INSERT INTO Inventory_Clerk (username) VALUES ('user11');
INSERT INTO Inventory_Clerk (username) VALUES ('user12');
INSERT INTO Inventory_Clerk (username) VALUES ('user13');
INSERT INTO Inventory_Clerk (username) VALUES ('user15');
INSERT INTO Inventory_Clerk (username) VALUES ('user17');
INSERT INTO Inventory_Clerk (username) VALUES ('user18');
INSERT INTO Inventory_Clerk (username) VALUES ('user20');
INSERT INTO Inventory_Clerk (username) VALUES ('user21');
INSERT INTO Inventory_Clerk (username) VALUES ('user24');

-- Inserting Salespeople
INSERT INTO Salespeople (username) VALUES ('owner');
INSERT INTO Salespeople (username) VALUES ('user03');
INSERT INTO Salespeople (username) VALUES ('user04');
INSERT INTO Salespeople (username) VALUES ('user06');
INSERT INTO Salespeople (username) VALUES ('user16');
INSERT INTO Salespeople (username) VALUES ('user19');
INSERT INTO Salespeople (username) VALUES ('user23');
INSERT INTO Salespeople (username) VALUES ('user25');

-- Inserting Manager
INSERT INTO Manager (username) VALUES ('owner');
INSERT INTO Manager (username) VALUES ('user01');
INSERT INTO Manager (username) VALUES ('user08');
INSERT INTO Manager (username) VALUES ('user14');
INSERT INTO Manager (username) VALUES ('user22');

-- Inserting Customer
INSERT INTO Customer (customer_ID, address_street, address_city, address_state, address_postal, phone_number, email_address) VALUES ('753836489', '8629 15-street', 'New Orleans', 'CA', '95570', '5851755886', 'lmorasca@ontomedia.com');
INSERT INTO Customer (customer_ID, address_street, address_city, address_state, address_postal, phone_number, email_address) VALUES ('784939607', '3934 18-street', 'Charlotte', 'NC', '95323', '9118812021', 'vlimmel@konmatfix.com');
INSERT INTO Customer (customer_ID, address_street, address_city, address_state, address_postal, phone_number, email_address) VALUES ('147820188', '7280 17-street', 'Hialeah', 'NV', '01623', '1823934677', 'anewville@rangreen.com');
INSERT INTO Customer (customer_ID, address_street, address_city, address_state, address_postal, phone_number, email_address) VALUES ('722473507', '6590 18-street', 'Santa Ana', 'MO', '92064', '1279370916', 'lgalam@finjob.com');
INSERT INTO Customer (customer_ID, address_street, address_city, address_state, address_postal, phone_number, email_address) VALUES ('009295495', '3485 19-street', 'Henderson', 'NE', '45256', '9839931085', 'iparlato@finjob.com');
INSERT INTO Customer (customer_ID, address_street, address_city, address_state, address_postal, phone_number, email_address) VALUES ('850547815', '4517 12-street', 'Boston', 'TN', '88914', '6533609889', 'hgleich@rantouch.com');
INSERT INTO Customer (customer_ID, address_street, address_city, address_state, address_postal, phone_number, email_address) VALUES ('392747745', '3538 18-street', 'Laredo', 'VA', '23476', '7242544955', 'mnicolozakes@gogozoom.com');
INSERT INTO Customer (customer_ID, address_street, address_city, address_state, address_postal, phone_number, email_address) VALUES ('377287634', '1446 6-street', 'Phoenix', 'AZ', '06380', '1226685079', 'oborgman@sunnamplex.com');
INSERT INTO Customer (customer_ID, address_street, address_city, address_state, address_postal, phone_number, email_address) VALUES ('161721159', '5917 18-street', 'Raleigh', 'FL', '47349', '3428665871', 'Null');
INSERT INTO Customer (customer_ID, address_street, address_city, address_state, address_postal, phone_number, email_address) VALUES ('48-2042583', '6602 21-street', 'Anchorage', 'CA', '32613', '1712657598', 'dsteier@zumgoity.com');
INSERT INTO Customer (customer_ID, address_street, address_city, address_state, address_postal, phone_number, email_address) VALUES ('436570412', '4604 21-street', 'Colorado Springs', 'NE', '37481', '8175287749', 'spoquette@zumgoity.com');
INSERT INTO Customer (customer_ID, address_street, address_city, address_state, address_postal, phone_number, email_address) VALUES ('82-6754590', '8047 3-street', 'Fort Wayne', 'FL', '73146', '3183498101', 'llinahan@finjob.com');
INSERT INTO Customer (customer_ID, address_street, address_city, address_state, address_postal, phone_number, email_address) VALUES ('613205626', '2974 7-street', 'Buffalo', 'NJ', '90208', '4362298003', 'cboulter@xx-zobam.com');
INSERT INTO Customer (customer_ID, address_street, address_city, address_state, address_postal, phone_number, email_address) VALUES ('313904048', '1159 2-street', 'Reno', 'VA', '31146', '5526432511', 'cpoquette@finhigh.com');
INSERT INTO Customer (customer_ID, address_street, address_city, address_state, address_postal, phone_number, email_address) VALUES ('018533690', '4451 4-street', 'Bakersfield', 'FL', '97067', '6719202384', 'bkippley@opentech.com');
INSERT INTO Customer (customer_ID, address_street, address_city, address_state, address_postal, phone_number, email_address) VALUES ('089829172', '5888 14-street', 'Cincinnati', 'MN', '67187', '4901148349', 'tcolla@donquadtech.com');
INSERT INTO Customer (customer_ID, address_street, address_city, address_state, address_postal, phone_number, email_address) VALUES ('80-1084912', '4313 14-street', 'Jacksonville', 'FL', '73648', '3686625941', 'mbutzen@stanredtax.com');
INSERT INTO Customer (customer_ID, address_street, address_city, address_state, address_postal, phone_number, email_address) VALUES ('21-6554083', '6558 21-street', 'Fresno', 'CA', '04838', '1152310216', 'dlother@donware.com');
INSERT INTO Customer (customer_ID, address_street, address_city, address_state, address_postal, phone_number, email_address) VALUES ('159645355', '5791 6-street', 'Indianapolis', 'IN', '21679', '2127828706', 'jmotley@lexiqvolax.com');
INSERT INTO Customer (customer_ID, address_street, address_city, address_state, address_postal, phone_number, email_address) VALUES ('73-2317837', '7602 3-street', 'North Las Vegas', 'CA', '15762', '1429477597', 'sjuhas@treequote.com');
INSERT INTO Customer (customer_ID, address_street, address_city, address_state, address_postal, phone_number, email_address) VALUES ('279776839', '7323 16-street', 'Santa Ana', 'MO', '85729', '2446495088', 'lswayze@blackzim.com');
INSERT INTO Customer (customer_ID, address_street, address_city, address_state, address_postal, phone_number, email_address) VALUES ('079459924', '2284 7-street', 'Irving', 'AZ', '22208', '6207651773', 'hcryer@ron-tech.com');
INSERT INTO Customer (customer_ID, address_street, address_city, address_state, address_postal, phone_number, email_address) VALUES ('965594555', '3863 15-street', 'Cleveland', 'KS', '13969', '1821270626', 'vworlds@year-job.com');
INSERT INTO Customer (customer_ID, address_street, address_city, address_state, address_postal, phone_number, email_address) VALUES ('824643871', '987 14-street', 'Virginia Beach', 'GA', '23666', '9390172996', 'bkeener@sunnamplex.com');
INSERT INTO Customer (customer_ID, address_street, address_city, address_state, address_postal, phone_number, email_address) VALUES ('563576825', '1204 1-street', 'Pittsburgh', 'AK', '83797', '8595993571', 'lhoa@ron-tech.com');
INSERT INTO Customer (customer_ID, address_street, address_city, address_state, address_postal, phone_number, email_address) VALUES ('421317175', '9428 1-street', 'Boston', 'TN', '53540', '6158734401', 'huyetake@plexzap.com');
INSERT INTO Customer (customer_ID, address_street, address_city, address_state, address_postal, phone_number, email_address) VALUES ('23-4661232', '373 16-street', 'Fremont', 'ID', '23124', '1868078927', 'glary@kinnamplus.com');
INSERT INTO Customer (customer_ID, address_street, address_city, address_state, address_postal, phone_number, email_address) VALUES ('131693048', '1507 21-street', 'North Las Vegas', 'CA', '98014', '5955574285', 'lpapasergi@xx-zobam.com');
INSERT INTO Customer (customer_ID, address_street, address_city, address_state, address_postal, phone_number, email_address) VALUES ('71-2329540', '9431 17-street', 'Santa Ana', 'MO', '68262', '1445689597', 'rengelberg@yearin.com');
INSERT INTO Customer (customer_ID, address_street, address_city, address_state, address_postal, phone_number, email_address) VALUES ('202765813', '8264 18-street', 'Orlando', 'FL', '36924', '5141780173', 'Null');
INSERT INTO Customer (customer_ID, address_street, address_city, address_state, address_postal, phone_number, email_address) VALUES ('55-6187762', '3810 18-street', 'Corpus Christi', 'KY', '28849', '4747876247', 'kmadarang@newex.com');
INSERT INTO Customer (customer_ID, address_street, address_city, address_state, address_postal, phone_number, email_address) VALUES ('625257885', '7744 3-street', 'Miami', 'CA', '33559', '7260043347', 'cstenseth@stanredtax.com');
INSERT INTO Customer (customer_ID, address_street, address_city, address_state, address_postal, phone_number, email_address) VALUES ('329866577', '5853 13-street', 'Stockton', 'OH', '64342', '8984412150', 'tmiceli@sunnamplex.com');
INSERT INTO Customer (customer_ID, address_street, address_city, address_state, address_postal, phone_number, email_address) VALUES ('122131537', '7837 19-street', 'Baton Rouge', 'TX', '81976', '0656558423', 'Null');
INSERT INTO Customer (customer_ID, address_street, address_city, address_state, address_postal, phone_number, email_address) VALUES ('903089507', '8669 4-street', 'Boise City', 'VA', '30792', '0814324991', 'jleto@sunnamplex.com');
INSERT INTO Customer (customer_ID, address_street, address_city, address_state, address_postal, phone_number, email_address) VALUES ('949050865', '3238 19-street', 'Buffalo', 'NJ', '12549', '1689169353', 'Null');
INSERT INTO Customer (customer_ID, address_street, address_city, address_state, address_postal, phone_number, email_address) VALUES ('084398382', '331 17-street', 'North Las Vegas', 'CA', '34756', '0467638200', 'fsergi@finhigh.com');
INSERT INTO Customer (customer_ID, address_street, address_city, address_state, address_postal, phone_number, email_address) VALUES ('62-1462808', '9941 20-street', 'San Jose', 'CA', '47357', '9670536160', 'Null');
INSERT INTO Customer (customer_ID, address_street, address_city, address_state, address_postal, phone_number, email_address) VALUES ('168032201', '2742 5-street', 'Corpus Christi', 'KY', '01238', '4400263358', 'jschnitzler@rantouch.com');
INSERT INTO Customer (customer_ID, address_street, address_city, address_state, address_postal, phone_number, email_address) VALUES ('88-6885026', '287 1-street', 'Plano', 'NV', '97110', '1501547917', 'ekampa@cancity.com');
INSERT INTO Customer (customer_ID, address_street, address_city, address_state, address_postal, phone_number, email_address) VALUES ('904213466', '932 21-street', 'Fremont', 'ID', '94837', '5896675100', 'jsamara@dalttechnology.com');
INSERT INTO Customer (customer_ID, address_street, address_city, address_state, address_postal, phone_number, email_address) VALUES ('410614165', '7732 15-street', 'Toledo', 'NC', '38538', '6490512595', 'croyster@rangreen.com');
INSERT INTO Customer (customer_ID, address_street, address_city, address_state, address_postal, phone_number, email_address) VALUES ('823731374', '9399 18-street', 'Toledo', 'NC', '70674', '8910285656', 'csayaphon@sunnamplex.com');
INSERT INTO Customer (customer_ID, address_street, address_city, address_state, address_postal, phone_number, email_address) VALUES ('52-6404326', '4278 19-street', 'San Jose', 'CA', '91513', '9289510941', 'kdorshorst@iselectrics.com');
INSERT INTO Customer (customer_ID, address_street, address_city, address_state, address_postal, phone_number, email_address) VALUES ('977074594', '7264 1-street', 'Newark', 'TX', '47792', '4812005382', 'ceschberger@plussunin.com');
INSERT INTO Customer (customer_ID, address_street, address_city, address_state, address_postal, phone_number, email_address) VALUES ('591437032', '9701 12-street', 'Santa Ana', 'MO', '62322', '6320808517', 'rlayous@gogozoom.com');
INSERT INTO Customer (customer_ID, address_street, address_city, address_state, address_postal, phone_number, email_address) VALUES ('482826267', '6921 21-street', 'Toledo', 'NC', '69586', '1968594536', 'hcoody@dalttechnology.com');
INSERT INTO Customer (customer_ID, address_street, address_city, address_state, address_postal, phone_number, email_address) VALUES ('871506293', '4347 3-street', 'Newark', 'TX', '85460', '8322259144', 'kauffrey@blackzim.com');
INSERT INTO Customer (customer_ID, address_street, address_city, address_state, address_postal, phone_number, email_address) VALUES ('058642805', '226 10-street', 'Cincinnati', 'MN', '65360', '2104343294', 'nfrey@inity.com');
INSERT INTO Customer (customer_ID, address_street, address_city, address_state, address_postal, phone_number, email_address) VALUES ('867022384', '8368 3-street', 'Pittsburgh', 'AK', '56826', '1123108997', 'vbirkner@condax.com');
INSERT INTO Customer (customer_ID, address_street, address_city, address_state, address_postal, phone_number, email_address) VALUES ('834838480', '3166 17-street', 'Indianapolis', 'IN', '33326', '4929305083', 'lgibes@nam-zim.com');
INSERT INTO Customer (customer_ID, address_street, address_city, address_state, address_postal, phone_number, email_address) VALUES ('32-1594201', '2113 20-street', 'Mesa', 'VA', '78103', '6768101156', 'lseewald@dambase.com');
INSERT INTO Customer (customer_ID, address_street, address_city, address_state, address_postal, phone_number, email_address) VALUES ('087754715', '2355 1-street', 'North Las Vegas', 'CA', '91646', '9361449889', 'jnayar@finjob.com');
INSERT INTO Customer (customer_ID, address_street, address_city, address_state, address_postal, phone_number, email_address) VALUES ('86-7493304', '8335 21-street', 'Aurora', 'CA', '52931', '6984324615', 'nnabours@funholding.com');
INSERT INTO Customer (customer_ID, address_street, address_city, address_state, address_postal, phone_number, email_address) VALUES ('749527903', '1681 9-street', 'Madison', 'TX', '96250', '1170430351', 'wfeichtner@bioplex.com');
INSERT INTO Customer (customer_ID, address_street, address_city, address_state, address_postal, phone_number, email_address) VALUES ('559840282', '3004 17-street', 'Stockton', 'OH', '45949', '3508135895', 'spedrozo@blackzim.com');
INSERT INTO Customer (customer_ID, address_street, address_city, address_state, address_postal, phone_number, email_address) VALUES ('289098127', '794 10-street', 'Virginia Beach', 'GA', '98509', '9722599285', 'jmastella@betasoloin.com');
INSERT INTO Customer (customer_ID, address_street, address_city, address_state, address_postal, phone_number, email_address) VALUES ('929692063', '4883 10-street', 'Virginia Beach', 'GA', '29793', '5613254267', 'jnestle@statholdings.com');
INSERT INTO Customer (customer_ID, address_street, address_city, address_state, address_postal, phone_number, email_address) VALUES ('171523874', '9381 5-street', 'St. Petersburg', 'AZ', '19876', '1085747790', 'Null');
INSERT INTO Customer (customer_ID, address_street, address_city, address_state, address_postal, phone_number, email_address) VALUES ('779146875', '6713 13-street', 'New York', 'NY', '08981', '2334976480', 'jacuff@opentech.com');
INSERT INTO Customer (customer_ID, address_street, address_city, address_state, address_postal, phone_number, email_address) VALUES ('00-3992833', '4001 13-street', 'Cleveland', 'KS', '78274', '8260085925', 'Null');
INSERT INTO Customer (customer_ID, address_street, address_city, address_state, address_postal, phone_number, email_address) VALUES ('061387114', '8238 11-street', 'Boston', 'TN', '96890', '8256013766', 'sgarufi@plexzap.com');
INSERT INTO Customer (customer_ID, address_street, address_city, address_state, address_postal, phone_number, email_address) VALUES ('682584187', '1275 12-street', 'San Antonio', 'TX', '98445', '4602308195', 'mdilliard@dalttechnology.com');
INSERT INTO Customer (customer_ID, address_street, address_city, address_state, address_postal, phone_number, email_address) VALUES ('556570812', '2071 9-street', 'Aurora', 'CA', '55787', '4394211945', 'gstoltzman@newex.com');
INSERT INTO Customer (customer_ID, address_street, address_city, address_state, address_postal, phone_number, email_address) VALUES ('963631015', '6248 9-street', 'Long Beach', 'MO', '60291', '7900838632', 'akorando@opentech.com');
INSERT INTO Customer (customer_ID, address_street, address_city, address_state, address_postal, phone_number, email_address) VALUES ('97-1509095', '700 2-street', 'New York', 'NY', '97712', '1772559234', 'Null');
INSERT INTO Customer (customer_ID, address_street, address_city, address_state, address_postal, phone_number, email_address) VALUES ('477077414', '3898 18-street', 'Fort Worth', 'TX', '86759', '6349700782', 'vheimann@bioholding.com');
INSERT INTO Customer (customer_ID, address_street, address_city, address_state, address_postal, phone_number, email_address) VALUES ('510679263', '6914 10-street', 'Orlando', 'FL', '98903', '1217438715', 'adegonia@ontomedia.com');
INSERT INTO Customer (customer_ID, address_street, address_city, address_state, address_postal, phone_number, email_address) VALUES ('804718897', '2190 20-street', 'Minneapolis', 'OK', '40420', '1801484084', 'rhudnall@xx-zobam.com');
INSERT INTO Customer (customer_ID, address_street, address_city, address_state, address_postal, phone_number, email_address) VALUES ('349754202', '7220 4-street', 'Raleigh', 'FL', '65103', '4608006114', 'epaulas@gogozoom.com');
INSERT INTO Customer (customer_ID, address_street, address_city, address_state, address_postal, phone_number, email_address) VALUES ('754703247', '8735 11-street', 'San Diego', 'CA', '47052', '1077923229', 'gvinning@ganjaflex.com');
INSERT INTO Customer (customer_ID, address_street, address_city, address_state, address_postal, phone_number, email_address) VALUES ('769826911', '7958 12-street', 'El Paso', 'TX', '38092', '0903887990', 'ajurney@conecom.com');
INSERT INTO Customer (customer_ID, address_street, address_city, address_state, address_postal, phone_number, email_address) VALUES ('43-5165225', '7904 16-street', 'Columbus', 'OH', '85883', '2544180563', 'wmeisel@zumgoity.com');
INSERT INTO Customer (customer_ID, address_street, address_city, address_state, address_postal, phone_number, email_address) VALUES ('189578947', '4001 11-street', 'Santa Ana', 'MO', '61376', '6263713077', 'mdinos@kinnamplus.com');
INSERT INTO Customer (customer_ID, address_street, address_city, address_state, address_postal, phone_number, email_address) VALUES ('554682995', '1871 21-street', 'Portland', 'NV', '09144', '1176354167', 'nshields@bioholding.com');
INSERT INTO Customer (customer_ID, address_street, address_city, address_state, address_postal, phone_number, email_address) VALUES ('24-0171065', '4811 6-street', 'Chicago', 'IL', '99160', '8609877259', 'lzurcher@kan-code.com');
INSERT INTO Customer (customer_ID, address_street, address_city, address_state, address_postal, phone_number, email_address) VALUES ('022691032', '5891 20-street', 'Milwaukee', 'NM', '68354', '6259416992', 'hogg@gogozoom.com');
INSERT INTO Customer (customer_ID, address_street, address_city, address_state, address_postal, phone_number, email_address) VALUES ('531825735', '7185 12-street', 'Chula Vista', 'IN', '58570', '1817842764', 'ckines@goodsilron.com');
INSERT INTO Customer (customer_ID, address_street, address_city, address_state, address_postal, phone_number, email_address) VALUES ('749032405', '5755 7-street', 'Jersey City', 'CA', '88405', '7405486454', 'dfunnell@finhigh.com');
INSERT INTO Customer (customer_ID, address_street, address_city, address_state, address_postal, phone_number, email_address) VALUES ('303794079', '5346 1-street', 'New York', 'NY', '36926', '8977302901', 'Null');
INSERT INTO Customer (customer_ID, address_street, address_city, address_state, address_postal, phone_number, email_address) VALUES ('334676702', '3919 20-street', 'Arlington', 'LA', '01712', '0597353386', 'gferrario@scottech.com');
INSERT INTO Customer (customer_ID, address_street, address_city, address_state, address_postal, phone_number, email_address) VALUES ('275817531', '3643 18-street', 'Denver', 'CO', '99530', '2825276210', 'dventura@zoomit.com');
INSERT INTO Customer (customer_ID, address_street, address_city, address_state, address_postal, phone_number, email_address) VALUES ('586117167', '548 13-street', 'Indianapolis', 'IN', '82792', '0242885009', 'jmconnell@zumgoity.com');
INSERT INTO Customer (customer_ID, address_street, address_city, address_state, address_postal, phone_number, email_address) VALUES ('89-5019355', '574 4-street', 'Irving', 'AZ', '26958', '1764558249', 'kweglarz@treequote.com');
INSERT INTO Customer (customer_ID, address_street, address_city, address_state, address_postal, phone_number, email_address) VALUES ('143539190', '9343 16-street', 'Sacramento', 'CA', '48910', '7801786732', 'ljillson@rantouch.com');
INSERT INTO Customer (customer_ID, address_street, address_city, address_state, address_postal, phone_number, email_address) VALUES ('67-7936515', '5627 9-street', 'Detroit', 'MI', '61623', '1360195709', 'mmaclead@donware.com');
INSERT INTO Customer (customer_ID, address_street, address_city, address_state, address_postal, phone_number, email_address) VALUES ('575329711', '3115 4-street', 'Scottsdale', 'NV', '80154', '1829717985', 'phellickson@newex.com');
INSERT INTO Customer (customer_ID, address_street, address_city, address_state, address_postal, phone_number, email_address) VALUES ('519824004', '4116 2-street', 'Durham', 'WI', '30777', '1065973398', 'Null');
INSERT INTO Customer (customer_ID, address_street, address_city, address_state, address_postal, phone_number, email_address) VALUES ('40-6460369', '476 5-street', 'Norfolk', 'NC', '48363', '4971680691', 'cgabisi@donware.com');
INSERT INTO Customer (customer_ID, address_street, address_city, address_state, address_postal, phone_number, email_address) VALUES ('988602508', '1766 21-street', 'Wichita', 'TX', '79435', '5100376271', 'spedrozo@hatfan.com');
INSERT INTO Customer (customer_ID, address_street, address_city, address_state, address_postal, phone_number, email_address) VALUES ('631146418', '7255 2-street', 'Glendale', 'TX', '89764', '8957338465', 'tinouye@funholding.com');
INSERT INTO Customer (customer_ID, address_street, address_city, address_state, address_postal, phone_number, email_address) VALUES ('86-8715602', '1225 15-street', 'Cleveland', 'KS', '51767', '4718973627', 'gcolla@labdrill.com');
INSERT INTO Customer (customer_ID, address_street, address_city, address_state, address_postal, phone_number, email_address) VALUES ('692263332', '2234 17-street', 'Scottsdale', 'NV', '05516', '9735298119', 'wbevelacqua@ron-tech.com');
INSERT INTO Customer (customer_ID, address_street, address_city, address_state, address_postal, phone_number, email_address) VALUES ('283775388', '6871 19-street', 'North Las Vegas', 'CA', '43987', '1228086232', 'twaycott@blackzim.com');
INSERT INTO Customer (customer_ID, address_street, address_city, address_state, address_postal, phone_number, email_address) VALUES ('874758244', '6803 19-street', 'Lincoln', 'NY', '02323', '7834697624', 'gfortino@mathtouch.com');
INSERT INTO Customer (customer_ID, address_street, address_city, address_state, address_postal, phone_number, email_address) VALUES ('694670985', '7066 15-street', 'Lincoln', 'NY', '95862', '9300943920', 'lhirpara@betasoloin.com');
INSERT INTO Customer (customer_ID, address_street, address_city, address_state, address_postal, phone_number, email_address) VALUES ('672131657', '7285 4-street', 'Nashville-Davidson', 'MD', '53017', '1683483128', 'ecolaizzo@ontomedia.com');
INSERT INTO Customer (customer_ID, address_street, address_city, address_state, address_postal, phone_number, email_address) VALUES ('697442617', '5888 11-street', 'Phoenix', 'AZ', '82782', '0466313928', 'cangalich@finjob.com');
INSERT INTO Customer (customer_ID, address_street, address_city, address_state, address_postal, phone_number, email_address) VALUES ('454486466', '6778 20-street', 'Riverside', 'TX', '65345', '1170490673', 'lcaiafa@hatfan.com');
INSERT INTO Customer (customer_ID, address_street, address_city, address_state, address_postal, phone_number, email_address) VALUES ('917146407', '9964 20-street', 'Chicago', 'IL', '33071', '4670088336', 'abatman@zoomit.com');
INSERT INTO Customer (customer_ID, address_street, address_city, address_state, address_postal, phone_number, email_address) VALUES ('047228901', '3254 20-street', 'Laredo', 'VA', '35785', '9549972497', 'lbartolet@sunnamplex.com');
INSERT INTO Customer (customer_ID, address_street, address_city, address_state, address_postal, phone_number, email_address) VALUES ('18-0557460', '5460 11-street', 'Orlando', 'FL', '03486', '5860954236', 'egrenet@warephase.com');
INSERT INTO Customer (customer_ID, address_street, address_city, address_state, address_postal, phone_number, email_address) VALUES ('532449344', '170 20-street', 'Houston', 'TX', '09323', '3651069525', 'rkeneipp@dambase.com');
INSERT INTO Customer (customer_ID, address_street, address_city, address_state, address_postal, phone_number, email_address) VALUES ('203112624', '8328 5-street', 'Aurora', 'CA', '33074', '1139247686', 'cjulia@sunnamplex.com');
INSERT INTO Customer (customer_ID, address_street, address_city, address_state, address_postal, phone_number, email_address) VALUES ('633816225', '7949 14-street', 'Charlotte', 'NC', '20612', '7184552301', 'rhirpara@bioplex.com');
INSERT INTO Customer (customer_ID, address_street, address_city, address_state, address_postal, phone_number, email_address) VALUES ('181883107', '2742 21-street', 'Lubbock', 'CA', '28783', '9361882633', 'mtoyama@green-plus.com');
INSERT INTO Customer (customer_ID, address_street, address_city, address_state, address_postal, phone_number, email_address) VALUES ('002868452', '4288 12-street', 'San Jose', 'CA', '88277', '7523122488', 'wpadilla@green-plus.com');
INSERT INTO Customer (customer_ID, address_street, address_city, address_state, address_postal, phone_number, email_address) VALUES ('44-6640568', '4602 11-street', 'Tucson', 'CA', '93494', '1736670821', 'lgobern@sonron.com');
INSERT INTO Customer (customer_ID, address_street, address_city, address_state, address_postal, phone_number, email_address) VALUES ('325090516', '3030 7-street', 'Chula Vista', 'IN', '60782', '5853737277', 'choneywell@kinnamplus.com');
INSERT INTO Customer (customer_ID, address_street, address_city, address_state, address_postal, phone_number, email_address) VALUES ('649248115', '5656 18-street', 'Washington', 'MA', '12323', '1371553680', 'abrachle@plusstrip.com');
INSERT INTO Customer (customer_ID, address_street, address_city, address_state, address_postal, phone_number, email_address) VALUES ('64-3263338', '1340 7-street', 'Albuquerque', 'AZ', '73260', '1454034961', 'tlouissant@iselectrics.com');
INSERT INTO Customer (customer_ID, address_street, address_city, address_state, address_postal, phone_number, email_address) VALUES ('914475403', '2995 19-street', 'Pittsburgh', 'AK', '07666', '2425224163', 'cherritt@y-corporation.com');
INSERT INTO Customer (customer_ID, address_street, address_city, address_state, address_postal, phone_number, email_address) VALUES ('980497412', '1344 18-street', 'Lexington-Fayette', 'PA', '09749', '2816091712', 'Null');
INSERT INTO Customer (customer_ID, address_street, address_city, address_state, address_postal, phone_number, email_address) VALUES ('031943406', '1559 16-street', 'Mesa', 'VA', '90391', '5817397533', 'vnachor@bioplex.com');
INSERT INTO Customer (customer_ID, address_street, address_city, address_state, address_postal, phone_number, email_address) VALUES ('585189026', '4731 20-street', 'Orlando', 'FL', '00030', '5459856318', 'dskulski@streethex.com');
INSERT INTO Customer (customer_ID, address_street, address_city, address_state, address_postal, phone_number, email_address) VALUES ('68-5291728', '2915 20-street', 'Columbus', 'OH', '37850', '0633110271', 'tscipione@scottech.com');
INSERT INTO Customer (customer_ID, address_street, address_city, address_state, address_postal, phone_number, email_address) VALUES ('106986447', '5492 6-street', 'North Las Vegas', 'CA', '57193', '2210641884', 'sdiscipio@plexzap.com');
INSERT INTO Customer (customer_ID, address_street, address_city, address_state, address_postal, phone_number, email_address) VALUES ('83-4769864', '1275 14-street', 'Omaha', 'NC', '47297', '4877441825', 'sragel@warephase.com');
INSERT INTO Customer (customer_ID, address_street, address_city, address_state, address_postal, phone_number, email_address) VALUES ('053642897', '1128 20-street', 'Corpus Christi', 'KY', '51984', '7656037594', 'cpatak@rangreen.com');
INSERT INTO Customer (customer_ID, address_street, address_city, address_state, address_postal, phone_number, email_address) VALUES ('891133996', '6436 9-street', 'Austin', 'TX', '74576', '3640546629', 'hkiel@funholding.com');
INSERT INTO Customer (customer_ID, address_street, address_city, address_state, address_postal, phone_number, email_address) VALUES ('860241229', '1051 11-street', 'Henderson', 'NE', '14871', '0789548438', 'asarbacher@rantouch.com');
INSERT INTO Customer (customer_ID, address_street, address_city, address_state, address_postal, phone_number, email_address) VALUES ('778214839', '7990 7-street', 'Bakersfield', 'FL', '66507', '2578818329', 'Null');
INSERT INTO Customer (customer_ID, address_street, address_city, address_state, address_postal, phone_number, email_address) VALUES ('847939559', '4176 10-street', 'Greensboro', 'NJ', '43728', '5884244384', 'jcork@mathtouch.com');
INSERT INTO Customer (customer_ID, address_street, address_city, address_state, address_postal, phone_number, email_address) VALUES ('17-1405708', '2766 21-street', 'New Orleans', 'CA', '77790', '6470583951', 'karceo@lexiqvolax.com');
INSERT INTO Customer (customer_ID, address_street, address_city, address_state, address_postal, phone_number, email_address) VALUES ('157634981', '6332 9-street', 'Chandler', 'TX', '72672', '6904100398', 'gisaacs@konex.com');
INSERT INTO Customer (customer_ID, address_street, address_city, address_state, address_postal, phone_number, email_address) VALUES ('48-0436640', '9101 18-street', 'Baltimore', 'OK', '66069', '5816060179', 'dcoody@scotfind.com');
INSERT INTO Customer (customer_ID, address_street, address_city, address_state, address_postal, phone_number, email_address) VALUES ('491580595', '3462 14-street', 'Jacksonville', 'FL', '29229', '9460669923', 'tfrey@ganjaflex.com');
INSERT INTO Customer (customer_ID, address_street, address_city, address_state, address_postal, phone_number, email_address) VALUES ('740611372', '1586 2-street', 'Columbus', 'OH', '99247', '3636283568', 'ghoa@zathunicon.com');
INSERT INTO Customer (customer_ID, address_street, address_city, address_state, address_postal, phone_number, email_address) VALUES ('395276449', '8694 7-street', 'Corpus Christi', 'KY', '59453', '1312148301', 'snachor@silis.com');
INSERT INTO Customer (customer_ID, address_street, address_city, address_state, address_postal, phone_number, email_address) VALUES ('71-5402425', '5010 2-street', 'Riverside', 'TX', '38148', '8357046407', 'ckalafatis@groovestreet.com');
INSERT INTO Customer (customer_ID, address_street, address_city, address_state, address_postal, phone_number, email_address) VALUES ('812418597', '2262 3-street', 'Tucson', 'CA', '74983', '2245683180', 'Null');
INSERT INTO Customer (customer_ID, address_street, address_city, address_state, address_postal, phone_number, email_address) VALUES ('138971205', '8852 18-street', 'Laredo', 'VA', '36739', '9101208590', 'nbennick@dambase.com');
INSERT INTO Customer (customer_ID, address_street, address_city, address_state, address_postal, phone_number, email_address) VALUES ('06-7755958', '4647 15-street', 'Long Beach', 'MO', '62083', '1656462420', 'rparlato@dalttechnology.com');
INSERT INTO Customer (customer_ID, address_street, address_city, address_state, address_postal, phone_number, email_address) VALUES ('575054568', '8858 10-street', 'Anaheim', 'CA', '37264', '5398417387', 'bwildfong@betasoloin.com');
INSERT INTO Customer (customer_ID, address_street, address_city, address_state, address_postal, phone_number, email_address) VALUES ('89-1541922', '6534 19-street', 'Jacksonville', 'FL', '29411', '2998736534', 'jjurney@hatfan.com');
INSERT INTO Customer (customer_ID, address_street, address_city, address_state, address_postal, phone_number, email_address) VALUES ('524692391', '7757 6-street', 'St. Louis', 'CA', '44315', '5770807007', 'asaulter@ontomedia.com');
INSERT INTO Customer (customer_ID, address_street, address_city, address_state, address_postal, phone_number, email_address) VALUES ('704558763', '6308 19-street', 'Houston', 'TX', '40775', '8110824457', 'gmanno@dalttechnology.com');
INSERT INTO Customer (customer_ID, address_street, address_city, address_state, address_postal, phone_number, email_address) VALUES ('190151970', '7631 13-street', 'Pittsburgh', 'AK', '41110', '8937210775', 'mbrucato@golddex.com');
INSERT INTO Customer (customer_ID, address_street, address_city, address_state, address_postal, phone_number, email_address) VALUES ('033375455', '7849 7-street', 'Baltimore', 'OK', '78181', '0894483222', 'rgarufi@zathunicon.com');
INSERT INTO Customer (customer_ID, address_street, address_city, address_state, address_postal, phone_number, email_address) VALUES ('983685043', '3021 16-street', 'Fort Wayne', 'FL', '03326', '0912394561', 'vvenere@rantouch.com');
INSERT INTO Customer (customer_ID, address_street, address_city, address_state, address_postal, phone_number, email_address) VALUES ('00-6502052', '3502 17-street', 'Gilbert', 'LA', '52923', '4721650051', 'bstem@rundofase.com');
INSERT INTO Customer (customer_ID, address_street, address_city, address_state, address_postal, phone_number, email_address) VALUES ('79-8921658', '4464 21-street', 'St. Petersburg', 'AZ', '97269', '5360709407', 'edickerson@doncon.com');
INSERT INTO Customer (customer_ID, address_street, address_city, address_state, address_postal, phone_number, email_address) VALUES ('416352320', '1864 13-street', 'Honolulu', 'CO', '84683', '9782069156', 'smadarang@zathunicon.com');
INSERT INTO Customer (customer_ID, address_street, address_city, address_state, address_postal, phone_number, email_address) VALUES ('629812240', '2013 5-street', 'Chula Vista', 'IN', '26861', '2590705365', 'Null');
INSERT INTO Customer (customer_ID, address_street, address_city, address_state, address_postal, phone_number, email_address) VALUES ('566053758', '709 20-street', 'Oklahoma City', 'KY', '09862', '4898052609', 'Null');
INSERT INTO Customer (customer_ID, address_street, address_city, address_state, address_postal, phone_number, email_address) VALUES ('766904975', '4409 5-street', 'Greensboro', 'NJ', '65575', '1091442540', 'dbubash@xx-zobam.com');
INSERT INTO Customer (customer_ID, address_street, address_city, address_state, address_postal, phone_number, email_address) VALUES ('938929270', '1690 21-street', 'Chicago', 'IL', '02764', '3180161472', 'ngalam@goodsilron.com');
INSERT INTO Customer (customer_ID, address_street, address_city, address_state, address_postal, phone_number, email_address) VALUES ('755152368', '1417 19-street', 'Orlando', 'FL', '45362', '9632103750', 'islayton@zoomit.com');
INSERT INTO Customer (customer_ID, address_street, address_city, address_state, address_postal, phone_number, email_address) VALUES ('86-1158388', '324 16-street', 'Reno', 'VA', '69321', '9462400244', 'ccartan@ganjaflex.com');
INSERT INTO Customer (customer_ID, address_street, address_city, address_state, address_postal, phone_number, email_address) VALUES ('95-5155656', '7965 9-street', 'Denver', 'CO', '07849', '7173343631', 'swalthall@finhigh.com');
INSERT INTO Customer (customer_ID, address_street, address_city, address_state, address_postal, phone_number, email_address) VALUES ('876465935', '6833 8-street', 'Baton Rouge', 'TX', '91877', '7265804718', 'lsamu@donware.com');
INSERT INTO Customer (customer_ID, address_street, address_city, address_state, address_postal, phone_number, email_address) VALUES ('072491401', '6007 9-street', 'Cincinnati', 'MN', '55865', '0140474758', 'jlungren@rantouch.com');
INSERT INTO Customer (customer_ID, address_street, address_city, address_state, address_postal, phone_number, email_address) VALUES ('025917237', '3080 1-street', 'Henderson', 'NE', '23536', '1680502564', 'Null');
INSERT INTO Customer (customer_ID, address_street, address_city, address_state, address_postal, phone_number, email_address) VALUES ('17-0197151', '1999 21-street', 'Toledo', 'NC', '57121', '6998516544', 'csuffield@hottechi.com');
INSERT INTO Customer (customer_ID, address_street, address_city, address_state, address_postal, phone_number, email_address) VALUES ('538226089', '7336 9-street', 'Colorado Springs', 'NE', '64546', '3644549302', 'Null');
INSERT INTO Customer (customer_ID, address_street, address_city, address_state, address_postal, phone_number, email_address) VALUES ('746564763', '3555 7-street', 'Gilbert', 'LA', '42364', '0891392619', 'qmyricks@lexiqvolax.com');
INSERT INTO Customer (customer_ID, address_street, address_city, address_state, address_postal, phone_number, email_address) VALUES ('590937909', '8477 7-street', 'Milwaukee', 'NM', '27975', '1164666320', 'cmaile@isdom.com');
INSERT INTO Customer (customer_ID, address_street, address_city, address_state, address_postal, phone_number, email_address) VALUES ('595283241', '1139 2-street', 'Greensboro', 'NJ', '46034', '1738841851', 'kgalam@dontechi.com');
INSERT INTO Customer (customer_ID, address_street, address_city, address_state, address_postal, phone_number, email_address) VALUES ('615376231', '859 6-street', 'Irving', 'AZ', '05261', '4827078697', 'ebartolet@finhigh.com');
INSERT INTO Customer (customer_ID, address_street, address_city, address_state, address_postal, phone_number, email_address) VALUES ('626322844', '1191 10-street', 'Washington', 'MA', '46293', '6888098156', 'eboord@ron-tech.com');
INSERT INTO Customer (customer_ID, address_street, address_city, address_state, address_postal, phone_number, email_address) VALUES ('29-1505280', '4698 6-street', 'Corpus Christi', 'KY', '72436', '5156905147', 'deschberger@statholdings.com');
INSERT INTO Customer (customer_ID, address_street, address_city, address_state, address_postal, phone_number, email_address) VALUES ('101246549', '2138 12-street', 'Austin', 'TX', '71766', '3691474461', 'jemigh@betatech.com');
INSERT INTO Customer (customer_ID, address_street, address_city, address_state, address_postal, phone_number, email_address) VALUES ('589074337', '9216 13-street', 'Kansas City', 'AZ', '52004', '9946910668', 'choa@plexzap.com');
INSERT INTO Customer (customer_ID, address_street, address_city, address_state, address_postal, phone_number, email_address) VALUES ('811807619', '5984 5-street', 'Laredo', 'VA', '38037', '5588433280', 'lworlds@rantouch.com');
INSERT INTO Customer (customer_ID, address_street, address_city, address_state, address_postal, phone_number, email_address) VALUES ('580630500', '8100 12-street', 'Aurora', 'CA', '04907', '1085130712', 'tnicolozakes@finhigh.com');
INSERT INTO Customer (customer_ID, address_street, address_city, address_state, address_postal, phone_number, email_address) VALUES ('355956538', '6243 5-street', 'Milwaukee', 'NM', '08322', '4866189416', 'jfallick@donware.com');
INSERT INTO Customer (customer_ID, address_street, address_city, address_state, address_postal, phone_number, email_address) VALUES ('954824113', '6746 21-street', 'Toledo', 'NC', '90406', '1185192050', 'acolla@plusstrip.com');
INSERT INTO Customer (customer_ID, address_street, address_city, address_state, address_postal, phone_number, email_address) VALUES ('845147047', '5253 16-street', 'Baton Rouge', 'TX', '43477', '0561693076', 'bpoquette@konmatfix.com');
INSERT INTO Customer (customer_ID, address_street, address_city, address_state, address_postal, phone_number, email_address) VALUES ('666306027', '1696 2-street', 'Memphis', 'TN', '52375', '4148871198', 'Null');
INSERT INTO Customer (customer_ID, address_street, address_city, address_state, address_postal, phone_number, email_address) VALUES ('80-4908519', '4020 8-street', 'St. Petersburg', 'AZ', '15980', '6780912020', 'ewieser@domzoom.com');
INSERT INTO Customer (customer_ID, address_street, address_city, address_state, address_postal, phone_number, email_address) VALUES ('114811225', '4150 4-street', 'Pittsburgh', 'AK', '02605', '9141180102', 'amenter@dontechi.com');
INSERT INTO Customer (customer_ID, address_street, address_city, address_state, address_postal, phone_number, email_address) VALUES ('381212216', '3007 13-street', 'Tucson', 'CA', '29762', '1042423679', 'msteier@blackzim.com');
INSERT INTO Customer (customer_ID, address_street, address_city, address_state, address_postal, phone_number, email_address) VALUES ('116667329', '400 18-street', 'Oakland', 'MN', '95206', '2429468099', 'lcaiafa@hottechi.com');
INSERT INTO Customer (customer_ID, address_street, address_city, address_state, address_postal, phone_number, email_address) VALUES ('725273337', '7898 9-street', 'Seattle', 'WA', '22486', '1445992122', 'tjuhas@donware.com');
INSERT INTO Customer (customer_ID, address_street, address_city, address_state, address_postal, phone_number, email_address) VALUES ('480355246', '1368 12-street', 'Lincoln', 'NY', '52183', '6640212513', 'jandreason@y-corporation.com');
INSERT INTO Customer (customer_ID, address_street, address_city, address_state, address_postal, phone_number, email_address) VALUES ('921649804', '8350 8-street', 'Fort Wayne', 'FL', '68545', '7403437771', 'eacey@scottech.com');
INSERT INTO Customer (customer_ID, address_street, address_city, address_state, address_postal, phone_number, email_address) VALUES ('624839974', '4169 7-street', 'Tucson', 'CA', '70705', '5476869742', 'scraghead@openlane.com');
INSERT INTO Customer (customer_ID, address_street, address_city, address_state, address_postal, phone_number, email_address) VALUES ('316142239', '9410 15-street', 'Winston-Salem', 'AZ', '15566', '0807831543', 'Null');
INSERT INTO Customer (customer_ID, address_street, address_city, address_state, address_postal, phone_number, email_address) VALUES ('945585317', '1801 5-street', 'Chula Vista', 'IN', '23961', '6183733378', 'shagele@doncon.com');
INSERT INTO Customer (customer_ID, address_street, address_city, address_state, address_postal, phone_number, email_address) VALUES ('031342737', '9394 2-street', 'Honolulu', 'CO', '42779', '9414870716', 'cmalvin@iselectrics.com');
INSERT INTO Customer (customer_ID, address_street, address_city, address_state, address_postal, phone_number, email_address) VALUES ('265126799', '7462 9-street', 'Santa Ana', 'MO', '23676', '4992856343', 'bcetta@golddex.com');
INSERT INTO Customer (customer_ID, address_street, address_city, address_state, address_postal, phone_number, email_address) VALUES ('934237940', '9741 13-street', 'San Diego', 'CA', '91866', '8700582840', 'dflosi@zumgoity.com');
INSERT INTO Customer (customer_ID, address_street, address_city, address_state, address_postal, phone_number, email_address) VALUES ('249565760', '6552 9-street', 'San Antonio', 'TX', '32991', '7843930217', 'gburnard@funholding.com');
INSERT INTO Customer (customer_ID, address_street, address_city, address_state, address_postal, phone_number, email_address) VALUES ('043141609', '7018 21-street', 'Lincoln', 'NY', '96572', '1857536899', 'mpatak@year-job.com');
INSERT INTO Customer (customer_ID, address_street, address_city, address_state, address_postal, phone_number, email_address) VALUES ('500034298', '1818 20-street', 'Kansas City', 'AZ', '86282', '5200501532', 'eauffrey@zumgoity.com');
INSERT INTO Customer (customer_ID, address_street, address_city, address_state, address_postal, phone_number, email_address) VALUES ('52-6591460', '292 14-street', 'Memphis', 'TN', '59465', '1381326307', 'jcaiafa@ganjaflex.com');
INSERT INTO Customer (customer_ID, address_street, address_city, address_state, address_postal, phone_number, email_address) VALUES ('006351430', '9919 6-street', 'Chesapeake', 'AZ', '91084', '1928906250', 'lschieler@statholdings.com');
INSERT INTO Customer (customer_ID, address_street, address_city, address_state, address_postal, phone_number, email_address) VALUES ('003094340', '2427 7-street', 'Baton Rouge', 'TX', '59955', '9248738221', 'Null');
INSERT INTO Customer (customer_ID, address_street, address_city, address_state, address_postal, phone_number, email_address) VALUES ('307192832', '9679 8-street', 'Louisville/Jefferson County', 'OR', '45939', '3155096067', 'hrowling@j-texon.com');
INSERT INTO Customer (customer_ID, address_street, address_city, address_state, address_postal, phone_number, email_address) VALUES ('45-7885161', '2363 3-street', 'St. Petersburg', 'AZ', '36269', '3129454753', 'rangalich@plussunin.com');
INSERT INTO Customer (customer_ID, address_street, address_city, address_state, address_postal, phone_number, email_address) VALUES ('565447868', '8093 5-street', 'Jersey City', 'CA', '29707', '1100081754', 'csemidey@bioholding.com');
INSERT INTO Customer (customer_ID, address_street, address_city, address_state, address_postal, phone_number, email_address) VALUES ('630990970', '7989 6-street', 'Corpus Christi', 'KY', '63342', '4639604962', 'nklusman@zathunicon.com');
INSERT INTO Customer (customer_ID, address_street, address_city, address_state, address_postal, phone_number, email_address) VALUES ('489738648', '4286 11-street', 'Jacksonville', 'FL', '53316', '6864458521', 'chanafan@y-corporation.com');
INSERT INTO Customer (customer_ID, address_street, address_city, address_state, address_postal, phone_number, email_address) VALUES ('156194593', '4277 17-street', 'Tampa', 'HI', '19328', '0917059764', 'fshire@zathunicon.com');
INSERT INTO Customer (customer_ID, address_street, address_city, address_state, address_postal, phone_number, email_address) VALUES ('190389930', '1812 14-street', 'Fort Wayne', 'FL', '50658', '6857343040', 'mlapage@bioplex.com');
INSERT INTO Customer (customer_ID, address_street, address_city, address_state, address_postal, phone_number, email_address) VALUES ('91-3927038', '3487 7-street', 'Boise City', 'VA', '31691', '3639590854', 'tmcrae@treequote.com');
INSERT INTO Customer (customer_ID, address_street, address_city, address_state, address_postal, phone_number, email_address) VALUES ('559983722', '6465 17-street', 'Riverside', 'TX', '60274', '1932234236', 'cabdallah@zathunicon.com');
INSERT INTO Customer (customer_ID, address_street, address_city, address_state, address_postal, phone_number, email_address) VALUES ('843028835', '6040 20-street', 'Tampa', 'HI', '65376', '4377547326', 'imenter@conecom.com');
INSERT INTO Customer (customer_ID, address_street, address_city, address_state, address_postal, phone_number, email_address) VALUES ('139932987', '6944 13-street', 'San Jose', 'CA', '06000', '7786444243', 'mradde@funholding.com');
INSERT INTO Customer (customer_ID, address_street, address_city, address_state, address_postal, phone_number, email_address) VALUES ('80-4412234', '761 5-street', 'Nashville-Davidson', 'MD', '49844', '8232967628', 'lgillaspie@faxquote.com');

-- Inserting Individual
INSERT INTO Individual (SSN, first_name, last_name, customer_ID) VALUES ('753836489', 'Raul', 'Mirafuentes', '753836489');
INSERT INTO Individual (SSN, first_name, last_name, customer_ID) VALUES ('784939607', 'Georgene', 'Riopelle', '784939607');
INSERT INTO Individual (SSN, first_name, last_name, customer_ID) VALUES ('147820188', 'Eladia', 'Duenas', '147820188');
INSERT INTO Individual (SSN, first_name, last_name, customer_ID) VALUES ('722473507', 'Ty', 'Hauenstein', '722473507');
INSERT INTO Individual (SSN, first_name, last_name, customer_ID) VALUES ('009295495', 'Thurman', 'Frankel', '009295495');
INSERT INTO Individual (SSN, first_name, last_name, customer_ID) VALUES ('850547815', 'Clorinda', 'Paulas', '850547815');
INSERT INTO Individual (SSN, first_name, last_name, customer_ID) VALUES ('392747745', 'Brandon', 'Schieler', '392747745');
INSERT INTO Individual (SSN, first_name, last_name, customer_ID) VALUES ('377287634', 'Mattie', 'Tagala', '377287634');
INSERT INTO Individual (SSN, first_name, last_name, customer_ID) VALUES ('161721159', 'Adell', 'Chui', '161721159');
INSERT INTO Individual (SSN, first_name, last_name, customer_ID) VALUES ('436570412', 'Georgene', 'Maillard', '436570412');
INSERT INTO Individual (SSN, first_name, last_name, customer_ID) VALUES ('613205626', 'Alyce', 'Matuszak', '613205626');
INSERT INTO Individual (SSN, first_name, last_name, customer_ID) VALUES ('313904048', 'Sheron', 'Bowley', '313904048');
INSERT INTO Individual (SSN, first_name, last_name, customer_ID) VALUES ('018533690', 'Roselle', 'Castros', '018533690');
INSERT INTO Individual (SSN, first_name, last_name, customer_ID) VALUES ('089829172', 'Lawrence', 'Chui', '089829172');
INSERT INTO Individual (SSN, first_name, last_name, customer_ID) VALUES ('159645355', 'Nan', 'Cryer', '159645355');
INSERT INTO Individual (SSN, first_name, last_name, customer_ID) VALUES ('279776839', 'Carin', 'Theodorov', '279776839');
INSERT INTO Individual (SSN, first_name, last_name, customer_ID) VALUES ('079459924', 'Fannie', 'Dubaldi', '079459924');
INSERT INTO Individual (SSN, first_name, last_name, customer_ID) VALUES ('965594555', 'Glendora', 'Rhoden', '965594555');
INSERT INTO Individual (SSN, first_name, last_name, customer_ID) VALUES ('824643871', 'Fletcher', 'Maillard', '824643871');
INSERT INTO Individual (SSN, first_name, last_name, customer_ID) VALUES ('563576825', 'Caitlin', 'Parlato', '563576825');
INSERT INTO Individual (SSN, first_name, last_name, customer_ID) VALUES ('421317175', 'Marvel', 'Modzelewski', '421317175');
INSERT INTO Individual (SSN, first_name, last_name, customer_ID) VALUES ('131693048', 'Joanna', 'Bookamer', '131693048');
INSERT INTO Individual (SSN, first_name, last_name, customer_ID) VALUES ('202765813', 'Denise', 'Stockham', '202765813');
INSERT INTO Individual (SSN, first_name, last_name, customer_ID) VALUES ('625257885', 'Jaclyn', 'Shire', '625257885');
INSERT INTO Individual (SSN, first_name, last_name, customer_ID) VALUES ('329866577', 'Claribel', 'Funnell', '329866577');
INSERT INTO Individual (SSN, first_name, last_name, customer_ID) VALUES ('122131537', 'Jesusita', 'Klusman', '122131537');
INSERT INTO Individual (SSN, first_name, last_name, customer_ID) VALUES ('903089507', 'Selma', 'Good', '903089507');
INSERT INTO Individual (SSN, first_name, last_name, customer_ID) VALUES ('949050865', 'Glory', 'Cork', '949050865');
INSERT INTO Individual (SSN, first_name, last_name, customer_ID) VALUES ('084398382', 'Lorean', 'Keetch', '084398382');
INSERT INTO Individual (SSN, first_name, last_name, customer_ID) VALUES ('168032201', 'Hillary', 'Colla', '168032201');
INSERT INTO Individual (SSN, first_name, last_name, customer_ID) VALUES ('904213466', 'Minna', 'Fredicks', '904213466');
INSERT INTO Individual (SSN, first_name, last_name, customer_ID) VALUES ('410614165', 'Buddy', 'Dhamer', '410614165');
INSERT INTO Individual (SSN, first_name, last_name, customer_ID) VALUES ('823731374', 'Lilli', 'Mulqueen', '823731374');
INSERT INTO Individual (SSN, first_name, last_name, customer_ID) VALUES ('977074594', 'Art', 'Auber', '977074594');
INSERT INTO Individual (SSN, first_name, last_name, customer_ID) VALUES ('591437032', 'Sylvie', 'Benimadho', '591437032');
INSERT INTO Individual (SSN, first_name, last_name, customer_ID) VALUES ('482826267', 'Selma', 'Sama', '482826267');
INSERT INTO Individual (SSN, first_name, last_name, customer_ID) VALUES ('871506293', 'Gary', 'Whobrey', '871506293');
INSERT INTO Individual (SSN, first_name, last_name, customer_ID) VALUES ('058642805', 'Virgie', 'Pedrozo', '058642805');
INSERT INTO Individual (SSN, first_name, last_name, customer_ID) VALUES ('867022384', 'Theodora', 'Feichtner', '867022384');
INSERT INTO Individual (SSN, first_name, last_name, customer_ID) VALUES ('834838480', 'Jutta', 'Callaro', '834838480');
INSERT INTO Individual (SSN, first_name, last_name, customer_ID) VALUES ('087754715', 'Cory', 'Neither', '087754715');
INSERT INTO Individual (SSN, first_name, last_name, customer_ID) VALUES ('749527903', 'Selma', 'Cookey', '749527903');
INSERT INTO Individual (SSN, first_name, last_name, customer_ID) VALUES ('559840282', 'Leota', 'Kulzer', '559840282');
INSERT INTO Individual (SSN, first_name, last_name, customer_ID) VALUES ('289098127', 'Selma', 'Frey', '289098127');
INSERT INTO Individual (SSN, first_name, last_name, customer_ID) VALUES ('929692063', 'Audry', 'Rhym', '929692063');
INSERT INTO Individual (SSN, first_name, last_name, customer_ID) VALUES ('171523874', 'Rhea', 'Menter', '171523874');
INSERT INTO Individual (SSN, first_name, last_name, customer_ID) VALUES ('779146875', 'Rebecka', 'Keneipp', '779146875');
INSERT INTO Individual (SSN, first_name, last_name, customer_ID) VALUES ('061387114', 'Trinidad', 'Linahan', '061387114');
INSERT INTO Individual (SSN, first_name, last_name, customer_ID) VALUES ('682584187', 'Christiane', 'Good', '682584187');
INSERT INTO Individual (SSN, first_name, last_name, customer_ID) VALUES ('556570812', 'Diane', 'Lukasik', '556570812');
INSERT INTO Individual (SSN, first_name, last_name, customer_ID) VALUES ('963631015', 'Shonda', 'Schoeneck', '963631015');
INSERT INTO Individual (SSN, first_name, last_name, customer_ID) VALUES ('477077414', 'Keneth', 'Ankeny', '477077414');
INSERT INTO Individual (SSN, first_name, last_name, customer_ID) VALUES ('510679263', 'Carey', 'Ferencz', '510679263');
INSERT INTO Individual (SSN, first_name, last_name, customer_ID) VALUES ('804718897', 'Josephine', 'Schnitzler', '804718897');
INSERT INTO Individual (SSN, first_name, last_name, customer_ID) VALUES ('349754202', 'Merilyn', 'Frerking', '349754202');
INSERT INTO Individual (SSN, first_name, last_name, customer_ID) VALUES ('754703247', 'Gail', 'Rodenberger', '754703247');
INSERT INTO Individual (SSN, first_name, last_name, customer_ID) VALUES ('769826911', 'Deandrea', 'Eroman', '769826911');
INSERT INTO Individual (SSN, first_name, last_name, customer_ID) VALUES ('189578947', 'Kristeen', 'Stuer', '189578947');
INSERT INTO Individual (SSN, first_name, last_name, customer_ID) VALUES ('554682995', 'Lorrine', 'Harnos', '554682995');
INSERT INTO Individual (SSN, first_name, last_name, customer_ID) VALUES ('022691032', 'Kate', 'Mcrae', '022691032');
INSERT INTO Individual (SSN, first_name, last_name, customer_ID) VALUES ('531825735', 'Dominque', 'Mccullan', '531825735');
INSERT INTO Individual (SSN, first_name, last_name, customer_ID) VALUES ('749032405', 'France', 'Hiatt', '749032405');
INSERT INTO Individual (SSN, first_name, last_name, customer_ID) VALUES ('303794079', 'James', 'Wrinkles', '303794079');
INSERT INTO Individual (SSN, first_name, last_name, customer_ID) VALUES ('334676702', 'Junita', 'Schirpke', '334676702');
INSERT INTO Individual (SSN, first_name, last_name, customer_ID) VALUES ('275817531', 'Cristal', 'Menter', '275817531');
INSERT INTO Individual (SSN, first_name, last_name, customer_ID) VALUES ('586117167', 'Theodora', 'Lizama', '586117167');
INSERT INTO Individual (SSN, first_name, last_name, customer_ID) VALUES ('143539190', 'Yuki', 'Semidey', '143539190');
INSERT INTO Individual (SSN, first_name, last_name, customer_ID) VALUES ('575329711', 'Merlyn', 'Claucherty', '575329711');
INSERT INTO Individual (SSN, first_name, last_name, customer_ID) VALUES ('519824004', 'Lemuel', 'Suffield', '519824004');
INSERT INTO Individual (SSN, first_name, last_name, customer_ID) VALUES ('988602508', 'Daniela', 'Arceo', '988602508');
INSERT INTO Individual (SSN, first_name, last_name, customer_ID) VALUES ('631146418', 'Whitley', 'Eschberger', '631146418');
INSERT INTO Individual (SSN, first_name, last_name, customer_ID) VALUES ('692263332', 'Nelida', 'Angalich', '692263332');
INSERT INTO Individual (SSN, first_name, last_name, customer_ID) VALUES ('283775388', 'Mireya', 'Gwalthney', '283775388');
INSERT INTO Individual (SSN, first_name, last_name, customer_ID) VALUES ('874758244', 'Bobbye', 'Demesa', '874758244');
INSERT INTO Individual (SSN, first_name, last_name, customer_ID) VALUES ('694670985', 'Katina', 'Monarrez', '694670985');
INSERT INTO Individual (SSN, first_name, last_name, customer_ID) VALUES ('672131657', 'Jesusa', 'Sarbacher', '672131657');
INSERT INTO Individual (SSN, first_name, last_name, customer_ID) VALUES ('697442617', 'Fabiola', 'Saras', '697442617');
INSERT INTO Individual (SSN, first_name, last_name, customer_ID) VALUES ('454486466', 'Karl', 'Shinko', '454486466');
INSERT INTO Individual (SSN, first_name, last_name, customer_ID) VALUES ('917146407', 'Rebecka', 'Jacobos', '917146407');
INSERT INTO Individual (SSN, first_name, last_name, customer_ID) VALUES ('047228901', 'Melissa', 'Corbley', '047228901');
INSERT INTO Individual (SSN, first_name, last_name, customer_ID) VALUES ('532449344', 'Annmarie', 'Greenbush', '532449344');
INSERT INTO Individual (SSN, first_name, last_name, customer_ID) VALUES ('203112624', 'Lashandra', 'Scipione', '203112624');
INSERT INTO Individual (SSN, first_name, last_name, customer_ID) VALUES ('633816225', 'Valentine', 'Lipke', '633816225');
INSERT INTO Individual (SSN, first_name, last_name, customer_ID) VALUES ('181883107', 'Jade', 'Acey', '181883107');
INSERT INTO Individual (SSN, first_name, last_name, customer_ID) VALUES ('002868452', 'Elli', 'Monterrubio', '002868452');
INSERT INTO Individual (SSN, first_name, last_name, customer_ID) VALUES ('325090516', 'Kati', 'Kines', '325090516');
INSERT INTO Individual (SSN, first_name, last_name, customer_ID) VALUES ('649248115', 'Arminda', 'Centini', '649248115');
INSERT INTO Individual (SSN, first_name, last_name, customer_ID) VALUES ('914475403', 'Leonora', 'Flosi', '914475403');
INSERT INTO Individual (SSN, first_name, last_name, customer_ID) VALUES ('980497412', 'Georgene', 'Lindall', '980497412');
INSERT INTO Individual (SSN, first_name, last_name, customer_ID) VALUES ('031943406', 'Felix', 'Kiel', '031943406');
INSERT INTO Individual (SSN, first_name, last_name, customer_ID) VALUES ('585189026', 'Merilyn', 'Ennaco', '585189026');
INSERT INTO Individual (SSN, first_name, last_name, customer_ID) VALUES ('106986447', 'Carmela', 'Asar', '106986447');
INSERT INTO Individual (SSN, first_name, last_name, customer_ID) VALUES ('053642897', 'Vallie', 'Dickerson', '053642897');
INSERT INTO Individual (SSN, first_name, last_name, customer_ID) VALUES ('891133996', 'Pamella', 'Morocco', '891133996');
INSERT INTO Individual (SSN, first_name, last_name, customer_ID) VALUES ('860241229', 'Amber', 'Stuer', '860241229');
INSERT INTO Individual (SSN, first_name, last_name, customer_ID) VALUES ('778214839', 'Markus', 'Mai', '778214839');
INSERT INTO Individual (SSN, first_name, last_name, customer_ID) VALUES ('847939559', 'Nelida', 'Monarrez', '847939559');
INSERT INTO Individual (SSN, first_name, last_name, customer_ID) VALUES ('157634981', 'Felix', 'Gehrett', '157634981');
INSERT INTO Individual (SSN, first_name, last_name, customer_ID) VALUES ('491580595', 'Cecil', 'Kampa', '491580595');
INSERT INTO Individual (SSN, first_name, last_name, customer_ID) VALUES ('740611372', 'Thaddeus', 'Smith', '740611372');
INSERT INTO Individual (SSN, first_name, last_name, customer_ID) VALUES ('395276449', 'Whitley', 'Smith', '395276449');
INSERT INTO Individual (SSN, first_name, last_name, customer_ID) VALUES ('812418597', 'Fletcher', 'Semidey', '812418597');
INSERT INTO Individual (SSN, first_name, last_name, customer_ID) VALUES ('138971205', 'Mari', 'Pagliuca', '138971205');
INSERT INTO Individual (SSN, first_name, last_name, customer_ID) VALUES ('575054568', 'Simona', 'Tillotson', '575054568');
INSERT INTO Individual (SSN, first_name, last_name, customer_ID) VALUES ('524692391', 'Art', 'Ragel', '524692391');
INSERT INTO Individual (SSN, first_name, last_name, customer_ID) VALUES ('704558763', 'Novella', 'Upthegrove', '704558763');
INSERT INTO Individual (SSN, first_name, last_name, customer_ID) VALUES ('190151970', 'Yoko', 'Sergi', '190151970');
INSERT INTO Individual (SSN, first_name, last_name, customer_ID) VALUES ('033375455', 'Jina', 'Coody', '033375455');
INSERT INTO Individual (SSN, first_name, last_name, customer_ID) VALUES ('983685043', 'Bobbye', 'Storment', '983685043');
INSERT INTO Individual (SSN, first_name, last_name, customer_ID) VALUES ('416352320', 'Matthew', 'Adkin', '416352320');
INSERT INTO Individual (SSN, first_name, last_name, customer_ID) VALUES ('629812240', 'Frederica', 'Arias', '629812240');
INSERT INTO Individual (SSN, first_name, last_name, customer_ID) VALUES ('566053758', 'Glenna', 'Wieser', '566053758');
INSERT INTO Individual (SSN, first_name, last_name, customer_ID) VALUES ('766904975', 'Roselle', 'Sarao', '766904975');
INSERT INTO Individual (SSN, first_name, last_name, customer_ID) VALUES ('938929270', 'Cecilia', 'Chaffins', '938929270');
INSERT INTO Individual (SSN, first_name, last_name, customer_ID) VALUES ('755152368', 'Gracia', 'Stem', '755152368');
INSERT INTO Individual (SSN, first_name, last_name, customer_ID) VALUES ('876465935', 'Chaya', 'Heimann', '876465935');
INSERT INTO Individual (SSN, first_name, last_name, customer_ID) VALUES ('072491401', 'Jennifer', 'Farrar', '072491401');
INSERT INTO Individual (SSN, first_name, last_name, customer_ID) VALUES ('025917237', 'Cherry', 'Wenner', '025917237');
INSERT INTO Individual (SSN, first_name, last_name, customer_ID) VALUES ('538226089', 'Linn', 'Jurney', '538226089');
INSERT INTO Individual (SSN, first_name, last_name, customer_ID) VALUES ('746564763', 'Jesusita', 'Shadrick', '746564763');
INSERT INTO Individual (SSN, first_name, last_name, customer_ID) VALUES ('590937909', 'Christiane', 'Calvaresi', '590937909');
INSERT INTO Individual (SSN, first_name, last_name, customer_ID) VALUES ('595283241', 'Salena', 'Rhoden', '595283241');
INSERT INTO Individual (SSN, first_name, last_name, customer_ID) VALUES ('615376231', 'Justine', 'Rhymes', '615376231');
INSERT INTO Individual (SSN, first_name, last_name, customer_ID) VALUES ('626322844', 'Pete', 'Gotter', '626322844');
INSERT INTO Individual (SSN, first_name, last_name, customer_ID) VALUES ('101246549', 'Gracia', 'Rochin', '101246549');
INSERT INTO Individual (SSN, first_name, last_name, customer_ID) VALUES ('589074337', 'Lashaunda', 'Rim', '589074337');
INSERT INTO Individual (SSN, first_name, last_name, customer_ID) VALUES ('811807619', 'Joanna', 'Storment', '811807619');
INSERT INTO Individual (SSN, first_name, last_name, customer_ID) VALUES ('580630500', 'Goldie', 'Mconnell', '580630500');
INSERT INTO Individual (SSN, first_name, last_name, customer_ID) VALUES ('355956538', 'Lucy', 'Tolfree', '355956538');
INSERT INTO Individual (SSN, first_name, last_name, customer_ID) VALUES ('954824113', 'Chaya', 'Morasca', '954824113');
INSERT INTO Individual (SSN, first_name, last_name, customer_ID) VALUES ('845147047', 'Tyra', 'Glick', '845147047');
INSERT INTO Individual (SSN, first_name, last_name, customer_ID) VALUES ('666306027', 'Audra', 'Kines', '666306027');
INSERT INTO Individual (SSN, first_name, last_name, customer_ID) VALUES ('114811225', 'Cammy', 'Denooyer', '114811225');
INSERT INTO Individual (SSN, first_name, last_name, customer_ID) VALUES ('381212216', 'Tarra', 'Luczki', '381212216');
INSERT INTO Individual (SSN, first_name, last_name, customer_ID) VALUES ('116667329', 'Van', 'Harabedian', '116667329');
INSERT INTO Individual (SSN, first_name, last_name, customer_ID) VALUES ('725273337', 'Iluminada', 'Bevelacqua', '725273337');
INSERT INTO Individual (SSN, first_name, last_name, customer_ID) VALUES ('480355246', 'Leslie', 'Martabano', '480355246');
INSERT INTO Individual (SSN, first_name, last_name, customer_ID) VALUES ('921649804', 'Bulah', 'Malet', '921649804');
INSERT INTO Individual (SSN, first_name, last_name, customer_ID) VALUES ('624839974', 'Willow', 'Karpin', '624839974');
INSERT INTO Individual (SSN, first_name, last_name, customer_ID) VALUES ('316142239', 'Venita', 'Kannady', '316142239');
INSERT INTO Individual (SSN, first_name, last_name, customer_ID) VALUES ('945585317', 'Ernest', 'Linahan', '945585317');
INSERT INTO Individual (SSN, first_name, last_name, customer_ID) VALUES ('031342737', 'Ma', 'Tegarden', '031342737');
INSERT INTO Individual (SSN, first_name, last_name, customer_ID) VALUES ('265126799', 'Izetta', 'Radde', '265126799');
INSERT INTO Individual (SSN, first_name, last_name, customer_ID) VALUES ('934237940', 'Johnetta', 'Farrow', '934237940');
INSERT INTO Individual (SSN, first_name, last_name, customer_ID) VALUES ('249565760', 'Raul', 'Palaspas', '249565760');
INSERT INTO Individual (SSN, first_name, last_name, customer_ID) VALUES ('043141609', 'Clay', 'Spickerman', '043141609');
INSERT INTO Individual (SSN, first_name, last_name, customer_ID) VALUES ('500034298', 'Becky', 'Schmaltz', '500034298');
INSERT INTO Individual (SSN, first_name, last_name, customer_ID) VALUES ('006351430', 'Brittni', 'Dorshorst', '006351430');
INSERT INTO Individual (SSN, first_name, last_name, customer_ID) VALUES ('003094340', 'Chanel', 'Callaro', '003094340');
INSERT INTO Individual (SSN, first_name, last_name, customer_ID) VALUES ('307192832', 'Taryn', 'Benimadho', '307192832');
INSERT INTO Individual (SSN, first_name, last_name, customer_ID) VALUES ('565447868', 'Leonora', 'Rodeigues', '565447868');
INSERT INTO Individual (SSN, first_name, last_name, customer_ID) VALUES ('630990970', 'Earleen', 'Paskin', '630990970');
INSERT INTO Individual (SSN, first_name, last_name, customer_ID) VALUES ('489738648', 'Dottie', 'Wolny', '489738648');
INSERT INTO Individual (SSN, first_name, last_name, customer_ID) VALUES ('156194593', 'Evangelina', 'Rhym', '156194593');
INSERT INTO Individual (SSN, first_name, last_name, customer_ID) VALUES ('190389930', 'Ronny', 'Dorshorst', '190389930');
INSERT INTO Individual (SSN, first_name, last_name, customer_ID) VALUES ('559983722', 'Theola', 'Butt', '559983722');
INSERT INTO Individual (SSN, first_name, last_name, customer_ID) VALUES ('843028835', 'Raylene', 'Kusko', '843028835');
INSERT INTO Individual (SSN, first_name, last_name, customer_ID) VALUES ('139932987', 'Tegan', 'Cartan', '139932987');

-- Inserting Business
INSERT INTO Business (ITIN, primary_contact_first_name, primary_contact_last_name, primary_contact_title, business_name, customer_ID) VALUES ('48-2042583', 'Tegan', 'Blunk', 'Associate Manager R2', 'Y-corporation', '48-2042583');
INSERT INTO Business (ITIN, primary_contact_first_name, primary_contact_last_name, primary_contact_title, business_name, customer_ID) VALUES ('82-6754590', 'Lawrence', 'Agramonte', 'Associate Fellow M6', 'Sumace', '82-6754590');
INSERT INTO Business (ITIN, primary_contact_first_name, primary_contact_last_name, primary_contact_title, business_name, customer_ID) VALUES ('80-1084912', 'Caitlin', 'Miceli', 'Senior Scientist M7', 'Finjob', '80-1084912');
INSERT INTO Business (ITIN, primary_contact_first_name, primary_contact_last_name, primary_contact_title, business_name, customer_ID) VALUES ('21-6554083', 'Serina', 'Jeanty', 'Senior Manager R7', 'Dontechi', '21-6554083');
INSERT INTO Business (ITIN, primary_contact_first_name, primary_contact_last_name, primary_contact_title, business_name, customer_ID) VALUES ('73-2317837', 'Gail', 'Knipp', 'Manager R2', 'Nam-zim', '73-2317837');
INSERT INTO Business (ITIN, primary_contact_first_name, primary_contact_last_name, primary_contact_title, business_name, customer_ID) VALUES ('23-4661232', 'Tammara', 'Kaniecki', 'Executive Manager M6', 'Xx-zobam', '23-4661232');
INSERT INTO Business (ITIN, primary_contact_first_name, primary_contact_last_name, primary_contact_title, business_name, customer_ID) VALUES ('71-2329540', 'Quentin', 'Gillian', 'Scientist R8', 'Bioplex', '71-2329540');
INSERT INTO Business (ITIN, primary_contact_first_name, primary_contact_last_name, primary_contact_title, business_name, customer_ID) VALUES ('55-6187762', 'Lisha', 'Rauser', 'Director M8', 'Betasoloin', '55-6187762');
INSERT INTO Business (ITIN, primary_contact_first_name, primary_contact_last_name, primary_contact_title, business_name, customer_ID) VALUES ('62-1462808', 'Izetta', 'Hidvegi', 'Manager L2', 'Finhigh', '62-1462808');
INSERT INTO Business (ITIN, primary_contact_first_name, primary_contact_last_name, primary_contact_title, business_name, customer_ID) VALUES ('88-6885026', 'Gilma', 'Gillaspie', 'Director M6', 'Treequote', '88-6885026');
INSERT INTO Business (ITIN, primary_contact_first_name, primary_contact_last_name, primary_contact_title, business_name, customer_ID) VALUES ('52-6404326', 'Laurel', 'Dhamer', 'Manager R8', 'Zumgoity', '52-6404326');
INSERT INTO Business (ITIN, primary_contact_first_name, primary_contact_last_name, primary_contact_title, business_name, customer_ID) VALUES ('32-1594201', 'Tyra', 'Maclead', 'Senior Scientist R1', 'Cancity', '32-1594201');
INSERT INTO Business (ITIN, primary_contact_first_name, primary_contact_last_name, primary_contact_title, business_name, customer_ID) VALUES ('86-7493304', 'Mariann', 'Myricks', 'Associate Fellow M5', 'Rundofase', '86-7493304');
INSERT INTO Business (ITIN, primary_contact_first_name, primary_contact_last_name, primary_contact_title, business_name, customer_ID) VALUES ('00-3992833', 'Ettie', 'Fern', 'Researcher R5', 'Ontomedia', '00-3992833');
INSERT INTO Business (ITIN, primary_contact_first_name, primary_contact_last_name, primary_contact_title, business_name, customer_ID) VALUES ('97-1509095', 'Filiberto', 'Oldroyd', 'Senior Manager R8', 'Nam-zim', '97-1509095');
INSERT INTO Business (ITIN, primary_contact_first_name, primary_contact_last_name, primary_contact_title, business_name, customer_ID) VALUES ('43-5165225', 'Sheridan', 'Monterrubio', 'Researcher M2', 'Zotware', '43-5165225');
INSERT INTO Business (ITIN, primary_contact_first_name, primary_contact_last_name, primary_contact_title, business_name, customer_ID) VALUES ('24-0171065', 'Mattie', 'Marrier', 'Senior Manager M8', 'Hatfan', '24-0171065');
INSERT INTO Business (ITIN, primary_contact_first_name, primary_contact_last_name, primary_contact_title, business_name, customer_ID) VALUES ('89-5019355', 'Teddy', 'Sawchuk', 'Scientist M1', 'Sumace', '89-5019355');
INSERT INTO Business (ITIN, primary_contact_first_name, primary_contact_last_name, primary_contact_title, business_name, customer_ID) VALUES ('67-7936515', 'Arthur', 'Loader', 'Executive Manager R9', 'Plexzap', '67-7936515');
INSERT INTO Business (ITIN, primary_contact_first_name, primary_contact_last_name, primary_contact_title, business_name, customer_ID) VALUES ('40-6460369', 'Lashon', 'Bowley', 'Researcher M3', 'Betatech', '40-6460369');
INSERT INTO Business (ITIN, primary_contact_first_name, primary_contact_last_name, primary_contact_title, business_name, customer_ID) VALUES ('86-8715602', 'Simona', 'Poquette', 'Researcher M7', 'Betasoloin', '86-8715602');
INSERT INTO Business (ITIN, primary_contact_first_name, primary_contact_last_name, primary_contact_title, business_name, customer_ID) VALUES ('18-0557460', 'Louisa', 'Barfield', 'Senior Scientist L2', 'Finjob', '18-0557460');
INSERT INTO Business (ITIN, primary_contact_first_name, primary_contact_last_name, primary_contact_title, business_name, customer_ID) VALUES ('44-6640568', 'Joseph', 'Kitty', 'SalesRep R4', 'Finhigh', '44-6640568');
INSERT INTO Business (ITIN, primary_contact_first_name, primary_contact_last_name, primary_contact_title, business_name, customer_ID) VALUES ('64-3263338', 'Ilene', 'Ennaco', 'SalesRep R8', 'Iselectrics', '64-3263338');
INSERT INTO Business (ITIN, primary_contact_first_name, primary_contact_last_name, primary_contact_title, business_name, customer_ID) VALUES ('68-5291728', 'Geoffrey', 'Ventura', 'Director R2', 'Dalttechnology', '68-5291728');
INSERT INTO Business (ITIN, primary_contact_first_name, primary_contact_last_name, primary_contact_title, business_name, customer_ID) VALUES ('83-4769864', 'Keneth', 'Lindall', 'Manager L1', 'Yearin', '83-4769864');
INSERT INTO Business (ITIN, primary_contact_first_name, primary_contact_last_name, primary_contact_title, business_name, customer_ID) VALUES ('17-1405708', 'Laurel', 'Farrar', 'Senior Scientist L1', 'Konmatfix', '17-1405708');
INSERT INTO Business (ITIN, primary_contact_first_name, primary_contact_last_name, primary_contact_title, business_name, customer_ID) VALUES ('48-0436640', 'Brett', 'Sergi', 'Fellow L4', 'Doncon', '48-0436640');
INSERT INTO Business (ITIN, primary_contact_first_name, primary_contact_last_name, primary_contact_title, business_name, customer_ID) VALUES ('71-5402425', 'Melissa', 'Lipke', 'Director R4', 'Scottech', '71-5402425');
INSERT INTO Business (ITIN, primary_contact_first_name, primary_contact_last_name, primary_contact_title, business_name, customer_ID) VALUES ('06-7755958', 'Maile', 'Stockham', 'Scientist M9', 'Ganjaflex', '06-7755958');
INSERT INTO Business (ITIN, primary_contact_first_name, primary_contact_last_name, primary_contact_title, business_name, customer_ID) VALUES ('89-1541922', 'Benton', 'Cryer', 'Researcher M8', 'Betatech', '89-1541922');
INSERT INTO Business (ITIN, primary_contact_first_name, primary_contact_last_name, primary_contact_title, business_name, customer_ID) VALUES ('00-6502052', 'Pete', 'Chickering', 'Associate Director R6', 'Sunnamplex', '00-6502052');
INSERT INTO Business (ITIN, primary_contact_first_name, primary_contact_last_name, primary_contact_title, business_name, customer_ID) VALUES ('79-8921658', 'Ruthann', 'Demesa', 'Associate Fellow M9', 'Green-Plus', '79-8921658');
INSERT INTO Business (ITIN, primary_contact_first_name, primary_contact_last_name, primary_contact_title, business_name, customer_ID) VALUES ('86-1158388', 'Mattie', 'Mondella', 'Associate Fellow M1', 'Rangreen', '86-1158388');
INSERT INTO Business (ITIN, primary_contact_first_name, primary_contact_last_name, primary_contact_title, business_name, customer_ID) VALUES ('95-5155656', 'Shonda', 'Briddick', 'Fellow R1', 'Zencorporation', '95-5155656');
INSERT INTO Business (ITIN, primary_contact_first_name, primary_contact_last_name, primary_contact_title, business_name, customer_ID) VALUES ('17-0197151', 'Rozella', 'Morocco', 'Scientist M5', 'Codehow', '17-0197151');
INSERT INTO Business (ITIN, primary_contact_first_name, primary_contact_last_name, primary_contact_title, business_name, customer_ID) VALUES ('29-1505280', 'Vilma', 'Scheyer', 'Researcher R1', 'Finjob', '29-1505280');
INSERT INTO Business (ITIN, primary_contact_first_name, primary_contact_last_name, primary_contact_title, business_name, customer_ID) VALUES ('80-4908519', 'Samira', 'Bergesen', 'Director R3', 'Plussunin', '80-4908519');
INSERT INTO Business (ITIN, primary_contact_first_name, primary_contact_last_name, primary_contact_title, business_name, customer_ID) VALUES ('52-6591460', 'Scarlet', 'Villanueva', 'Director L3', 'Groovestreet', '52-6591460');
INSERT INTO Business (ITIN, primary_contact_first_name, primary_contact_last_name, primary_contact_title, business_name, customer_ID) VALUES ('45-7885161', 'Salome', 'Gato', 'Scientist R9', 'Iselectrics', '45-7885161');
INSERT INTO Business (ITIN, primary_contact_first_name, primary_contact_last_name, primary_contact_title, business_name, customer_ID) VALUES ('91-3927038', 'Shalon', 'Pontoriero', 'Director R3', 'Ganjaflex', '91-3927038');
INSERT INTO Business (ITIN, primary_contact_first_name, primary_contact_last_name, primary_contact_title, business_name, customer_ID) VALUES ('80-4412234', 'Brandon', 'Craghead', 'Associate Manager R5', 'Konmatfix', '80-4412234');

-- Inserting Manufacturer_Name
INSERT INTO Manufacturer_Name (manufacturer_name) VALUES ('Nio');
INSERT INTO Manufacturer_Name (manufacturer_name) VALUES ('Geeley');
INSERT INTO Manufacturer_Name (manufacturer_name) VALUES ('Land Rover');
INSERT INTO Manufacturer_Name (manufacturer_name) VALUES ('Acura');
INSERT INTO Manufacturer_Name (manufacturer_name) VALUES ('MINI');
INSERT INTO Manufacturer_Name (manufacturer_name) VALUES ('smart');
INSERT INTO Manufacturer_Name (manufacturer_name) VALUES ('INFINITI');
INSERT INTO Manufacturer_Name (manufacturer_name) VALUES ('Rivian');
INSERT INTO Manufacturer_Name (manufacturer_name) VALUES ('Mitsubishi');
INSERT INTO Manufacturer_Name (manufacturer_name) VALUES ('Chevrolet');
INSERT INTO Manufacturer_Name (manufacturer_name) VALUES ('Subaru');
INSERT INTO Manufacturer_Name (manufacturer_name) VALUES ('Buick');
INSERT INTO Manufacturer_Name (manufacturer_name) VALUES ('Lotus');
INSERT INTO Manufacturer_Name (manufacturer_name) VALUES ('Cadillac');
INSERT INTO Manufacturer_Name (manufacturer_name) VALUES ('Bentley');
INSERT INTO Manufacturer_Name (manufacturer_name) VALUES ('Ford');
INSERT INTO Manufacturer_Name (manufacturer_name) VALUES ('GMC');
INSERT INTO Manufacturer_Name (manufacturer_name) VALUES ('Volvo');
INSERT INTO Manufacturer_Name (manufacturer_name) VALUES ('Ram');
INSERT INTO Manufacturer_Name (manufacturer_name) VALUES ('McLaren');
INSERT INTO Manufacturer_Name (manufacturer_name) VALUES ('BMW');
INSERT INTO Manufacturer_Name (manufacturer_name) VALUES ('Audi');
INSERT INTO Manufacturer_Name (manufacturer_name) VALUES ('Maserati');
INSERT INTO Manufacturer_Name (manufacturer_name) VALUES ('Mercedes-Benz');
INSERT INTO Manufacturer_Name (manufacturer_name) VALUES ('MAZDA');
INSERT INTO Manufacturer_Name (manufacturer_name) VALUES ('Hyundai');
INSERT INTO Manufacturer_Name (manufacturer_name) VALUES ('Lamborghini');
INSERT INTO Manufacturer_Name (manufacturer_name) VALUES ('FIAT');
INSERT INTO Manufacturer_Name (manufacturer_name) VALUES ('Tesla');
INSERT INTO Manufacturer_Name (manufacturer_name) VALUES ('XPeng');
INSERT INTO Manufacturer_Name (manufacturer_name) VALUES ('Jeep');
INSERT INTO Manufacturer_Name (manufacturer_name) VALUES ('Toyota');
INSERT INTO Manufacturer_Name (manufacturer_name) VALUES ('Aston Martin');
INSERT INTO Manufacturer_Name (manufacturer_name) VALUES ('Volkswagen');
INSERT INTO Manufacturer_Name (manufacturer_name) VALUES ('Porsche');
INSERT INTO Manufacturer_Name (manufacturer_name) VALUES ('Jaguar');
INSERT INTO Manufacturer_Name (manufacturer_name) VALUES ('Honda');
INSERT INTO Manufacturer_Name (manufacturer_name) VALUES ('Lexus');
INSERT INTO Manufacturer_Name (manufacturer_name) VALUES ('Dodge');
INSERT INTO Manufacturer_Name (manufacturer_name) VALUES ('Lincoln');
INSERT INTO Manufacturer_Name (manufacturer_name) VALUES ('Nissan');
INSERT INTO Manufacturer_Name (manufacturer_name) VALUES ('Ferrari');
INSERT INTO Manufacturer_Name (manufacturer_name) VALUES ('Karma');
INSERT INTO Manufacturer_Name (manufacturer_name) VALUES ('Alfa Romeo');
INSERT INTO Manufacturer_Name (manufacturer_name) VALUES ('Chrysler');
INSERT INTO Manufacturer_Name (manufacturer_name) VALUES ('Kia');
INSERT INTO Manufacturer_Name (manufacturer_name) VALUES ('Genesis');
INSERT INTO Manufacturer_Name (manufacturer_name) VALUES ('Rolls-Royce');

-- Inserting Vehicle_Type
INSERT INTO Vehicle_Type (vehicle_type) VALUES ('Sedan');
INSERT INTO Vehicle_Type (vehicle_type) VALUES ('Coupe');
INSERT INTO Vehicle_Type (vehicle_type) VALUES ('Convertible');
INSERT INTO Vehicle_Type (vehicle_type) VALUES ('CUV');
INSERT INTO Vehicle_Type (vehicle_type) VALUES ('Truck');
INSERT INTO Vehicle_Type (vehicle_type) VALUES ('Van');
INSERT INTO Vehicle_Type (vehicle_type) VALUES ('Minivan');
INSERT INTO Vehicle_Type (vehicle_type) VALUES ('SUV');
INSERT INTO Vehicle_Type (vehicle_type) VALUES ('Other');

-- Inserting Vehicle
INSERT INTO Vehicle (VIN, model_name, model_year, fuel_type, horsepower, description, sale_price, purchase_price, vehicle_condition, purchase_date, seller_customer_ID, inventoryclerk_username, vehicle_type, manufacturer_name) VALUES ('01CHA2S3LWA849979', 'ET5', '2023', 'Battery', 177, 'air filtration system; check the Monroney sticker - theer is nothing better than this vehicle; ', 34254.762500000004, 27403.81, 'Very Good', '2023-05-13', '812418597', 'user21', 'Convertible', 'Nio');
INSERT INTO Vehicle (VIN, model_name, model_year, fuel_type, horsepower, description, sale_price, purchase_price, vehicle_condition, purchase_date, seller_customer_ID, inventoryclerk_username, vehicle_type, manufacturer_name) VALUES ('0216UZ8NIB3005163', 'XINGYUE', '2023', 'Plugin Hybrid', 184, 'Null', 26566.125, 21252.9, 'Excellent', '2023-04-11', '087754715', 'user07', 'Convertible', 'Geeley');
INSERT INTO Vehicle (VIN, model_name, model_year, fuel_type, horsepower, description, sale_price, purchase_price, vehicle_condition, purchase_date, seller_customer_ID, inventoryclerk_username, vehicle_type, manufacturer_name) VALUES ('02XKB48A5UB828603', 'LR2', '2014', 'Gas', 169, 'Null', 8224.2875, 6579.43, 'Good', '2023-04-27', '71-2329540', 'user09', 'Convertible', 'Land Rover');
INSERT INTO Vehicle (VIN, model_name, model_year, fuel_type, horsepower, description, sale_price, purchase_price, vehicle_condition, purchase_date, seller_customer_ID, inventoryclerk_username, vehicle_type, manufacturer_name) VALUES ('06U80HCPBYG352728', 'CL', '2002', 'Battery', 298, 'hatchback; ', 6058.75, 4847.0, 'Excellent', '2023-05-02', '559983722', 'user17', 'Van', 'Acura');
INSERT INTO Vehicle (VIN, model_name, model_year, fuel_type, horsepower, description, sale_price, purchase_price, vehicle_condition, purchase_date, seller_customer_ID, inventoryclerk_username, vehicle_type, manufacturer_name) VALUES ('07XSZFNEBDW349840', 'COOPER', '2007', 'Battery', 254, 'sturdy rear axle assembly; ', 4343.212500000001, 3474.57, 'Very Good', '2023-01-13', '80-1084912', 'user17', 'Minivan', 'MINI');
INSERT INTO Vehicle (VIN, model_name, model_year, fuel_type, horsepower, description, sale_price, purchase_price, vehicle_condition, purchase_date, seller_customer_ID, inventoryclerk_username, vehicle_type, manufacturer_name) VALUES ('0D2HX2R6775123500', 'FORTWO', '2015', 'Battery', 209, 'can be used as sports car; ', 13104.012499999999, 10483.21, 'Very Good', '2022-12-12', '202765813', 'user11', 'Sedan', 'smart');
INSERT INTO Vehicle (VIN, model_name, model_year, fuel_type, horsepower, description, sale_price, purchase_price, vehicle_condition, purchase_date, seller_customer_ID, inventoryclerk_username, vehicle_type, manufacturer_name) VALUES ('0GXWO6TK0YG939311', 'FX45', '2008', 'Battery', 287, 'Null', 7603.525, 6082.82, 'Very Good', '2022-09-17', '73-2317837', 'user11', 'CUV', 'INFINITI');
INSERT INTO Vehicle (VIN, model_name, model_year, fuel_type, horsepower, description, sale_price, purchase_price, vehicle_condition, purchase_date, seller_customer_ID, inventoryclerk_username, vehicle_type, manufacturer_name) VALUES ('0H6SRXF8EP7967929', 'R1T', '2023', 'Gas', 287, 'original equipment manufacturer (OEM) parts; front axle assembly; ', 13032.825, 10426.26, 'Fair', '2022-10-18', '980497412', 'user05', 'CUV', 'Rivian');
INSERT INTO Vehicle (VIN, model_name, model_year, fuel_type, horsepower, description, sale_price, purchase_price, vehicle_condition, purchase_date, seller_customer_ID, inventoryclerk_username, vehicle_type, manufacturer_name) VALUES ('0K3KCEYO5WR993877', 'RAIDER', '2006', 'Hybrid', 210, 'rear wheel drive; ', 7497.1, 5997.68, 'Very Good', '2022-08-25', '779146875', 'user02', 'Coupe', 'Mitsubishi');
INSERT INTO Vehicle (VIN, model_name, model_year, fuel_type, horsepower, description, sale_price, purchase_price, vehicle_condition, purchase_date, seller_customer_ID, inventoryclerk_username, vehicle_type, manufacturer_name) VALUES ('0KAMFH817HG984940', 'CORVETTE', '2005', 'Gas', 371, 'wide transaxle; ', 4440.55, 3552.44, 'Fair', '2022-07-17', '18-0557460', 'user11', 'Coupe', 'Chevrolet');
INSERT INTO Vehicle (VIN, model_name, model_year, fuel_type, horsepower, description, sale_price, purchase_price, vehicle_condition, purchase_date, seller_customer_ID, inventoryclerk_username, vehicle_type, manufacturer_name) VALUES ('0KSVK7T0HVD586286', 'BRZ', '2013', 'Gas', 316, 'hatchback; ', 5872.75, 4698.2, 'Fair', '2022-10-05', '766904975', 'user11', 'Van', 'Subaru');
INSERT INTO Vehicle (VIN, model_name, model_year, fuel_type, horsepower, description, sale_price, purchase_price, vehicle_condition, purchase_date, seller_customer_ID, inventoryclerk_username, vehicle_type, manufacturer_name) VALUES ('0MRJ620G5FE640131', 'LACROSSE', '2006', 'Battery', 198, 'can be used as sports car; ', 3558.65, 2846.92, 'Fair', '2022-10-25', '033375455', 'user15', 'Minivan', 'Buick');
INSERT INTO Vehicle (VIN, model_name, model_year, fuel_type, horsepower, description, sale_price, purchase_price, vehicle_condition, purchase_date, seller_customer_ID, inventoryclerk_username, vehicle_type, manufacturer_name) VALUES ('0OPU81GJG8C160079', 'ELISE', '2008', 'Diesel', 330, 'high torque; wide cam; ', 3843.3999999999996, 3074.72, 'Good', '2023-01-22', '031943406', 'user24', 'Coupe', 'Lotus');
INSERT INTO Vehicle (VIN, model_name, model_year, fuel_type, horsepower, description, sale_price, purchase_price, vehicle_condition, purchase_date, seller_customer_ID, inventoryclerk_username, vehicle_type, manufacturer_name) VALUES ('0PT8CVJWV8T188907', 'ELDORADO', '2002', 'Fuel Cell', 354, 'sport utility vehicle-SUV; ', 1398.7375, 1118.99, 'Fair', '2023-03-05', '812418597', 'user24', 'Van', 'Cadillac');
INSERT INTO Vehicle (VIN, model_name, model_year, fuel_type, horsepower, description, sale_price, purchase_price, vehicle_condition, purchase_date, seller_customer_ID, inventoryclerk_username, vehicle_type, manufacturer_name) VALUES ('0QFCBGN24Y3098876', 'ARNAGE', '2007', 'Diesel', 308, 'Null', 6496.887500000001, 5197.51, 'Good', '2022-08-07', '824643871', 'user20', 'Coupe', 'Bentley');
INSERT INTO Vehicle (VIN, model_name, model_year, fuel_type, horsepower, description, sale_price, purchase_price, vehicle_condition, purchase_date, seller_customer_ID, inventoryclerk_username, vehicle_type, manufacturer_name) VALUES ('0UWKB1SP7C0135655', 'R1T', '2023', 'Gas', 207, 'best suspension; ', 13062.862500000001, 10450.29, 'Excellent', '2023-08-08', '704558763', 'user07', 'Minivan', 'Rivian');
INSERT INTO Vehicle (VIN, model_name, model_year, fuel_type, horsepower, description, sale_price, purchase_price, vehicle_condition, purchase_date, seller_customer_ID, inventoryclerk_username, vehicle_type, manufacturer_name) VALUES ('11O1YZUFMFN275554', 'FOCUS', '2013', 'Gas', 201, 'crankcase; automatic transmission; very hard struts; ', 9189.400000000001, 7351.52, 'Excellent', '2023-02-09', '55-6187762', 'user17', 'Minivan', 'Ford');
INSERT INTO Vehicle (VIN, model_name, model_year, fuel_type, horsepower, description, sale_price, purchase_price, vehicle_condition, purchase_date, seller_customer_ID, inventoryclerk_username, vehicle_type, manufacturer_name) VALUES ('1HVL421OTR3071057', 'W4500 FORWARD', '2005', 'Plugin Hybrid', 292, 'small spark plug gap; ', 4986.3125, 3989.05, 'Good', '2022-08-06', '722473507', 'user13', 'Van', 'GMC');
INSERT INTO Vehicle (VIN, model_name, model_year, fuel_type, horsepower, description, sale_price, purchase_price, vehicle_condition, purchase_date, seller_customer_ID, inventoryclerk_username, vehicle_type, manufacturer_name) VALUES ('1UCBIT5YXDJ919563', 'C30', '2010', 'Diesel', 320, 'high differential; ', 6313.025, 5050.42, 'Very Good', '2022-08-10', '17-0197151', 'user07', 'Truck', 'Volvo');
INSERT INTO Vehicle (VIN, model_name, model_year, fuel_type, horsepower, description, sale_price, purchase_price, vehicle_condition, purchase_date, seller_customer_ID, inventoryclerk_username, vehicle_type, manufacturer_name) VALUES ('201DHVWO70I456603', 'PROMASTER 1500', '2015', 'Gas', 265, 'Null', 15635.1375, 12508.11, 'Excellent', '2022-07-15', '392747745', 'user10', 'CUV', 'Ram');
INSERT INTO Vehicle (VIN, model_name, model_year, fuel_type, horsepower, description, sale_price, purchase_price, vehicle_condition, purchase_date, seller_customer_ID, inventoryclerk_username, vehicle_type, manufacturer_name) VALUES ('22EISXE65K7154002', 'ES8 NEW', '2023', 'Battery', 160, 'automatic transmission; minivan; ', 13693.125, 10954.5, 'Fair', '2022-08-31', '45-7885161', 'user09', 'Convertible', 'Nio');
INSERT INTO Vehicle (VIN, model_name, model_year, fuel_type, horsepower, description, sale_price, purchase_price, vehicle_condition, purchase_date, seller_customer_ID, inventoryclerk_username, vehicle_type, manufacturer_name) VALUES ('24G081632WM888163', 'RANGE ROVER SPORT', '2012', 'Diesel', 154, 'Null', 4530.9375, 3624.75, 'Very Good', '2023-06-01', '778214839', 'user24', 'Sedan', 'Land Rover');
INSERT INTO Vehicle (VIN, model_name, model_year, fuel_type, horsepower, description, sale_price, purchase_price, vehicle_condition, purchase_date, seller_customer_ID, inventoryclerk_username, vehicle_type, manufacturer_name) VALUES ('26GJDWHYLTU230526', 'R1S NEW', '2023', 'Gas', 179, 'Null', 32351.612500000003, 25881.29, 'Fair', '2023-03-31', '71-2329540', 'user07', 'Convertible', 'Rivian');
INSERT INTO Vehicle (VIN, model_name, model_year, fuel_type, horsepower, description, sale_price, purchase_price, vehicle_condition, purchase_date, seller_customer_ID, inventoryclerk_username, vehicle_type, manufacturer_name) VALUES ('2J8FN6TAGEZ924085', 'MP4-12C', '2012', 'Hybrid', 155, 'can be used as sports car; ', 6523.1875, 5218.55, 'Fair', '2023-06-25', '44-6640568', 'user24', 'Convertible', 'McLaren');
INSERT INTO Vehicle (VIN, model_name, model_year, fuel_type, horsepower, description, sale_price, purchase_price, vehicle_condition, purchase_date, seller_customer_ID, inventoryclerk_username, vehicle_type, manufacturer_name) VALUES ('2KJBD48273Y069356', 'F650CS ABS', '2005', 'Plugin Hybrid', 197, 'no backfire/backfiring; ', 10878.1375, 8702.51, 'Very Good', '2023-01-12', '519824004', 'user11', 'Convertible', 'BMW');
INSERT INTO Vehicle (VIN, model_name, model_year, fuel_type, horsepower, description, sale_price, purchase_price, vehicle_condition, purchase_date, seller_customer_ID, inventoryclerk_username, vehicle_type, manufacturer_name) VALUES ('2LBKYDFHTK3034814', 'S6', '2009', 'Gas', 177, 'drum brake; ', 12163.199999999999, 9730.56, 'Excellent', '2023-01-06', '67-7936515', 'user02', 'Convertible', 'Audi');
INSERT INTO Vehicle (VIN, model_name, model_year, fuel_type, horsepower, description, sale_price, purchase_price, vehicle_condition, purchase_date, seller_customer_ID, inventoryclerk_username, vehicle_type, manufacturer_name) VALUES ('2PKESKWHCJ4479804', 'OUTLANDER', '2014', 'Hybrid', 217, 'sport utility vehicle-SUV; ', 9464.237500000001, 7571.39, 'Good', '2023-06-09', '189578947', 'user02', 'Minivan', 'Mitsubishi');
INSERT INTO Vehicle (VIN, model_name, model_year, fuel_type, horsepower, description, sale_price, purchase_price, vehicle_condition, purchase_date, seller_customer_ID, inventoryclerk_username, vehicle_type, manufacturer_name) VALUES ('2UWYFE50XIB423887', 'CABRIO', '2004', 'Diesel', 226, 'Null', 8023.474999999999, 6418.78, 'Excellent', '2022-11-30', '116667329', 'user15', 'Minivan', 'smart');
INSERT INTO Vehicle (VIN, model_name, model_year, fuel_type, horsepower, description, sale_price, purchase_price, vehicle_condition, purchase_date, seller_customer_ID, inventoryclerk_username, vehicle_type, manufacturer_name) VALUES ('340D7EL25S2404955', '330XI', '2005', 'Gas', 237, 'high volume cylinder; ', 3321.3999999999996, 2657.12, 'Very Good', '2023-07-09', '86-1158388', 'user02', 'Minivan', 'BMW');
INSERT INTO Vehicle (VIN, model_name, model_year, fuel_type, horsepower, description, sale_price, purchase_price, vehicle_condition, purchase_date, seller_customer_ID, inventoryclerk_username, vehicle_type, manufacturer_name) VALUES ('3CKLOVNGZ51537051', '760LI', '2009', 'Gas', 308, 'automatic safety features; rear wheel drive; best suspension; ', 13093.75, 10475.0, 'Very Good', '2023-02-01', '307192832', 'user20', 'CUV', 'BMW');
INSERT INTO Vehicle (VIN, model_name, model_year, fuel_type, horsepower, description, sale_price, purchase_price, vehicle_condition, purchase_date, seller_customer_ID, inventoryclerk_username, vehicle_type, manufacturer_name) VALUES ('3FFSR68RD0K441878', 'QUATTROPORTE', '2005', 'Fuel Cell', 349, 'pickup; disc brake; front axle assembly; ', 3917.2250000000004, 3133.78, 'Excellent', '2023-03-08', '190389930', 'user21', 'SUV', 'Maserati');
INSERT INTO Vehicle (VIN, model_name, model_year, fuel_type, horsepower, description, sale_price, purchase_price, vehicle_condition, purchase_date, seller_customer_ID, inventoryclerk_username, vehicle_type, manufacturer_name) VALUES ('3IU2B4ORS6A077319', 'FORTWO', '2007', 'Diesel', 358, 'manual transmission; ', 9364.4875, 7491.59, 'Excellent', '2023-08-29', '945585317', 'user12', 'Van', 'smart');
INSERT INTO Vehicle (VIN, model_name, model_year, fuel_type, horsepower, description, sale_price, purchase_price, vehicle_condition, purchase_date, seller_customer_ID, inventoryclerk_username, vehicle_type, manufacturer_name) VALUES ('3J6IMNCNYTR099621', 'STS', '2008', 'Gas', 289, 'modern dashboard; ', 10916.3625, 8733.09, 'Very Good', '2022-07-25', '421317175', 'user24', 'SUV', 'Cadillac');
INSERT INTO Vehicle (VIN, model_name, model_year, fuel_type, horsepower, description, sale_price, purchase_price, vehicle_condition, purchase_date, seller_customer_ID, inventoryclerk_username, vehicle_type, manufacturer_name) VALUES ('3NO8BO4OGTL807840', 'G550', '2015', 'Battery', 281, 'four-wheel drive; disc brake; detail; ', 15621.125, 12496.9, 'Fair', '2023-05-08', '489738648', 'user15', 'SUV', 'Mercedes-Benz');
INSERT INTO Vehicle (VIN, model_name, model_year, fuel_type, horsepower, description, sale_price, purchase_price, vehicle_condition, purchase_date, seller_customer_ID, inventoryclerk_username, vehicle_type, manufacturer_name) VALUES ('3POHTV1PFW1510449', 'RX-8', '2006', 'Battery', 356, 'pickup; ', 12192.5375, 9754.03, 'Excellent', '2023-08-15', '847939559', 'user09', 'Coupe', 'MAZDA');
INSERT INTO Vehicle (VIN, model_name, model_year, fuel_type, horsepower, description, sale_price, purchase_price, vehicle_condition, purchase_date, seller_customer_ID, inventoryclerk_username, vehicle_type, manufacturer_name) VALUES ('3TJM4LZERLL108705', 'ACCENT', '2008', 'Gas', 164, 'unibody construction; ', 8010.75, 6408.6, 'Very Good', '2023-04-25', '084398382', 'user17', 'Sedan', 'Hyundai');
INSERT INTO Vehicle (VIN, model_name, model_year, fuel_type, horsepower, description, sale_price, purchase_price, vehicle_condition, purchase_date, seller_customer_ID, inventoryclerk_username, vehicle_type, manufacturer_name) VALUES ('41DPYVQZCO3181476', 'AVENTADOR', '2012', 'Gas', 204, 'automatic torque converter; ', 20176.45, 16141.16, 'Fair', '2022-12-01', '694670985', 'user02', 'Minivan', 'Lamborghini');
INSERT INTO Vehicle (VIN, model_name, model_year, fuel_type, horsepower, description, sale_price, purchase_price, vehicle_condition, purchase_date, seller_customer_ID, inventoryclerk_username, vehicle_type, manufacturer_name) VALUES ('42JDWI0F3D2375784', 'ALBEA', '2009', 'Plugin Hybrid', 247, 'can be used as sports car; unibody construction; ', 12277.837500000001, 9822.27, 'Excellent', '2023-07-11', '845147047', 'user24', 'Minivan', 'FIAT');
INSERT INTO Vehicle (VIN, model_name, model_year, fuel_type, horsepower, description, sale_price, purchase_price, vehicle_condition, purchase_date, seller_customer_ID, inventoryclerk_username, vehicle_type, manufacturer_name) VALUES ('447NADHKNTP823552', 'ROADSTER', '2008', 'Gas', 252, 'safe oil ring; ', 14290.675000000001, 11432.54, 'Fair', '2023-04-03', '613205626', 'user02', 'Truck', 'Tesla');
INSERT INTO Vehicle (VIN, model_name, model_year, fuel_type, horsepower, description, sale_price, purchase_price, vehicle_condition, purchase_date, seller_customer_ID, inventoryclerk_username, vehicle_type, manufacturer_name) VALUES ('4B5O8UZKPBZ854920', 'HHR', '2008', 'Gas', 316, 'Null', 8914.512499999999, 7131.61, 'Fair', '2022-07-04', '850547815', 'user24', 'Van', 'Chevrolet');
INSERT INTO Vehicle (VIN, model_name, model_year, fuel_type, horsepower, description, sale_price, purchase_price, vehicle_condition, purchase_date, seller_customer_ID, inventoryclerk_username, vehicle_type, manufacturer_name) VALUES ('4GHCRLJOKT6083540', 'P7', '2023', 'Gas', 301, 'great stabilizer bar; ', 23295.524999999998, 18636.42, 'Very Good', '2023-05-25', '626322844', 'user10', 'Coupe', 'XPeng');
INSERT INTO Vehicle (VIN, model_name, model_year, fuel_type, horsepower, description, sale_price, purchase_price, vehicle_condition, purchase_date, seller_customer_ID, inventoryclerk_username, vehicle_type, manufacturer_name) VALUES ('4HPEB1IJDDY354518', 'WRANGLER', '2007', 'Plugin Hybrid', 380, 'good piston; ', 5496.4, 4397.12, 'Very Good', '2023-02-28', '23-4661232', 'user07', 'Coupe', 'Jeep');
INSERT INTO Vehicle (VIN, model_name, model_year, fuel_type, horsepower, description, sale_price, purchase_price, vehicle_condition, purchase_date, seller_customer_ID, inventoryclerk_username, vehicle_type, manufacturer_name) VALUES ('4IHUPZ7L3E4517493', 'R1S NEW', '2023', 'Plugin Hybrid', 276, 'automatic safety features; air filtration system; modern dashboard; ', 32261.4875, 25809.19, 'Excellent', '2022-10-05', '591437032', 'user05', 'Coupe', 'Rivian');
INSERT INTO Vehicle (VIN, model_name, model_year, fuel_type, horsepower, description, sale_price, purchase_price, vehicle_condition, purchase_date, seller_customer_ID, inventoryclerk_username, vehicle_type, manufacturer_name) VALUES ('52J1ULU58OB110991', 'COROLLA', '2005', 'Gas', 297, 'front axle assembly; drive shaft; ', 6041.7875, 4833.43, 'Very Good', '2022-10-15', '86-7493304', 'user21', 'CUV', 'Toyota');
INSERT INTO Vehicle (VIN, model_name, model_year, fuel_type, horsepower, description, sale_price, purchase_price, vehicle_condition, purchase_date, seller_customer_ID, inventoryclerk_username, vehicle_type, manufacturer_name) VALUES ('54SZY4MKO6C114660', 'RAPIDE', '2013', 'Fuel Cell', 342, 'strong muffler; ', 12816.4375, 10253.15, 'Fair', '2023-02-22', '21-6554083', 'user07', 'Coupe', 'Aston Martin');
INSERT INTO Vehicle (VIN, model_name, model_year, fuel_type, horsepower, description, sale_price, purchase_price, vehicle_condition, purchase_date, seller_customer_ID, inventoryclerk_username, vehicle_type, manufacturer_name) VALUES ('5MLXXEBOXNC754707', 'PATRIOT', '2008', 'Natural Gas', 334, 'safe oil ring; engine displacement; ', 8698.2, 6958.56, 'Fair', '2023-05-03', '62-1462808', 'user20', 'Van', 'Jeep');
INSERT INTO Vehicle (VIN, model_name, model_year, fuel_type, horsepower, description, sale_price, purchase_price, vehicle_condition, purchase_date, seller_customer_ID, inventoryclerk_username, vehicle_type, manufacturer_name) VALUES ('5OU82GIFAQ3021868', 'SONATA', '2012', 'Diesel', 160, 'rear wheel drive; automatic valves; ', 13129.775, 10503.82, 'Very Good', '2023-07-25', '349754202', 'user24', 'Convertible', 'Hyundai');
INSERT INTO Vehicle (VIN, model_name, model_year, fuel_type, horsepower, description, sale_price, purchase_price, vehicle_condition, purchase_date, seller_customer_ID, inventoryclerk_username, vehicle_type, manufacturer_name) VALUES ('5PUIFVQ6V3R308628', 'GRANTURISMO', '2012', 'Gas', 204, 'Null', 6434.75, 5147.8, 'Fair', '2022-10-24', '563576825', 'user18', 'Minivan', 'Maserati');
INSERT INTO Vehicle (VIN, model_name, model_year, fuel_type, horsepower, description, sale_price, purchase_price, vehicle_condition, purchase_date, seller_customer_ID, inventoryclerk_username, vehicle_type, manufacturer_name) VALUES ('5QPBC4N5SPV612486', 'POLO', '2013', 'Hybrid', 215, 'station wagon (Also known as wagon.); ', 5622.887500000001, 4498.31, 'Very Good', '2022-09-29', '043141609', 'user15', 'Sedan', 'Volkswagen');
INSERT INTO Vehicle (VIN, model_name, model_year, fuel_type, horsepower, description, sale_price, purchase_price, vehicle_condition, purchase_date, seller_customer_ID, inventoryclerk_username, vehicle_type, manufacturer_name) VALUES ('5RLTD3PDG7P142502', 'PHAETON', '2004', 'Gas', 284, 'unibody construction; superturbocharger; ', 5456.875, 4365.5, 'Good', '2022-08-29', '23-4661232', 'user20', 'SUV', 'Volkswagen');
INSERT INTO Vehicle (VIN, model_name, model_year, fuel_type, horsepower, description, sale_price, purchase_price, vehicle_condition, purchase_date, seller_customer_ID, inventoryclerk_username, vehicle_type, manufacturer_name) VALUES ('60RPWRGZXAL689666', 'QUATTROPORTE', '2011', 'Diesel', 305, 'very hard struts; ultra new transmission; hatchback; ', 6427.575000000001, 5142.06, 'Excellent', '2023-05-26', '89-1541922', 'owner', 'Truck', 'Maserati');
INSERT INTO Vehicle (VIN, model_name, model_year, fuel_type, horsepower, description, sale_price, purchase_price, vehicle_condition, purchase_date, seller_customer_ID, inventoryclerk_username, vehicle_type, manufacturer_name) VALUES ('63IMJ2UQAPP800193', 'BOXSTER', '2006', 'Diesel', 389, 'wide chassis; small spark plug gap; ', 9649.5375, 7719.63, 'Very Good', '2023-04-01', '559840282', 'user15', 'Coupe', 'Porsche');
INSERT INTO Vehicle (VIN, model_name, model_year, fuel_type, horsepower, description, sale_price, purchase_price, vehicle_condition, purchase_date, seller_customer_ID, inventoryclerk_username, vehicle_type, manufacturer_name) VALUES ('6A6NQP7GZG0782604', 'P7', '2021', 'Gas', 300, 'great rpms; best radiator; ', 16582.5875, 13266.07, 'Very Good', '2022-11-10', '565447868', 'owner', 'CUV', 'XPeng');
INSERT INTO Vehicle (VIN, model_name, model_year, fuel_type, horsepower, description, sale_price, purchase_price, vehicle_condition, purchase_date, seller_customer_ID, inventoryclerk_username, vehicle_type, manufacturer_name) VALUES ('6KAIF8AC3KG769914', 'DTS', '2007', 'Natural Gas', 155, 'best suspension; ', 16359.775, 13087.82, 'Excellent', '2022-12-13', '519824004', 'user20', 'Convertible', 'Cadillac');
INSERT INTO Vehicle (VIN, model_name, model_year, fuel_type, horsepower, description, sale_price, purchase_price, vehicle_condition, purchase_date, seller_customer_ID, inventoryclerk_username, vehicle_type, manufacturer_name) VALUES ('6O3JWO1Q4FP773157', 'G9', '2022', 'Gas', 158, 'great engine; great engine; ', 17545.25, 14036.2, 'Excellent', '2023-01-05', '047228901', 'user07', 'Sedan', 'XPeng');
INSERT INTO Vehicle (VIN, model_name, model_year, fuel_type, horsepower, description, sale_price, purchase_price, vehicle_condition, purchase_date, seller_customer_ID, inventoryclerk_username, vehicle_type, manufacturer_name) VALUES ('6YHX7GHFZAR683239', 'R1T', '2023', 'Gas', 341, 'Null', 13012.550000000001, 10410.04, 'Good', '2023-03-23', '88-6885026', 'user11', 'Van', 'Rivian');
INSERT INTO Vehicle (VIN, model_name, model_year, fuel_type, horsepower, description, sale_price, purchase_price, vehicle_condition, purchase_date, seller_customer_ID, inventoryclerk_username, vehicle_type, manufacturer_name) VALUES ('77YSCOERITP460658', 'MX-5 MIATA', '2015', 'Gas', 310, 'broad wheelbase; ', 7968.6375, 6374.91, 'Very Good', '2022-12-08', '168032201', 'user07', 'Truck', 'MAZDA');
INSERT INTO Vehicle (VIN, model_name, model_year, fuel_type, horsepower, description, sale_price, purchase_price, vehicle_condition, purchase_date, seller_customer_ID, inventoryclerk_username, vehicle_type, manufacturer_name) VALUES ('7CY2WHON846872713', 'XK8', '2006', 'Gas', 336, 'pickup; ', 13279.675, 10623.74, 'Excellent', '2022-12-08', '672131657', 'user24', 'Truck', 'Jaguar');
INSERT INTO Vehicle (VIN, model_name, model_year, fuel_type, horsepower, description, sale_price, purchase_price, vehicle_condition, purchase_date, seller_customer_ID, inventoryclerk_username, vehicle_type, manufacturer_name) VALUES ('7D8A8QCVRII360920', 'F650GS', '2003', 'Gas', 172, 'convertible; ', 4041.2124999999996, 3232.97, 'Very Good', '2023-03-17', '566053758', 'user15', 'Convertible', 'BMW');
INSERT INTO Vehicle (VIN, model_name, model_year, fuel_type, horsepower, description, sale_price, purchase_price, vehicle_condition, purchase_date, seller_customer_ID, inventoryclerk_username, vehicle_type, manufacturer_name) VALUES ('7DCA7GIBSL3385548', 'LAND CRUISER', '2013', 'Gas', 339, 'Null', 9549.8375, 7639.87, 'Fair', '2023-01-13', '753836489', 'user21', 'Van', 'Toyota');
INSERT INTO Vehicle (VIN, model_name, model_year, fuel_type, horsepower, description, sale_price, purchase_price, vehicle_condition, purchase_date, seller_customer_ID, inventoryclerk_username, vehicle_type, manufacturer_name) VALUES ('7DGPXJB8CVD797363', 'HIACE', '2010', 'Gas', 111, 'manual transmission; automatic torque converter; ', 10439.400000000001, 8351.52, 'Excellent', '2022-07-21', '682584187', 'user24', 'Sedan', 'Toyota');
INSERT INTO Vehicle (VIN, model_name, model_year, fuel_type, horsepower, description, sale_price, purchase_price, vehicle_condition, purchase_date, seller_customer_ID, inventoryclerk_username, vehicle_type, manufacturer_name) VALUES ('7HMSLYNNGHJ439820', 'CRF50F', '2007', 'Battery', 253, 'front axle assembly; no redline; ', 3801.1625, 3040.93, 'Excellent', '2022-12-16', '812418597', 'user13', 'Minivan', 'Honda');
INSERT INTO Vehicle (VIN, model_name, model_year, fuel_type, horsepower, description, sale_price, purchase_price, vehicle_condition, purchase_date, seller_customer_ID, inventoryclerk_username, vehicle_type, manufacturer_name) VALUES ('7JA8DZH7CN4199183', 'SL600', '2011', 'Gas', 165, 'Null', 7723.6125, 6178.89, 'Fair', '2023-02-09', '249565760', 'user10', 'Convertible', 'Mercedes-Benz');
INSERT INTO Vehicle (VIN, model_name, model_year, fuel_type, horsepower, description, sale_price, purchase_price, vehicle_condition, purchase_date, seller_customer_ID, inventoryclerk_username, vehicle_type, manufacturer_name) VALUES ('7L2HF63NS64790085', 'TL', '2004', 'Gas', 325, 'sturdy rear axle assembly; ', 2565.4500000000003, 2052.36, 'Very Good', '2023-03-26', '018533690', 'user15', 'CUV', 'Acura');
INSERT INTO Vehicle (VIN, model_name, model_year, fuel_type, horsepower, description, sale_price, purchase_price, vehicle_condition, purchase_date, seller_customer_ID, inventoryclerk_username, vehicle_type, manufacturer_name) VALUES ('7LOJS05DQA3004955', 'ACCENT', '2014', 'Gas', 198, 'engine displacement; ', 9549.7375, 7639.79, 'Excellent', '2022-11-02', '64-3263338', 'user20', 'Minivan', 'Hyundai');
INSERT INTO Vehicle (VIN, model_name, model_year, fuel_type, horsepower, description, sale_price, purchase_price, vehicle_condition, purchase_date, seller_customer_ID, inventoryclerk_username, vehicle_type, manufacturer_name) VALUES ('7NZJI4NR80U192007', 'RANGE ROVER SPORT', '2009', 'Gas', 296, 'front wheel drive; active safety features; ', 4335.0, 3468.0, 'Good', '2022-09-21', '88-6885026', 'owner', 'CUV', 'Land Rover');
INSERT INTO Vehicle (VIN, model_name, model_year, fuel_type, horsepower, description, sale_price, purchase_price, vehicle_condition, purchase_date, seller_customer_ID, inventoryclerk_username, vehicle_type, manufacturer_name) VALUES ('7QRXAX01CS1186500', 'MP4-12C', '2013', 'Gas', 256, 'Null', 6478.8, 5183.04, 'Very Good', '2022-12-10', '595283241', 'owner', 'Minivan', 'McLaren');
INSERT INTO Vehicle (VIN, model_name, model_year, fuel_type, horsepower, description, sale_price, purchase_price, vehicle_condition, purchase_date, seller_customer_ID, inventoryclerk_username, vehicle_type, manufacturer_name) VALUES ('7RCMKD0P62B359074', 'IMPALA', '2008', 'Gas', 174, 'front axle assembly; ', 9231.0125, 7384.81, 'Fair', '2022-08-15', '983685043', 'user02', 'Convertible', 'Chevrolet');
INSERT INTO Vehicle (VIN, model_name, model_year, fuel_type, horsepower, description, sale_price, purchase_price, vehicle_condition, purchase_date, seller_customer_ID, inventoryclerk_username, vehicle_type, manufacturer_name) VALUES ('7TQARECS56V791799', 'HILUX', '2012', 'Diesel', 382, 'autotachometer; ', 4864.2375, 3891.39, 'Very Good', '2023-06-05', '138971205', 'user07', 'Coupe', 'Toyota');
INSERT INTO Vehicle (VIN, model_name, model_year, fuel_type, horsepower, description, sale_price, purchase_price, vehicle_condition, purchase_date, seller_customer_ID, inventoryclerk_username, vehicle_type, manufacturer_name) VALUES ('7XQ1OO4FTRB936926', 'FX45', '2003', 'Gas', 130, 'best sedan; ', 3809.8374999999996, 3047.87, 'Good', '2023-05-29', '824643871', 'user18', 'Sedan', 'INFINITI');
INSERT INTO Vehicle (VIN, model_name, model_year, fuel_type, horsepower, description, sale_price, purchase_price, vehicle_condition, purchase_date, seller_customer_ID, inventoryclerk_username, vehicle_type, manufacturer_name) VALUES ('7Z0JVSYGTZW815756', 'ATS', '2013', 'Gas', 283, 'coupe; ', 16343.3125, 13074.65, 'Excellent', '2023-04-23', '82-6754590', 'user07', 'SUV', 'Cadillac');
INSERT INTO Vehicle (VIN, model_name, model_year, fuel_type, horsepower, description, sale_price, purchase_price, vehicle_condition, purchase_date, seller_customer_ID, inventoryclerk_username, vehicle_type, manufacturer_name) VALUES ('8FB7BNANRI4354099', 'ES330', '2006', 'Diesel', 184, 'sturdy rear axle assembly; ', 4480.875, 3584.7, 'Fair', '2022-09-13', '313904048', 'user12', 'Convertible', 'Lexus');
INSERT INTO Vehicle (VIN, model_name, model_year, fuel_type, horsepower, description, sale_price, purchase_price, vehicle_condition, purchase_date, seller_customer_ID, inventoryclerk_username, vehicle_type, manufacturer_name) VALUES ('8H3HKCNSFNN008758', 'ILX', '2015', 'Gas', 312, 'Null', 17518.0625, 14014.45, 'Excellent', '2022-11-05', '988602508', 'user12', 'Van', 'Acura');
INSERT INTO Vehicle (VIN, model_name, model_year, fuel_type, horsepower, description, sale_price, purchase_price, vehicle_condition, purchase_date, seller_customer_ID, inventoryclerk_username, vehicle_type, manufacturer_name) VALUES ('8HR5FE1G22P233789', 'GHIBLI', '2014', 'Gas', 345, 'check the Monroney sticker - theer is nothing better than this vehicle; best possible traction; ', 27411.6, 21929.28, 'Very Good', '2022-07-17', '824643871', 'user05', 'Truck', 'Maserati');
INSERT INTO Vehicle (VIN, model_name, model_year, fuel_type, horsepower, description, sale_price, purchase_price, vehicle_condition, purchase_date, seller_customer_ID, inventoryclerk_username, vehicle_type, manufacturer_name) VALUES ('8UQ6FLIO3Q2734346', 'KA', '2005', 'Diesel', 311, 'original equipment manufacturer (OEM) parts; ', 4492.25, 3593.8, 'Very Good', '2023-08-03', '860241229', 'user18', 'SUV', 'Ford');
INSERT INTO Vehicle (VIN, model_name, model_year, fuel_type, horsepower, description, sale_price, purchase_price, vehicle_condition, purchase_date, seller_customer_ID, inventoryclerk_username, vehicle_type, manufacturer_name) VALUES ('8VB5KTBJX2A046744', 'W5500 TILTMASTER', '2007', 'Natural Gas', 323, 'great engine; ', 3030.55, 2424.44, 'Excellent', '2023-01-11', '00-6502052', 'user11', 'SUV', 'Chevrolet');
INSERT INTO Vehicle (VIN, model_name, model_year, fuel_type, horsepower, description, sale_price, purchase_price, vehicle_condition, purchase_date, seller_customer_ID, inventoryclerk_username, vehicle_type, manufacturer_name) VALUES ('A2NH51AUNR4312326', 'RAM 2500', '2009', 'Diesel', 360, 'great engine; ', 9804.712500000001, 7843.77, 'Good', '2022-12-17', '595283241', 'user10', 'SUV', 'Dodge');
INSERT INTO Vehicle (VIN, model_name, model_year, fuel_type, horsepower, description, sale_price, purchase_price, vehicle_condition, purchase_date, seller_customer_ID, inventoryclerk_username, vehicle_type, manufacturer_name) VALUES ('A35CVWAPCGY561956', 'NAVIGATOR', '2002', 'Hybrid', 330, 'super new ignition system; broad wheelbase; ', 1877.15, 1501.72, 'Excellent', '2023-04-20', '73-2317837', 'user09', 'SUV', 'Lincoln');
INSERT INTO Vehicle (VIN, model_name, model_year, fuel_type, horsepower, description, sale_price, purchase_price, vehicle_condition, purchase_date, seller_customer_ID, inventoryclerk_username, vehicle_type, manufacturer_name) VALUES ('A46MVF2CB4I965254', 'VERACRUZ', '2012', 'Gas', 291, 'Null', 22901.237500000003, 18320.99, 'Excellent', '2023-07-10', '753836489', 'owner', 'Truck', 'Hyundai');
INSERT INTO Vehicle (VIN, model_name, model_year, fuel_type, horsepower, description, sale_price, purchase_price, vehicle_condition, purchase_date, seller_customer_ID, inventoryclerk_username, vehicle_type, manufacturer_name) VALUES ('A4LJMRR8IYC935453', 'DEFENDER', '2012', 'Gas', 227, 'supernew catalytic converter; ', 11442.9875, 9154.39, 'Very Good', '2023-05-07', '313904048', 'user18', 'Coupe', 'Land Rover');
INSERT INTO Vehicle (VIN, model_name, model_year, fuel_type, horsepower, description, sale_price, purchase_price, vehicle_condition, purchase_date, seller_customer_ID, inventoryclerk_username, vehicle_type, manufacturer_name) VALUES ('A51QFDDJ7J7514581', 'KA', '2006', 'Fuel Cell', 377, 'can be used as sports car; ', 5233.625, 4186.9, 'Fair', '2023-05-18', '934237940', 'user13', 'Coupe', 'Ford');
INSERT INTO Vehicle (VIN, model_name, model_year, fuel_type, horsepower, description, sale_price, purchase_price, vehicle_condition, purchase_date, seller_customer_ID, inventoryclerk_username, vehicle_type, manufacturer_name) VALUES ('A67JHQ2EJUP880876', 'ELANTRA', '2002', 'Gas', 166, 'Null', 4569.075000000001, 3655.26, 'Fair', '2022-08-28', '047228901', 'user18', 'Sedan', 'Hyundai');
INSERT INTO Vehicle (VIN, model_name, model_year, fuel_type, horsepower, description, sale_price, purchase_price, vehicle_condition, purchase_date, seller_customer_ID, inventoryclerk_username, vehicle_type, manufacturer_name) VALUES ('AA0LZIX8DGI937291', 'POINTER', '2002', 'Gas', 195, 'Null', 7312.575000000001, 5850.06, 'Excellent', '2022-10-02', '631146418', 'user13', 'Minivan', 'Volkswagen');
INSERT INTO Vehicle (VIN, model_name, model_year, fuel_type, horsepower, description, sale_price, purchase_price, vehicle_condition, purchase_date, seller_customer_ID, inventoryclerk_username, vehicle_type, manufacturer_name) VALUES ('AAHKBQNPZ5Q155263', 'NSX', '2005', 'Plugin Hybrid', 215, 'automatic transmission; ', 3973.85, 3179.08, 'Fair', '2022-07-19', '903089507', 'user15', 'Minivan', 'Acura');
INSERT INTO Vehicle (VIN, model_name, model_year, fuel_type, horsepower, description, sale_price, purchase_price, vehicle_condition, purchase_date, seller_customer_ID, inventoryclerk_username, vehicle_type, manufacturer_name) VALUES ('AB7D5GUATWA988114', 'TRIBUTE', '2003', 'Diesel', 394, 'hydraulic brakes; ', 2039.1625, 1631.33, 'Good', '2022-10-23', '491580595', 'user20', 'Coupe', 'MAZDA');
INSERT INTO Vehicle (VIN, model_name, model_year, fuel_type, horsepower, description, sale_price, purchase_price, vehicle_condition, purchase_date, seller_customer_ID, inventoryclerk_username, vehicle_type, manufacturer_name) VALUES ('AE23FNQ4ECZ859800', 'COOPER', '2012', 'Gas', 317, 'wide transaxle; ', 5429.2, 4343.36, 'Good', '2023-01-31', '945585317', 'user15', 'SUV', 'MINI');
INSERT INTO Vehicle (VIN, model_name, model_year, fuel_type, horsepower, description, sale_price, purchase_price, vehicle_condition, purchase_date, seller_customer_ID, inventoryclerk_username, vehicle_type, manufacturer_name) VALUES ('AG15D1BT811693167', 'ARNAGE', '2008', 'Gas', 190, 'drive shaft; ', 7118.137500000001, 5694.51, 'Fair', '2023-01-18', '79-8921658', 'user07', 'Convertible', 'Bentley');
INSERT INTO Vehicle (VIN, model_name, model_year, fuel_type, horsepower, description, sale_price, purchase_price, vehicle_condition, purchase_date, seller_customer_ID, inventoryclerk_username, vehicle_type, manufacturer_name) VALUES ('AJC7BO3XDGF951357', 'CBR600RR', '2012', 'Gas', 335, 'very hard struts; ', 14361.1875, 11488.95, 'Excellent', '2022-10-01', '613205626', 'user15', 'SUV', 'Honda');
INSERT INTO Vehicle (VIN, model_name, model_year, fuel_type, horsepower, description, sale_price, purchase_price, vehicle_condition, purchase_date, seller_customer_ID, inventoryclerk_username, vehicle_type, manufacturer_name) VALUES ('AKEXMUEW2XP076382', 'EMGRAND L', '2021', 'Gas', 384, 'convertible; ', 7923.112499999999, 6338.49, 'Very Good', '2023-02-20', '97-1509095', 'user15', 'SUV', 'Geeley');
INSERT INTO Vehicle (VIN, model_name, model_year, fuel_type, horsepower, description, sale_price, purchase_price, vehicle_condition, purchase_date, seller_customer_ID, inventoryclerk_username, vehicle_type, manufacturer_name) VALUES ('AKWG2XQFZ8Z338505', 'NP300', '2011', 'Hybrid', 275, 'crankcase; ', 6532.3375, 5225.87, 'Good', '2022-09-15', '532449344', 'user13', 'SUV', 'Nissan');
INSERT INTO Vehicle (VIN, model_name, model_year, fuel_type, horsepower, description, sale_price, purchase_price, vehicle_condition, purchase_date, seller_customer_ID, inventoryclerk_username, vehicle_type, manufacturer_name) VALUES ('ALPWS6CXQO6590947', 'OUTBACK', '2005', 'Gas', 195, 'no backfire/backfiring; ', 5745.650000000001, 4596.52, 'Fair', '2023-01-31', '811807619', 'user10', 'Convertible', 'Subaru');
INSERT INTO Vehicle (VIN, model_name, model_year, fuel_type, horsepower, description, sale_price, purchase_price, vehicle_condition, purchase_date, seller_customer_ID, inventoryclerk_username, vehicle_type, manufacturer_name) VALUES ('AUP647YMZFB601236', 'MKS', '2014', 'Gas', 315, 'drum brake; ', 4063.1, 3250.48, 'Fair', '2022-10-31', '106986447', 'user24', 'Coupe', 'Lincoln');
INSERT INTO Vehicle (VIN, model_name, model_year, fuel_type, horsepower, description, sale_price, purchase_price, vehicle_condition, purchase_date, seller_customer_ID, inventoryclerk_username, vehicle_type, manufacturer_name) VALUES ('B03S4ENKKNP478278', 'ES8 NEW', '2023', 'Gas', 324, 'innovative air bags; no backfire/backfiring; ', 13628.675000000001, 10902.94, 'Very Good', '2023-02-09', '778214839', 'user20', 'CUV', 'Nio');
INSERT INTO Vehicle (VIN, model_name, model_year, fuel_type, horsepower, description, sale_price, purchase_price, vehicle_condition, purchase_date, seller_customer_ID, inventoryclerk_username, vehicle_type, manufacturer_name) VALUES ('B5P0N13LMX0012355', 'COMMANDER', '2006', 'Gas', 279, 'best sedan; ', 8588.75, 6871.0, 'Fair', '2023-04-16', '17-1405708', 'user17', 'SUV', 'Jeep');
INSERT INTO Vehicle (VIN, model_name, model_year, fuel_type, horsepower, description, sale_price, purchase_price, vehicle_condition, purchase_date, seller_customer_ID, inventoryclerk_username, vehicle_type, manufacturer_name) VALUES ('B618X4DTE8R162599', '599 GTO', '2011', 'Gas', 278, 'very hard struts; oversteer; ', 15408.0375, 12326.43, 'Very Good', '2023-01-04', '381212216', 'user12', 'CUV', 'Ferrari');
INSERT INTO Vehicle (VIN, model_name, model_year, fuel_type, horsepower, description, sale_price, purchase_price, vehicle_condition, purchase_date, seller_customer_ID, inventoryclerk_username, vehicle_type, manufacturer_name) VALUES ('BD1DYEOR4HZ412125', 'COOPER', '2010', 'Gas', 343, 'broad wheelbase; ', 5234.712500000001, 4187.77, 'Very Good', '2023-05-01', '565447868', 'user20', 'SUV', 'MINI');
INSERT INTO Vehicle (VIN, model_name, model_year, fuel_type, horsepower, description, sale_price, purchase_price, vehicle_condition, purchase_date, seller_customer_ID, inventoryclerk_username, vehicle_type, manufacturer_name) VALUES ('BQS2CJ56IBQ176739', 'REGAL', '2004', 'Fuel Cell', 365, 'modern dashboard; disc brake; ', 2965.225, 2372.18, 'Very Good', '2023-02-23', '934237940', 'user11', 'Van', 'Buick');
INSERT INTO Vehicle (VIN, model_name, model_year, fuel_type, horsepower, description, sale_price, purchase_price, vehicle_condition, purchase_date, seller_customer_ID, inventoryclerk_username, vehicle_type, manufacturer_name) VALUES ('BXQH0W1NGWT830685', 'R1S', '2023', 'Gas', 251, 'drive shaft; ', 38405.7625, 30724.61, 'Very Good', '2023-02-12', '722473507', 'user15', 'CUV', 'Rivian');
INSERT INTO Vehicle (VIN, model_name, model_year, fuel_type, horsepower, description, sale_price, purchase_price, vehicle_condition, purchase_date, seller_customer_ID, inventoryclerk_username, vehicle_type, manufacturer_name) VALUES ('C2RVH3HKPQZ794006', '535I GT', '2012', 'Gas', 191, 'manual transmission; active safety features; front axle assembly; ', 16916.225, 13532.98, 'Good', '2022-10-23', '823731374', 'user18', 'Minivan', 'BMW');
INSERT INTO Vehicle (VIN, model_name, model_year, fuel_type, horsepower, description, sale_price, purchase_price, vehicle_condition, purchase_date, seller_customer_ID, inventoryclerk_username, vehicle_type, manufacturer_name) VALUES ('CB65LOSQY7V342457', 'V12 VANTAGE', '2013', 'Gas', 179, 'automatic transmission; ', 5720.8125, 4576.65, 'Good', '2022-12-28', '084398382', 'user09', 'Convertible', 'Aston Martin');
INSERT INTO Vehicle (VIN, model_name, model_year, fuel_type, horsepower, description, sale_price, purchase_price, vehicle_condition, purchase_date, seller_customer_ID, inventoryclerk_username, vehicle_type, manufacturer_name) VALUES ('CIKZXLNQWQ3050265', 'EXIGE', '2008', 'Gas', 299, 'manual transmission; ', 11100.262499999999, 8880.21, 'Excellent', '2023-05-31', '003094340', 'user15', 'Truck', 'Lotus');
INSERT INTO Vehicle (VIN, model_name, model_year, fuel_type, horsepower, description, sale_price, purchase_price, vehicle_condition, purchase_date, seller_customer_ID, inventoryclerk_username, vehicle_type, manufacturer_name) VALUES ('CN2YIBCUFSQ512071', 'LX470', '2005', 'Gas', 179, 'automatic valves; ', 14801.1125, 11840.89, 'Good', '2022-07-14', '843028835', 'user24', 'Convertible', 'Lexus');
INSERT INTO Vehicle (VIN, model_name, model_year, fuel_type, horsepower, description, sale_price, purchase_price, vehicle_condition, purchase_date, seller_customer_ID, inventoryclerk_username, vehicle_type, manufacturer_name) VALUES ('CO7AJWOLKX5663458', 'SIERRA 1500 HD', '2005', 'Battery', 397, 'sturdy rear axle assembly; ', 2159.3875, 1727.51, 'Good', '2022-07-05', '692263332', 'user02', 'SUV', 'GMC');
INSERT INTO Vehicle (VIN, model_name, model_year, fuel_type, horsepower, description, sale_price, purchase_price, vehicle_condition, purchase_date, seller_customer_ID, inventoryclerk_username, vehicle_type, manufacturer_name) VALUES ('CRB7J3UXZ61575642', 'EMGRAND S', '2021', 'Hybrid', 382, 'unibody construction; overdrive; high block; ', 24559.274999999998, 19647.42, 'Excellent', '2023-02-12', '087754715', 'user13', 'CUV', 'Geeley');
INSERT INTO Vehicle (VIN, model_name, model_year, fuel_type, horsepower, description, sale_price, purchase_price, vehicle_condition, purchase_date, seller_customer_ID, inventoryclerk_username, vehicle_type, manufacturer_name) VALUES ('CSNPRAPWVLK077155', 'EVORA', '2012', 'Gas', 301, 'original equipment manufacturer (OEM) parts; ', 9560.5, 7648.4, 'Very Good', '2023-05-10', '80-4412234', 'user21', 'Truck', 'Lotus');
INSERT INTO Vehicle (VIN, model_name, model_year, fuel_type, horsepower, description, sale_price, purchase_price, vehicle_condition, purchase_date, seller_customer_ID, inventoryclerk_username, vehicle_type, manufacturer_name) VALUES ('CTHLSVQRDHK945534', 'VANDEN PLAS', '2004', 'Gas', 221, 'rack and pinion steering; automatic torque converter; ', 8423.7125, 6738.97, 'Very Good', '2023-01-02', '80-4908519', 'user11', 'CUV', 'Jaguar');
INSERT INTO Vehicle (VIN, model_name, model_year, fuel_type, horsepower, description, sale_price, purchase_price, vehicle_condition, purchase_date, seller_customer_ID, inventoryclerk_username, vehicle_type, manufacturer_name) VALUES ('CXQF7TZKIH0415109', 'RL', '2010', 'Gas', 253, 'Null', 3836.4249999999997, 3069.14, 'Fair', '2022-12-19', '510679263', 'user07', 'Truck', 'Acura');
INSERT INTO Vehicle (VIN, model_name, model_year, fuel_type, horsepower, description, sale_price, purchase_price, vehicle_condition, purchase_date, seller_customer_ID, inventoryclerk_username, vehicle_type, manufacturer_name) VALUES ('CYQY2QF8RNA506595', 'DISCOVERY', '2015', 'Gas', 227, 'autotachometer; power train; ', 6226.0375, 4980.83, 'Good', '2022-11-25', '181883107', 'user02', 'Coupe', 'Land Rover');
INSERT INTO Vehicle (VIN, model_name, model_year, fuel_type, horsepower, description, sale_price, purchase_price, vehicle_condition, purchase_date, seller_customer_ID, inventoryclerk_username, vehicle_type, manufacturer_name) VALUES ('DD7UUCMRURY754125', 'CAYENNE', '2003', 'Diesel', 307, 'minivan; ', 4690.224999999999, 3752.18, 'Excellent', '2023-06-27', '753836489', 'user11', 'Van', 'Porsche');
INSERT INTO Vehicle (VIN, model_name, model_year, fuel_type, horsepower, description, sale_price, purchase_price, vehicle_condition, purchase_date, seller_customer_ID, inventoryclerk_username, vehicle_type, manufacturer_name) VALUES ('DKYDDY0GPGN009571', 'ELANTRA', '2003', 'Gas', 186, 'crumple zones; ', 5769.825, 4615.86, 'Good', '2023-03-23', '018533690', 'user02', 'Convertible', 'Hyundai');
INSERT INTO Vehicle (VIN, model_name, model_year, fuel_type, horsepower, description, sale_price, purchase_price, vehicle_condition, purchase_date, seller_customer_ID, inventoryclerk_username, vehicle_type, manufacturer_name) VALUES ('DLCCHFQS6JE933115', 'GS-6 PROS', '2023', 'Hybrid', 222, 'wide cam; high block; ', 26577.800000000003, 21262.24, 'Good', '2023-02-04', '666306027', 'user11', 'Minivan', 'Karma');
INSERT INTO Vehicle (VIN, model_name, model_year, fuel_type, horsepower, description, sale_price, purchase_price, vehicle_condition, purchase_date, seller_customer_ID, inventoryclerk_username, vehicle_type, manufacturer_name) VALUES ('DLDOWAZWISG772813', 'ML550', '2009', 'Gas', 352, 'hydraulic brakes; ', 10653.0625, 8522.45, 'Excellent', '2022-12-11', '181883107', 'user12', 'Coupe', 'Mercedes-Benz');
INSERT INTO Vehicle (VIN, model_name, model_year, fuel_type, horsepower, description, sale_price, purchase_price, vehicle_condition, purchase_date, seller_customer_ID, inventoryclerk_username, vehicle_type, manufacturer_name) VALUES ('DOR3YLSX4O5307917', 'S8', '2003', 'Gas', 283, 'rear wheel drive; ', 1729.1374999999998, 1383.31, 'Good', '2023-02-11', '566053758', 'user02', 'CUV', 'Audi');
INSERT INTO Vehicle (VIN, model_name, model_year, fuel_type, horsepower, description, sale_price, purchase_price, vehicle_condition, purchase_date, seller_customer_ID, inventoryclerk_username, vehicle_type, manufacturer_name) VALUES ('DQ5QCUL84PJ297334', 'TJ', '2005', 'Hybrid', 162, 'power train; ', 8988.95, 7191.16, 'Good', '2022-12-08', '845147047', 'user15', 'Convertible', 'Jeep');
INSERT INTO Vehicle (VIN, model_name, model_year, fuel_type, horsepower, description, sale_price, purchase_price, vehicle_condition, purchase_date, seller_customer_ID, inventoryclerk_username, vehicle_type, manufacturer_name) VALUES ('DTPFWL37FTZ702472', 'ML63 AMG', '2014', 'Gas', 347, 'super new ignition system; front wheel drive; power train; ', 23660.637499999997, 18928.51, 'Very Good', '2022-10-26', '86-7493304', 'user11', 'Van', 'Mercedes-Benz');
INSERT INTO Vehicle (VIN, model_name, model_year, fuel_type, horsepower, description, sale_price, purchase_price, vehicle_condition, purchase_date, seller_customer_ID, inventoryclerk_username, vehicle_type, manufacturer_name) VALUES ('DXFJFHB2O8J213290', 'EXPRESS 3500', '2004', 'Plugin Hybrid', 236, 'crankcase; ', 6894.0, 5515.2, 'Fair', '2023-07-05', '48-2042583', 'user09', 'Sedan', 'Chevrolet');
INSERT INTO Vehicle (VIN, model_name, model_year, fuel_type, horsepower, description, sale_price, purchase_price, vehicle_condition, purchase_date, seller_customer_ID, inventoryclerk_username, vehicle_type, manufacturer_name) VALUES ('E40MBYWNZSL194135', 'SHARAN', '2006', 'Gas', 209, 'sturdy rear axle assembly; ', 5358.137500000001, 4286.51, 'Very Good', '2023-06-02', '203112624', 'user24', 'Minivan', 'Volkswagen');
INSERT INTO Vehicle (VIN, model_name, model_year, fuel_type, horsepower, description, sale_price, purchase_price, vehicle_condition, purchase_date, seller_customer_ID, inventoryclerk_username, vehicle_type, manufacturer_name) VALUES ('ECEPA3GAEIK299733', 'XLR', '2009', 'Plugin Hybrid', 254, 'can be used as sports car; ', 5664.6, 4531.68, 'Excellent', '2023-07-27', '189578947', 'user17', 'Truck', 'Cadillac');
INSERT INTO Vehicle (VIN, model_name, model_year, fuel_type, horsepower, description, sale_price, purchase_price, vehicle_condition, purchase_date, seller_customer_ID, inventoryclerk_username, vehicle_type, manufacturer_name) VALUES ('EE1BIYLSYRH856452', 'GS-6', '2021', 'Gas', 170, 'Null', 12160.599999999999, 9728.48, 'Good', '2023-04-15', '334676702', 'user18', 'Convertible', 'Karma');
INSERT INTO Vehicle (VIN, model_name, model_year, fuel_type, horsepower, description, sale_price, purchase_price, vehicle_condition, purchase_date, seller_customer_ID, inventoryclerk_username, vehicle_type, manufacturer_name) VALUES ('EIA3R8DZFZH945841', 'OUTLANDER', '2005', 'Battery', 235, 'Null', 5427.8625, 4342.29, 'Fair', '2023-01-03', '811807619', 'user07', 'Sedan', 'Mitsubishi');
INSERT INTO Vehicle (VIN, model_name, model_year, fuel_type, horsepower, description, sale_price, purchase_price, vehicle_condition, purchase_date, seller_customer_ID, inventoryclerk_username, vehicle_type, manufacturer_name) VALUES ('ETXMDO17CH5710002', 'QX80', '2015', 'Gas', 158, 'manual transmission; ', 4348.8625, 3479.09, 'Fair', '2023-02-26', '17-1405708', 'user13', 'Convertible', 'INFINITI');
INSERT INTO Vehicle (VIN, model_name, model_year, fuel_type, horsepower, description, sale_price, purchase_price, vehicle_condition, purchase_date, seller_customer_ID, inventoryclerk_username, vehicle_type, manufacturer_name) VALUES ('EURVOJ6RTMZ196274', '4C', '2015', 'Battery', 206, 'gap; ', 10184.625, 8147.7, 'Very Good', '2022-09-21', '29-1505280', 'user02', 'Sedan', 'Alfa Romeo');
INSERT INTO Vehicle (VIN, model_name, model_year, fuel_type, horsepower, description, sale_price, purchase_price, vehicle_condition, purchase_date, seller_customer_ID, inventoryclerk_username, vehicle_type, manufacturer_name) VALUES ('F7LIAJMEUB4950361', 'R1T', '2023', 'Gas', 233, 'best possible traction; ', 13053.099999999999, 10442.48, 'Fair', '2022-09-01', '68-5291728', 'user17', 'CUV', 'Rivian');
INSERT INTO Vehicle (VIN, model_name, model_year, fuel_type, horsepower, description, sale_price, purchase_price, vehicle_condition, purchase_date, seller_customer_ID, inventoryclerk_username, vehicle_type, manufacturer_name) VALUES ('FBQBTRRHZVG159504', 'GALLARDO', '2011', 'Gas', 182, 'high quality carburetor; ', 3816.75, 3053.4, 'Very Good', '2023-01-16', '349754202', 'user02', 'Minivan', 'Lamborghini');
INSERT INTO Vehicle (VIN, model_name, model_year, fuel_type, horsepower, description, sale_price, purchase_price, vehicle_condition, purchase_date, seller_customer_ID, inventoryclerk_username, vehicle_type, manufacturer_name) VALUES ('FBW1SNMBJRO366159', 'MITO', '2015', 'Gas', 173, 'unibody construction; anti-lock brake system (ABS); wide cam; ', 8644.1, 6915.28, 'Excellent', '2022-08-17', '303794079', 'owner', 'Convertible', 'Alfa Romeo');
INSERT INTO Vehicle (VIN, model_name, model_year, fuel_type, horsepower, description, sale_price, purchase_price, vehicle_condition, purchase_date, seller_customer_ID, inventoryclerk_username, vehicle_type, manufacturer_name) VALUES ('FC6FEI1DRRR729956', 'SEDAN', '2002', 'Hybrid', 180, 'great rpms; ', 4440.087500000001, 3552.07, 'Excellent', '2022-07-15', '524692391', 'user21', 'Convertible', 'Volkswagen');
INSERT INTO Vehicle (VIN, model_name, model_year, fuel_type, horsepower, description, sale_price, purchase_price, vehicle_condition, purchase_date, seller_customer_ID, inventoryclerk_username, vehicle_type, manufacturer_name) VALUES ('FLTEHVIT7TR845477', 'A3', '2007', 'Diesel', 357, 'Null', 7000.612499999999, 5600.49, 'Good', '2023-01-29', '181883107', 'user20', 'CUV', 'Audi');
INSERT INTO Vehicle (VIN, model_name, model_year, fuel_type, horsepower, description, sale_price, purchase_price, vehicle_condition, purchase_date, seller_customer_ID, inventoryclerk_username, vehicle_type, manufacturer_name) VALUES ('FPS6SWVNJ46262208', 'SANTA FE', '2002', 'Gas', 219, 'high volume cylinder; great engine; ', 3918.9249999999997, 3135.14, 'Excellent', '2023-01-09', '18-0557460', 'user07', 'Minivan', 'Hyundai');
INSERT INTO Vehicle (VIN, model_name, model_year, fuel_type, horsepower, description, sale_price, purchase_price, vehicle_condition, purchase_date, seller_customer_ID, inventoryclerk_username, vehicle_type, manufacturer_name) VALUES ('FTU4SK7135C710080', 'S', '2012', 'Hybrid', 391, 'best oil pump; ', 8506.125, 6804.9, 'Very Good', '2022-09-14', '963631015', 'user24', 'SUV', 'Tesla');
INSERT INTO Vehicle (VIN, model_name, model_year, fuel_type, horsepower, description, sale_price, purchase_price, vehicle_condition, purchase_date, seller_customer_ID, inventoryclerk_username, vehicle_type, manufacturer_name) VALUES ('G3GBYJSRTYT942116', '535I', '2009', 'Battery', 397, 'automatic safety features; electronic transmission; super new ignition system; ', 13136.300000000001, 10509.04, 'Excellent', '2022-08-17', '17-1405708', 'user07', 'Coupe', 'BMW');
INSERT INTO Vehicle (VIN, model_name, model_year, fuel_type, horsepower, description, sale_price, purchase_price, vehicle_condition, purchase_date, seller_customer_ID, inventoryclerk_username, vehicle_type, manufacturer_name) VALUES ('G3UZL1VEZEM344261', 'REGAL', '2003', 'Hybrid', 185, 'sturdy rear axle assembly; ', 2624.4375, 2099.55, 'Excellent', '2022-09-22', '279776839', 'user17', 'Convertible', 'Buick');
INSERT INTO Vehicle (VIN, model_name, model_year, fuel_type, horsepower, description, sale_price, purchase_price, vehicle_condition, purchase_date, seller_customer_ID, inventoryclerk_username, vehicle_type, manufacturer_name) VALUES ('G4PAVREW7K2826838', 'DB9', '2012', 'Gas', 324, 'automatic transmission; ', 13699.65, 10959.72, 'Very Good', '2022-12-17', '416352320', 'user17', 'Coupe', 'Aston Martin');
INSERT INTO Vehicle (VIN, model_name, model_year, fuel_type, horsepower, description, sale_price, purchase_price, vehicle_condition, purchase_date, seller_customer_ID, inventoryclerk_username, vehicle_type, manufacturer_name) VALUES ('GDXK0JVJI0R636667', 'FM-SP', '2002', 'Hybrid', 154, 'Null', 2390.4249999999997, 1912.34, 'Very Good', '2023-08-15', '006351430', 'user13', 'Sedan', 'Mitsubishi');
INSERT INTO Vehicle (VIN, model_name, model_year, fuel_type, horsepower, description, sale_price, purchase_price, vehicle_condition, purchase_date, seller_customer_ID, inventoryclerk_username, vehicle_type, manufacturer_name) VALUES ('GH8SBHTMEBB721980', 'GRANDE PUNTO', '2007', 'Gas', 351, 'rear wheel drive; supernew catalytic converter; great stabilizer bar; ', 11755.275, 9404.22, 'Very Good', '2022-11-10', '416352320', 'user18', 'Van', 'FIAT');
INSERT INTO Vehicle (VIN, model_name, model_year, fuel_type, horsepower, description, sale_price, purchase_price, vehicle_condition, purchase_date, seller_customer_ID, inventoryclerk_username, vehicle_type, manufacturer_name) VALUES ('GHMZYD6YMKB413330', 'PATHFINDER', '2006', 'Gas', 163, 'Null', 3580.6124999999997, 2864.49, 'Excellent', '2022-10-16', '00-6502052', 'user17', 'Convertible', 'Nissan');
INSERT INTO Vehicle (VIN, model_name, model_year, fuel_type, horsepower, description, sale_price, purchase_price, vehicle_condition, purchase_date, seller_customer_ID, inventoryclerk_username, vehicle_type, manufacturer_name) VALUES ('GJWDBBORYJD234673', 'TSURU', '2006', 'Gas', 195, 'Null', 11043.074999999999, 8834.46, 'Fair', '2023-06-14', '988602508', 'user09', 'Minivan', 'Nissan');
INSERT INTO Vehicle (VIN, model_name, model_year, fuel_type, horsepower, description, sale_price, purchase_price, vehicle_condition, purchase_date, seller_customer_ID, inventoryclerk_username, vehicle_type, manufacturer_name) VALUES ('GMBNKKL7OGQ240104', 'DB9', '2013', 'Fuel Cell', 355, 'sturdy rear axle assembly; automatic safety features; pickup; ', 13670.7125, 10936.57, 'Excellent', '2022-10-09', '32-1594201', 'user15', 'SUV', 'Aston Martin');
INSERT INTO Vehicle (VIN, model_name, model_year, fuel_type, horsepower, description, sale_price, purchase_price, vehicle_condition, purchase_date, seller_customer_ID, inventoryclerk_username, vehicle_type, manufacturer_name) VALUES ('GMLZ3HXD33V025329', 'M45', '2003', 'Battery', 167, 'Null', 1642.9125, 1314.33, 'Excellent', '2023-06-22', '595283241', 'user02', 'Convertible', 'INFINITI');
INSERT INTO Vehicle (VIN, model_name, model_year, fuel_type, horsepower, description, sale_price, purchase_price, vehicle_condition, purchase_date, seller_customer_ID, inventoryclerk_username, vehicle_type, manufacturer_name) VALUES ('GR0RVMPW4XI181018', 'REGAL', '2002', 'Gas', 196, 'detail; ', 2077.9375, 1662.35, 'Excellent', '2023-02-07', '23-4661232', 'user13', 'Convertible', 'Buick');
INSERT INTO Vehicle (VIN, model_name, model_year, fuel_type, horsepower, description, sale_price, purchase_price, vehicle_condition, purchase_date, seller_customer_ID, inventoryclerk_username, vehicle_type, manufacturer_name) VALUES ('GTBYGLSYL1E755778', 'ALMERA', '2004', 'Gas', 223, 'minivan; four-wheel drive; ', 4094.2374999999997, 3275.39, 'Good', '2022-08-08', '566053758', 'user24', 'Sedan', 'Nissan');
INSERT INTO Vehicle (VIN, model_name, model_year, fuel_type, horsepower, description, sale_price, purchase_price, vehicle_condition, purchase_date, seller_customer_ID, inventoryclerk_username, vehicle_type, manufacturer_name) VALUES ('GUSD5Z52ID6316641', 'CTS', '2007', 'Gas', 294, 'automatic transmission; pickup; ', 7178.724999999999, 5742.98, 'Fair', '2023-04-01', '17-1405708', 'user13', 'Van', 'Cadillac');
INSERT INTO Vehicle (VIN, model_name, model_year, fuel_type, horsepower, description, sale_price, purchase_price, vehicle_condition, purchase_date, seller_customer_ID, inventoryclerk_username, vehicle_type, manufacturer_name) VALUES ('H0M0QQ4Q0FN101290', 'EMGRAND', '2021', 'Gas', 179, 'Null', 37748.3875, 30198.71, 'Excellent', '2022-07-30', '283775388', 'user18', 'Convertible', 'Geeley');
INSERT INTO Vehicle (VIN, model_name, model_year, fuel_type, horsepower, description, sale_price, purchase_price, vehicle_condition, purchase_date, seller_customer_ID, inventoryclerk_username, vehicle_type, manufacturer_name) VALUES ('H2032G2DS5D863208', 'XC70', '2009', 'Diesel', 241, 'innovative air bags; wide transaxle; ', 15235.35, 12188.28, 'Excellent', '2023-02-12', '903089507', 'user20', 'Minivan', 'Volvo');
INSERT INTO Vehicle (VIN, model_name, model_year, fuel_type, horsepower, description, sale_price, purchase_price, vehicle_condition, purchase_date, seller_customer_ID, inventoryclerk_username, vehicle_type, manufacturer_name) VALUES ('H3NLVG1FUZX147919', 'PACIFICA', '2008', 'Gas', 277, 'Null', 11454.8875, 9163.91, 'Fair', '2022-12-22', '510679263', 'user18', 'CUV', 'Chrysler');
INSERT INTO Vehicle (VIN, model_name, model_year, fuel_type, horsepower, description, sale_price, purchase_price, vehicle_condition, purchase_date, seller_customer_ID, inventoryclerk_username, vehicle_type, manufacturer_name) VALUES ('HD1EA820DKW043837', 'CAYMAN', '2015', 'Gas', 247, 'Null', 14354.725, 11483.78, 'Good', '2023-06-15', '410614165', 'user07', 'SUV', 'Porsche');
INSERT INTO Vehicle (VIN, model_name, model_year, fuel_type, horsepower, description, sale_price, purchase_price, vehicle_condition, purchase_date, seller_customer_ID, inventoryclerk_username, vehicle_type, manufacturer_name) VALUES ('HSJNIY2UV32447249', 'ZDX', '2013', 'Gas', 194, 'small spark plug gap; ', 15640.050000000001, 12512.04, 'Fair', '2023-01-22', '591437032', 'user18', 'Minivan', 'Acura');
INSERT INTO Vehicle (VIN, model_name, model_year, fuel_type, horsepower, description, sale_price, purchase_price, vehicle_condition, purchase_date, seller_customer_ID, inventoryclerk_username, vehicle_type, manufacturer_name) VALUES ('HV4CWSMM84O846378', 'MURANO', '2013', 'Fuel Cell', 172, 'front wheel drive; ', 23550.262499999997, 18840.21, 'Good', '2023-02-10', '71-5402425', 'user10', 'Convertible', 'Nissan');
INSERT INTO Vehicle (VIN, model_name, model_year, fuel_type, horsepower, description, sale_price, purchase_price, vehicle_condition, purchase_date, seller_customer_ID, inventoryclerk_username, vehicle_type, manufacturer_name) VALUES ('I3M7NWUR0GJ946930', 'CIRRUS', '2002', 'Plugin Hybrid', 309, 'great engine; modern dashboard; engine displacement; ', 1366.275, 1093.02, 'Good', '2023-08-10', '71-5402425', 'user11', 'Van', 'Chrysler');
INSERT INTO Vehicle (VIN, model_name, model_year, fuel_type, horsepower, description, sale_price, purchase_price, vehicle_condition, purchase_date, seller_customer_ID, inventoryclerk_username, vehicle_type, manufacturer_name) VALUES ('I7B0O1H2OO8586909', 'BOXSTER', '2006', 'Gas', 341, 'original equipment manufacturer (OEM) parts; oversteer; ', 9695.35, 7756.28, 'Good', '2023-01-01', '480355246', 'user24', 'SUV', 'Porsche');
INSERT INTO Vehicle (VIN, model_name, model_year, fuel_type, horsepower, description, sale_price, purchase_price, vehicle_condition, purchase_date, seller_customer_ID, inventoryclerk_username, vehicle_type, manufacturer_name) VALUES ('IESD5FO6UYK261715', 'EVORA', '2011', 'Gas', 314, 'ultra new transmission; ', 9226.825, 7381.46, 'Very Good', '2023-08-14', '033375455', 'user21', 'Coupe', 'Lotus');
INSERT INTO Vehicle (VIN, model_name, model_year, fuel_type, horsepower, description, sale_price, purchase_price, vehicle_condition, purchase_date, seller_customer_ID, inventoryclerk_username, vehicle_type, manufacturer_name) VALUES ('IFBMBJ1L600560567', 'RAM 1500 TRUCK', '2007', 'Hybrid', 274, 'engine displacement; ', 5903.075, 4722.46, 'Very Good', '2023-03-07', '725273337', 'user07', 'Truck', 'Dodge');
INSERT INTO Vehicle (VIN, model_name, model_year, fuel_type, horsepower, description, sale_price, purchase_price, vehicle_condition, purchase_date, seller_customer_ID, inventoryclerk_username, vehicle_type, manufacturer_name) VALUES ('IGCYVATVIYZ078682', 'C70', '2011', 'Gas', 436, 'Null', 6427.8125, 5142.25, 'Fair', '2023-03-19', '524692391', 'user12', 'SUV', 'Volvo');
INSERT INTO Vehicle (VIN, model_name, model_year, fuel_type, horsepower, description, sale_price, purchase_price, vehicle_condition, purchase_date, seller_customer_ID, inventoryclerk_username, vehicle_type, manufacturer_name) VALUES ('IQV1YQ3IV7V327698', 'MATIZ', '2011', 'Gas', 353, 'Null', 6211.3375, 4969.07, 'Very Good', '2023-02-16', '307192832', 'user05', 'SUV', 'Chevrolet');
INSERT INTO Vehicle (VIN, model_name, model_year, fuel_type, horsepower, description, sale_price, purchase_price, vehicle_condition, purchase_date, seller_customer_ID, inventoryclerk_username, vehicle_type, manufacturer_name) VALUES ('ITNTBT3I3K1112168', '300C', '2014', 'Gas', 329, 'overdrive; ', 21647.3625, 17317.89, 'Excellent', '2022-07-20', '52-6404326', 'user13', 'Truck', 'Chrysler');
INSERT INTO Vehicle (VIN, model_name, model_year, fuel_type, horsepower, description, sale_price, purchase_price, vehicle_condition, purchase_date, seller_customer_ID, inventoryclerk_username, vehicle_type, manufacturer_name) VALUES ('IVZVZYNIOWU741253', 'SAVANA 4500', '2013', 'Gas', 192, 'Null', 9686.475, 7749.18, 'Excellent', '2023-01-23', '139932987', 'user13', 'Minivan', 'GMC');
INSERT INTO Vehicle (VIN, model_name, model_year, fuel_type, horsepower, description, sale_price, purchase_price, vehicle_condition, purchase_date, seller_customer_ID, inventoryclerk_username, vehicle_type, manufacturer_name) VALUES ('IZ7QWUEGB3H617828', '300M', '2003', 'Plugin Hybrid', 237, 'detail; ', 1966.0, 1572.8, 'Very Good', '2023-08-15', '491580595', 'user15', 'Coupe', 'Chrysler');
INSERT INTO Vehicle (VIN, model_name, model_year, fuel_type, horsepower, description, sale_price, purchase_price, vehicle_condition, purchase_date, seller_customer_ID, inventoryclerk_username, vehicle_type, manufacturer_name) VALUES ('JCDM7P6FYYP189674', 'X6', '2008', 'Gas', 193, 'rear wheel drive; air filtration system; ', 3363.125, 2690.5, 'Fair', '2023-03-07', '843028835', 'user10', 'Convertible', 'BMW');
INSERT INTO Vehicle (VIN, model_name, model_year, fuel_type, horsepower, description, sale_price, purchase_price, vehicle_condition, purchase_date, seller_customer_ID, inventoryclerk_username, vehicle_type, manufacturer_name) VALUES ('JDZCMB67NYJ067633', 'PANAMERA', '2011', 'Diesel', 240, 'all passive safety features; ', 6733.325, 5386.66, 'Good', '2023-01-10', '983685043', 'user09', 'CUV', 'Porsche');
INSERT INTO Vehicle (VIN, model_name, model_year, fuel_type, horsepower, description, sale_price, purchase_price, vehicle_condition, purchase_date, seller_customer_ID, inventoryclerk_username, vehicle_type, manufacturer_name) VALUES ('JQA3ZA51WW8465344', 'PATHFINDER', '2003', 'Gas', 239, 'wide chassis; ', 2168.7375, 1734.99, 'Good', '2022-09-11', '275817531', 'user21', 'CUV', 'Nissan');
INSERT INTO Vehicle (VIN, model_name, model_year, fuel_type, horsepower, description, sale_price, purchase_price, vehicle_condition, purchase_date, seller_customer_ID, inventoryclerk_username, vehicle_type, manufacturer_name) VALUES ('JUU4F0TYK4A947289', 'ELISE', '2006', 'Gas', 190, 'Null', 3127.5, 2502.0, 'Excellent', '2022-07-08', '313904048', 'user11', 'Convertible', 'Lotus');
INSERT INTO Vehicle (VIN, model_name, model_year, fuel_type, horsepower, description, sale_price, purchase_price, vehicle_condition, purchase_date, seller_customer_ID, inventoryclerk_username, vehicle_type, manufacturer_name) VALUES ('JVQ8ZELPGF5916074', 'PALIO', '2008', 'Gas', 219, 'no redline; ', 4412.7, 3530.16, 'Fair', '2023-05-04', '91-3927038', 'user24', 'Minivan', 'FIAT');
INSERT INTO Vehicle (VIN, model_name, model_year, fuel_type, horsepower, description, sale_price, purchase_price, vehicle_condition, purchase_date, seller_customer_ID, inventoryclerk_username, vehicle_type, manufacturer_name) VALUES ('KEQ2CFPH7RO593605', 'VAN 1000', '2008', 'Fuel Cell', 276, 'broad wheelbase; ', 10782.337500000001, 8625.87, 'Excellent', '2023-08-30', '29-1505280', 'user11', 'Van', 'Dodge');
INSERT INTO Vehicle (VIN, model_name, model_year, fuel_type, horsepower, description, sale_price, purchase_price, vehicle_condition, purchase_date, seller_customer_ID, inventoryclerk_username, vehicle_type, manufacturer_name) VALUES ('KG8BHN0NTUF642399', 'RIO5', '2010', 'Hybrid', 151, 'high block; ', 6110.299999999999, 4888.24, 'Very Good', '2022-10-14', '631146418', 'user24', 'Convertible', 'Kia');
INSERT INTO Vehicle (VIN, model_name, model_year, fuel_type, horsepower, description, sale_price, purchase_price, vehicle_condition, purchase_date, seller_customer_ID, inventoryclerk_username, vehicle_type, manufacturer_name) VALUES ('KKEJDR1DEYM433866', 'RX400H', '2008', 'Gas', 177, 'high torque; small spark plug gap; ', 13432.112500000001, 10745.69, 'Excellent', '2023-07-16', '047228901', 'user18', 'Sedan', 'Lexus');
INSERT INTO Vehicle (VIN, model_name, model_year, fuel_type, horsepower, description, sale_price, purchase_price, vehicle_condition, purchase_date, seller_customer_ID, inventoryclerk_username, vehicle_type, manufacturer_name) VALUES ('KLE3XPYFTO6494665', 'TIBURON', '2003', 'Gas', 307, 'Null', 3169.425, 2535.54, 'Excellent', '2023-08-19', '811807619', 'user10', 'Truck', 'Hyundai');
INSERT INTO Vehicle (VIN, model_name, model_year, fuel_type, horsepower, description, sale_price, purchase_price, vehicle_condition, purchase_date, seller_customer_ID, inventoryclerk_username, vehicle_type, manufacturer_name) VALUES ('KPDR2Q24D25119360', 'ES8 NEW', '2023', 'Gas', 249, 'Null', 13658.150000000001, 10926.52, 'Good', '2022-11-02', '381212216', 'user24', 'Minivan', 'Nio');
INSERT INTO Vehicle (VIN, model_name, model_year, fuel_type, horsepower, description, sale_price, purchase_price, vehicle_condition, purchase_date, seller_customer_ID, inventoryclerk_username, vehicle_type, manufacturer_name) VALUES ('KUG7KOVDXOY323266', 'MP4-12C', '2013', 'Gas', 263, 'sport utility vehicle-SUV; ', 6475.725, 5180.58, 'Fair', '2023-06-07', '022691032', 'user15', 'Coupe', 'McLaren');
INSERT INTO Vehicle (VIN, model_name, model_year, fuel_type, horsepower, description, sale_price, purchase_price, vehicle_condition, purchase_date, seller_customer_ID, inventoryclerk_username, vehicle_type, manufacturer_name) VALUES ('KZ0SACUMQTT627927', 'DBS', '2012', 'Gas', 176, 'air filtration system; ', 4985.675, 3988.54, 'Fair', '2022-07-30', '811807619', 'user07', 'Convertible', 'Aston Martin');
INSERT INTO Vehicle (VIN, model_name, model_year, fuel_type, horsepower, description, sale_price, purchase_price, vehicle_condition, purchase_date, seller_customer_ID, inventoryclerk_username, vehicle_type, manufacturer_name) VALUES ('L7OR57TJ78J722023', 'A4 QUATTRO', '2011', 'Battery', 389, 'high quality carburetor; ', 4221.45, 3377.16, 'Good', '2023-07-02', '377287634', 'user15', 'SUV', 'Audi');
INSERT INTO Vehicle (VIN, model_name, model_year, fuel_type, horsepower, description, sale_price, purchase_price, vehicle_condition, purchase_date, seller_customer_ID, inventoryclerk_username, vehicle_type, manufacturer_name) VALUES ('LBOZN1LVD46821421', '918 SPYDER', '2015', 'Gas', 267, 'very hard struts; ', 17059.375, 13647.5, 'Very Good', '2022-08-30', '203112624', 'user09', 'Coupe', 'Porsche');
INSERT INTO Vehicle (VIN, model_name, model_year, fuel_type, horsepower, description, sale_price, purchase_price, vehicle_condition, purchase_date, seller_customer_ID, inventoryclerk_username, vehicle_type, manufacturer_name) VALUES ('LEDF5CRGFJL596318', 'WRANGLER', '2010', 'Gas', 190, 'high torque; ', 6768.8, 5415.04, 'Fair', '2022-12-12', '531825735', 'user17', 'Minivan', 'Jeep');
INSERT INTO Vehicle (VIN, model_name, model_year, fuel_type, horsepower, description, sale_price, purchase_price, vehicle_condition, purchase_date, seller_customer_ID, inventoryclerk_username, vehicle_type, manufacturer_name) VALUES ('LEL1EDGLIJB218949', 'RANGE ROVER SPORT', '2006', 'Gas', 167, 'broad wheelbase; ', 3153.5874999999996, 2522.87, 'Fair', '2022-10-08', '532449344', 'owner', 'Sedan', 'Land Rover');
INSERT INTO Vehicle (VIN, model_name, model_year, fuel_type, horsepower, description, sale_price, purchase_price, vehicle_condition, purchase_date, seller_customer_ID, inventoryclerk_username, vehicle_type, manufacturer_name) VALUES ('LEQEZHIL372503269', 'GIULIETTA', '2014', 'Gas', 242, 'best sedan; ', 15104.625, 12083.7, 'Very Good', '2022-10-20', '101246549', 'user05', 'Minivan', 'Alfa Romeo');
INSERT INTO Vehicle (VIN, model_name, model_year, fuel_type, horsepower, description, sale_price, purchase_price, vehicle_condition, purchase_date, seller_customer_ID, inventoryclerk_username, vehicle_type, manufacturer_name) VALUES ('LGC76I73Q43597619', 'GRANTURISMO', '2010', 'Battery', 234, 'drive shaft; four-wheel drive; ', 6204.25, 4963.4, 'Very Good', '2023-08-07', '89-5019355', 'user10', 'Coupe', 'Maserati');
INSERT INTO Vehicle (VIN, model_name, model_year, fuel_type, horsepower, description, sale_price, purchase_price, vehicle_condition, purchase_date, seller_customer_ID, inventoryclerk_username, vehicle_type, manufacturer_name) VALUES ('LLAES6UX7PE080692', 'RANGE ROVER EVOQUE', '2013', 'Gas', 279, 'great engine; ', 18394.962499999998, 14715.97, 'Excellent', '2022-09-22', '565447868', 'user12', 'CUV', 'Land Rover');
INSERT INTO Vehicle (VIN, model_name, model_year, fuel_type, horsepower, description, sale_price, purchase_price, vehicle_condition, purchase_date, seller_customer_ID, inventoryclerk_username, vehicle_type, manufacturer_name) VALUES ('LLUBKYOAHHE880633', 'SEDONA', '2006', 'Gas', 177, 'modern dashboard; ', 6250.7625, 5000.61, 'Very Good', '2022-09-06', '17-1405708', 'user11', 'Convertible', 'Kia');
INSERT INTO Vehicle (VIN, model_name, model_year, fuel_type, horsepower, description, sale_price, purchase_price, vehicle_condition, purchase_date, seller_customer_ID, inventoryclerk_username, vehicle_type, manufacturer_name) VALUES ('M07I6J8WOKL966353', 'BEETLE', '2010', 'Gas', 264, 'broad wheelbase; ', 4531.4125, 3625.13, 'Excellent', '2022-12-26', '48-0436640', 'user05', 'SUV', 'Volkswagen');
INSERT INTO Vehicle (VIN, model_name, model_year, fuel_type, horsepower, description, sale_price, purchase_price, vehicle_condition, purchase_date, seller_customer_ID, inventoryclerk_username, vehicle_type, manufacturer_name) VALUES ('M0LLCXP5H7J310101', 'LACROSSE', '2007', 'Gas', 116, 'front axle assembly; ', 4105.125, 3284.1, 'Excellent', '2022-07-06', '79-8921658', 'user07', 'Sedan', 'Buick');
INSERT INTO Vehicle (VIN, model_name, model_year, fuel_type, horsepower, description, sale_price, purchase_price, vehicle_condition, purchase_date, seller_customer_ID, inventoryclerk_username, vehicle_type, manufacturer_name) VALUES ('M1HFENPSVSL450248', 'XINGYUE L', '2022', 'Diesel', 213, 'high differential; ', 13188.987500000001, 10551.19, 'Excellent', '2023-02-06', '531825735', 'user15', 'Minivan', 'Geeley');
INSERT INTO Vehicle (VIN, model_name, model_year, fuel_type, horsepower, description, sale_price, purchase_price, vehicle_condition, purchase_date, seller_customer_ID, inventoryclerk_username, vehicle_type, manufacturer_name) VALUES ('M1VVHWPORQR461359', 'ROADSTER', '2009', 'Gas', 273, 'air filtration system; ', 15948.65, 12758.92, 'Excellent', '2023-06-29', '778214839', 'user11', 'Van', 'Tesla');
INSERT INTO Vehicle (VIN, model_name, model_year, fuel_type, horsepower, description, sale_price, purchase_price, vehicle_condition, purchase_date, seller_customer_ID, inventoryclerk_username, vehicle_type, manufacturer_name) VALUES ('MD18NLSWMB4832949', 'LACROSSE', '2008', 'Gas', 405, 'Null', 4350.725, 3480.58, 'Very Good', '2022-10-11', '672131657', 'user10', 'SUV', 'Buick');
INSERT INTO Vehicle (VIN, model_name, model_year, fuel_type, horsepower, description, sale_price, purchase_price, vehicle_condition, purchase_date, seller_customer_ID, inventoryclerk_username, vehicle_type, manufacturer_name) VALUES ('MFCEDCRIYU1438485', 'ELISE', '2005', 'Gas', 101, 'manual transmission; ', 2699.475, 2159.58, 'Excellent', '2023-03-12', '965594555', 'user07', 'Sedan', 'Lotus');
INSERT INTO Vehicle (VIN, model_name, model_year, fuel_type, horsepower, description, sale_price, purchase_price, vehicle_condition, purchase_date, seller_customer_ID, inventoryclerk_username, vehicle_type, manufacturer_name) VALUES ('MGIHKQRZQ3I865167', 'OUTBACK', '2006', 'Gas', 295, 'small spark plug gap; ', 6659.225, 5327.38, 'Very Good', '2022-09-13', '779146875', 'user02', 'CUV', 'Subaru');
INSERT INTO Vehicle (VIN, model_name, model_year, fuel_type, horsepower, description, sale_price, purchase_price, vehicle_condition, purchase_date, seller_customer_ID, inventoryclerk_username, vehicle_type, manufacturer_name) VALUES ('MKBNHXQ0YCV993030', 'FM-SP', '2002', 'Gas', 252, 'Null', 2390.4249999999997, 1912.34, 'Good', '2022-08-17', '80-4908519', 'user20', 'Minivan', 'Mitsubishi');
INSERT INTO Vehicle (VIN, model_name, model_year, fuel_type, horsepower, description, sale_price, purchase_price, vehicle_condition, purchase_date, seller_customer_ID, inventoryclerk_username, vehicle_type, manufacturer_name) VALUES ('MLQIF1Z0TMV429595', 'ES350', '2010', 'Battery', 316, 'Null', 23919.6625, 19135.73, 'Excellent', '2023-04-15', '67-7936515', 'user07', 'Van', 'Lexus');
INSERT INTO Vehicle (VIN, model_name, model_year, fuel_type, horsepower, description, sale_price, purchase_price, vehicle_condition, purchase_date, seller_customer_ID, inventoryclerk_username, vehicle_type, manufacturer_name) VALUES ('MO22767RXSI895117', 'NSS250 REFLEX', '2005', 'Gas', 350, 'hydraulic brakes; ', 6891.775, 5513.42, 'Fair', '2023-06-24', '977074594', 'owner', 'Coupe', 'Honda');
INSERT INTO Vehicle (VIN, model_name, model_year, fuel_type, horsepower, description, sale_price, purchase_price, vehicle_condition, purchase_date, seller_customer_ID, inventoryclerk_username, vehicle_type, manufacturer_name) VALUES ('MQY15YFZ5CB825109', 'RANGE ROVER EVOQUE', '2015', 'Gas', 331, 'Null', 20204.35, 16163.48, 'Good', '2023-02-13', '585189026', 'user07', 'Van', 'Land Rover');
INSERT INTO Vehicle (VIN, model_name, model_year, fuel_type, horsepower, description, sale_price, purchase_price, vehicle_condition, purchase_date, seller_customer_ID, inventoryclerk_username, vehicle_type, manufacturer_name) VALUES ('MXQN4LATRKB695732', 'C6500 TOPKICK', '2002', 'Gas', 352, 'wide chassis; ', 5287.462500000001, 4229.97, 'Excellent', '2022-09-17', '980497412', 'user24', 'Van', 'GMC');
INSERT INTO Vehicle (VIN, model_name, model_year, fuel_type, horsepower, description, sale_price, purchase_price, vehicle_condition, purchase_date, seller_customer_ID, inventoryclerk_username, vehicle_type, manufacturer_name) VALUES ('N5NZQJ4VDI0775398', 'CONTINENTAL', '2014', 'Gas', 113, 'high differential; ', 16936.65, 13549.32, 'Excellent', '2023-06-25', '307192832', 'user07', 'Sedan', 'Bentley');
INSERT INTO Vehicle (VIN, model_name, model_year, fuel_type, horsepower, description, sale_price, purchase_price, vehicle_condition, purchase_date, seller_customer_ID, inventoryclerk_username, vehicle_type, manufacturer_name) VALUES ('N6N74WLAP33523834', 'RL', '2010', 'Gas', 164, 'super new ignition system; ', 3860.4, 3088.32, 'Fair', '2023-01-05', '510679263', 'user24', 'Convertible', 'Acura');
INSERT INTO Vehicle (VIN, model_name, model_year, fuel_type, horsepower, description, sale_price, purchase_price, vehicle_condition, purchase_date, seller_customer_ID, inventoryclerk_username, vehicle_type, manufacturer_name) VALUES ('N6SHU6PIZHU230217', '4C', '2015', 'Gas', 337, 'active safety features; ', 10102.7375, 8082.19, 'Good', '2023-08-20', '725273337', 'user15', 'SUV', 'Alfa Romeo');
INSERT INTO Vehicle (VIN, model_name, model_year, fuel_type, horsepower, description, sale_price, purchase_price, vehicle_condition, purchase_date, seller_customer_ID, inventoryclerk_username, vehicle_type, manufacturer_name) VALUES ('N7Z650PTGIP247286', 'C70', '2004', 'Gas', 290, 'coupe; front wheel drive; ', 3295.2625, 2636.21, 'Fair', '2023-06-14', '159645355', 'owner', 'SUV', 'Volvo');
INSERT INTO Vehicle (VIN, model_name, model_year, fuel_type, horsepower, description, sale_price, purchase_price, vehicle_condition, purchase_date, seller_customer_ID, inventoryclerk_username, vehicle_type, manufacturer_name) VALUES ('NEWE3K53GY7625960', 'RAM 1500', '2004', 'Battery', 322, 'hatchback; good piston; ', 3021.25, 2417.0, 'Very Good', '2023-04-11', '00-6502052', 'user07', 'Truck', 'Dodge');
INSERT INTO Vehicle (VIN, model_name, model_year, fuel_type, horsepower, description, sale_price, purchase_price, vehicle_condition, purchase_date, seller_customer_ID, inventoryclerk_username, vehicle_type, manufacturer_name) VALUES ('NG2R81BAMWW204013', 'R1T', '2023', 'Gas', 189, 'engine displacement; ', 13069.625, 10455.7, 'Very Good', '2023-07-22', '71-2329540', 'user24', 'Convertible', 'Rivian');
INSERT INTO Vehicle (VIN, model_name, model_year, fuel_type, horsepower, description, sale_price, purchase_price, vehicle_condition, purchase_date, seller_customer_ID, inventoryclerk_username, vehicle_type, manufacturer_name) VALUES ('NR0UX0H7C2C321461', 'ESCALADE ESV', '2009', 'Plugin Hybrid', 317, 'Null', 15011.7, 12009.36, 'Fair', '2023-02-15', '89-5019355', 'user10', 'Van', 'Cadillac');
INSERT INTO Vehicle (VIN, model_name, model_year, fuel_type, horsepower, description, sale_price, purchase_price, vehicle_condition, purchase_date, seller_customer_ID, inventoryclerk_username, vehicle_type, manufacturer_name) VALUES ('NR8MRVX5E8D221451', 'SPARK EV', '2014', 'Gas', 196, 'Null', 7250.0625, 5800.05, 'Good', '2022-10-01', '746564763', 'user02', 'Convertible', 'Chevrolet');
INSERT INTO Vehicle (VIN, model_name, model_year, fuel_type, horsepower, description, sale_price, purchase_price, vehicle_condition, purchase_date, seller_customer_ID, inventoryclerk_username, vehicle_type, manufacturer_name) VALUES ('NVE4BVYKKN4430875', 'SPACE STAR', '2004', 'Diesel', 315, 'great rpms; ', 3438.4249999999997, 2750.74, 'Fair', '2023-01-04', '977074594', 'user05', 'Truck', 'Mitsubishi');
INSERT INTO Vehicle (VIN, model_name, model_year, fuel_type, horsepower, description, sale_price, purchase_price, vehicle_condition, purchase_date, seller_customer_ID, inventoryclerk_username, vehicle_type, manufacturer_name) VALUES ('OJ3FX6U8I0E468699', 'VANQUISH', '2002', 'Diesel', 188, 'front wheel drive; ', 1317.2125, 1053.77, 'Excellent', '2023-01-21', '23-4661232', 'user10', 'Convertible', 'Aston Martin');
INSERT INTO Vehicle (VIN, model_name, model_year, fuel_type, horsepower, description, sale_price, purchase_price, vehicle_condition, purchase_date, seller_customer_ID, inventoryclerk_username, vehicle_type, manufacturer_name) VALUES ('OPBJWWEIHPI797081', 'ELISE', '2009', 'Gas', 283, 'automatic safety features; ', 4312.675, 3450.14, 'Good', '2023-02-24', '047228901', 'user07', 'CUV', 'Lotus');
INSERT INTO Vehicle (VIN, model_name, model_year, fuel_type, horsepower, description, sale_price, purchase_price, vehicle_condition, purchase_date, seller_customer_ID, inventoryclerk_username, vehicle_type, manufacturer_name) VALUES ('OQ11DGF6RTF163062', 'TRIBUTE', '2005', 'Battery', 277, 'broad wheelbase; ', 2913.125, 2330.5, 'Fair', '2023-03-07', '874758244', 'user05', 'Truck', 'MAZDA');
INSERT INTO Vehicle (VIN, model_name, model_year, fuel_type, horsepower, description, sale_price, purchase_price, vehicle_condition, purchase_date, seller_customer_ID, inventoryclerk_username, vehicle_type, manufacturer_name) VALUES ('P6MQEVF1IQJ610623', 'K1600GT', '2014', 'Gas', 230, 'best suspension; ', 5534.662499999999, 4427.73, 'Good', '2022-11-28', '52-6404326', 'user18', 'Sedan', 'BMW');
INSERT INTO Vehicle (VIN, model_name, model_year, fuel_type, horsepower, description, sale_price, purchase_price, vehicle_condition, purchase_date, seller_customer_ID, inventoryclerk_username, vehicle_type, manufacturer_name) VALUES ('PBESRWYTH82112725', 'RENDEZVOUS', '2006', 'Gas', 246, 'no redline; ', 2839.4375, 2271.55, 'Very Good', '2023-06-20', '45-7885161', 'user24', 'Minivan', 'Buick');
INSERT INTO Vehicle (VIN, model_name, model_year, fuel_type, horsepower, description, sale_price, purchase_price, vehicle_condition, purchase_date, seller_customer_ID, inventoryclerk_username, vehicle_type, manufacturer_name) VALUES ('PEFFRGBZ281543143', 'GRANTURISMO', '2014', 'Gas', 192, 'wide cam; ', 6657.4125, 5325.93, 'Good', '2023-07-01', '860241229', 'user13', 'Convertible', 'Maserati');
INSERT INTO Vehicle (VIN, model_name, model_year, fuel_type, horsepower, description, sale_price, purchase_price, vehicle_condition, purchase_date, seller_customer_ID, inventoryclerk_username, vehicle_type, manufacturer_name) VALUES ('PIA08DCAJZT422690', 'LACROSSE', '2014', 'Hybrid', 327, 'best radiator; ', 5241.25, 4193.0, 'Excellent', '2022-11-04', '334676702', 'user05', 'CUV', 'Buick');
INSERT INTO Vehicle (VIN, model_name, model_year, fuel_type, horsepower, description, sale_price, purchase_price, vehicle_condition, purchase_date, seller_customer_ID, inventoryclerk_username, vehicle_type, manufacturer_name) VALUES ('PLT6LAJER3K107458', 'G9', '2022', 'Diesel', 346, 'Null', 17434.7125, 13947.77, 'Fair', '2023-01-22', '00-6502052', 'user05', 'Van', 'XPeng');
INSERT INTO Vehicle (VIN, model_name, model_year, fuel_type, horsepower, description, sale_price, purchase_price, vehicle_condition, purchase_date, seller_customer_ID, inventoryclerk_username, vehicle_type, manufacturer_name) VALUES ('PPL8CACMUCW104005', 'FORTWO', '2010', 'Gas', 330, 'high volume cylinder; ', 11397.9375, 9118.35, 'Excellent', '2022-08-01', '334676702', 'user17', 'Truck', 'smart');
INSERT INTO Vehicle (VIN, model_name, model_year, fuel_type, horsepower, description, sale_price, purchase_price, vehicle_condition, purchase_date, seller_customer_ID, inventoryclerk_username, vehicle_type, manufacturer_name) VALUES ('PPVYLZRPFEV326028', 'CSX', '2010', 'Gas', 271, 'wide cam; ', 12789.612500000001, 10231.69, 'Very Good', '2022-11-13', '575329711', 'user21', 'CUV', 'Acura');
INSERT INTO Vehicle (VIN, model_name, model_year, fuel_type, horsepower, description, sale_price, purchase_price, vehicle_condition, purchase_date, seller_customer_ID, inventoryclerk_username, vehicle_type, manufacturer_name) VALUES ('PX3EBB0J75G953864', 'XK8', '2002', 'Gas', 255, 'convertible; very hard struts; air filtration system; ', 6532.7, 5226.16, 'Excellent', '2023-03-30', '307192832', 'user09', 'Minivan', 'Jaguar');
INSERT INTO Vehicle (VIN, model_name, model_year, fuel_type, horsepower, description, sale_price, purchase_price, vehicle_condition, purchase_date, seller_customer_ID, inventoryclerk_username, vehicle_type, manufacturer_name) VALUES ('PXCNI2OSD7O895646', 'FG140', '2006', 'Gas', 205, 'manual transmission; ', 12956.8125, 10365.45, 'Very Good', '2022-07-16', '190151970', 'user15', 'Minivan', 'Mitsubishi');
INSERT INTO Vehicle (VIN, model_name, model_year, fuel_type, horsepower, description, sale_price, purchase_price, vehicle_condition, purchase_date, seller_customer_ID, inventoryclerk_username, vehicle_type, manufacturer_name) VALUES ('PYPAPD46NJL873425', 'FORTWO', '2015', 'Gas', 344, 'rear wheel drive; ', 12995.4125, 10396.33, 'Very Good', '2023-02-17', '003094340', 'user18', 'CUV', 'smart');
INSERT INTO Vehicle (VIN, model_name, model_year, fuel_type, horsepower, description, sale_price, purchase_price, vehicle_condition, purchase_date, seller_customer_ID, inventoryclerk_username, vehicle_type, manufacturer_name) VALUES ('PZEF1VF3KOO767751', 'R1S NEW', '2021', 'Gas', 336, 'best sedan; ', 22914.9125, 18331.93, 'Very Good', '2023-01-30', '80-4908519', 'user10', 'Truck', 'Rivian');
INSERT INTO Vehicle (VIN, model_name, model_year, fuel_type, horsepower, description, sale_price, purchase_price, vehicle_condition, purchase_date, seller_customer_ID, inventoryclerk_username, vehicle_type, manufacturer_name) VALUES ('PZF7JY7KVUR182613', 'FORFOUR', '2005', 'Gas', 306, 'wide transaxle; hatchback; ', 3455.6124999999997, 2764.49, 'Excellent', '2023-01-10', '24-0171065', 'user05', 'SUV', 'smart');
INSERT INTO Vehicle (VIN, model_name, model_year, fuel_type, horsepower, description, sale_price, purchase_price, vehicle_condition, purchase_date, seller_customer_ID, inventoryclerk_username, vehicle_type, manufacturer_name) VALUES ('Q2P2LK1ILHI808826', 'BAJA', '2004', 'Gas', 273, 'high quality carburetor; supernew catalytic converter; ', 7806.5625, 6245.25, 'Fair', '2023-06-07', '087754715', 'user05', 'Truck', 'Subaru');
INSERT INTO Vehicle (VIN, model_name, model_year, fuel_type, horsepower, description, sale_price, purchase_price, vehicle_condition, purchase_date, seller_customer_ID, inventoryclerk_username, vehicle_type, manufacturer_name) VALUES ('Q60GMZWT47I158333', 'GRANSPORT', '2006', 'Hybrid', 347, 'wide chassis; ', 4775.9625, 3820.77, 'Excellent', '2023-03-19', '575054568', 'user21', 'Coupe', 'Maserati');
INSERT INTO Vehicle (VIN, model_name, model_year, fuel_type, horsepower, description, sale_price, purchase_price, vehicle_condition, purchase_date, seller_customer_ID, inventoryclerk_username, vehicle_type, manufacturer_name) VALUES ('Q7YZUDKENN4246098', '325XI', '2005', 'Diesel', 264, 'Null', 3219.7125, 2575.77, 'Very Good', '2023-05-01', '116667329', 'owner', 'Truck', 'BMW');
INSERT INTO Vehicle (VIN, model_name, model_year, fuel_type, horsepower, description, sale_price, purchase_price, vehicle_condition, purchase_date, seller_customer_ID, inventoryclerk_username, vehicle_type, manufacturer_name) VALUES ('Q8DL7A5M6DW706622', 'A6 QUATTRO', '2003', 'Gas', 281, 'rack and pinion steering; ', 5102.775, 4082.22, 'Excellent', '2022-08-02', '89-1541922', 'owner', 'Van', 'Audi');
INSERT INTO Vehicle (VIN, model_name, model_year, fuel_type, horsepower, description, sale_price, purchase_price, vehicle_condition, purchase_date, seller_customer_ID, inventoryclerk_username, vehicle_type, manufacturer_name) VALUES ('QEQSOYDPWY5042665', 'MITO', '2015', 'Battery', 265, 'good piston; ', 8595.4, 6876.32, 'Excellent', '2022-11-12', '022691032', 'user18', 'Truck', 'Alfa Romeo');
INSERT INTO Vehicle (VIN, model_name, model_year, fuel_type, horsepower, description, sale_price, purchase_price, vehicle_condition, purchase_date, seller_customer_ID, inventoryclerk_username, vehicle_type, manufacturer_name) VALUES ('QH3G5SMTWL1655432', 'FORTWO', '2011', 'Gas', 119, 'disc brake; check the Monroney sticker - theer is nothing better than this vehicle; high block; ', 11567.662499999999, 9254.13, 'Good', '2023-01-15', '189578947', 'user09', 'Sedan', 'smart');
INSERT INTO Vehicle (VIN, model_name, model_year, fuel_type, horsepower, description, sale_price, purchase_price, vehicle_condition, purchase_date, seller_customer_ID, inventoryclerk_username, vehicle_type, manufacturer_name) VALUES ('QHAPGD3YQSF045388', 'GS-6', '2023', 'Gas', 213, 'engine displacement; ', 17037.0875, 13629.67, 'Very Good', '2023-07-09', '510679263', 'user09', 'Sedan', 'Karma');
INSERT INTO Vehicle (VIN, model_name, model_year, fuel_type, horsepower, description, sale_price, purchase_price, vehicle_condition, purchase_date, seller_customer_ID, inventoryclerk_username, vehicle_type, manufacturer_name) VALUES ('QPWTK3WNUF0594711', 'ML350', '2005', 'Gas', 191, 'good gear; power train; ', 9787.125, 7829.7, 'Excellent', '2023-01-31', '139932987', 'user20', 'Minivan', 'Mercedes-Benz');
INSERT INTO Vehicle (VIN, model_name, model_year, fuel_type, horsepower, description, sale_price, purchase_price, vehicle_condition, purchase_date, seller_customer_ID, inventoryclerk_username, vehicle_type, manufacturer_name) VALUES ('QRDJE8YRD8U529603', 'GS-6 PROS', '2023', 'Gas', 343, 'Null', 26485.324999999997, 21188.26, 'Excellent', '2023-04-23', '072491401', 'user13', 'Truck', 'Karma');
INSERT INTO Vehicle (VIN, model_name, model_year, fuel_type, horsepower, description, sale_price, purchase_price, vehicle_condition, purchase_date, seller_customer_ID, inventoryclerk_username, vehicle_type, manufacturer_name) VALUES ('QWJUBFUE74W190495', 'LEGACY', '2013', 'Plugin Hybrid', 243, 'disc brake; ', 9339.75, 7471.8, 'Good', '2023-07-21', '21-6554083', 'user18', 'SUV', 'Subaru');
INSERT INTO Vehicle (VIN, model_name, model_year, fuel_type, horsepower, description, sale_price, purchase_price, vehicle_condition, purchase_date, seller_customer_ID, inventoryclerk_username, vehicle_type, manufacturer_name) VALUES ('R6O7MCNZEA0553701', 'LFA', '2012', 'Gas', 169, 'great stabilizer bar; gap; normally aspirated; ', 7490.625, 5992.5, 'Good', '2022-08-09', '477077414', 'user10', 'Convertible', 'Lexus');
INSERT INTO Vehicle (VIN, model_name, model_year, fuel_type, horsepower, description, sale_price, purchase_price, vehicle_condition, purchase_date, seller_customer_ID, inventoryclerk_username, vehicle_type, manufacturer_name) VALUES ('RBSQUJWFZ4A708786', 'TSUBAME', '2004', 'Diesel', 194, 'normally aspirated; fuel injection; gap; ', 3076.025, 2460.82, 'Very Good', '2023-01-06', '945585317', 'user20', 'Convertible', 'Nissan');
INSERT INTO Vehicle (VIN, model_name, model_year, fuel_type, horsepower, description, sale_price, purchase_price, vehicle_condition, purchase_date, seller_customer_ID, inventoryclerk_username, vehicle_type, manufacturer_name) VALUES ('RCL5Y4CCCUM867263', 'RANGE ROVER SPORT', '2006', 'Plugin Hybrid', 280, 'original equipment manufacturer (OEM) parts; ', 3119.1000000000004, 2495.28, 'Very Good', '2022-10-19', '629812240', 'user10', 'CUV', 'Land Rover');
INSERT INTO Vehicle (VIN, model_name, model_year, fuel_type, horsepower, description, sale_price, purchase_price, vehicle_condition, purchase_date, seller_customer_ID, inventoryclerk_username, vehicle_type, manufacturer_name) VALUES ('RJFS2TGCIQ3754282', 'MKX', '2010', 'Gas', 179, 'Null', 4469.1625, 3575.33, 'Good', '2023-01-09', '500034298', 'user11', 'Convertible', 'Lincoln');
INSERT INTO Vehicle (VIN, model_name, model_year, fuel_type, horsepower, description, sale_price, purchase_price, vehicle_condition, purchase_date, seller_customer_ID, inventoryclerk_username, vehicle_type, manufacturer_name) VALUES ('RLDE4ATQ47P565906', 'INTREPID', '2004', 'Gas', 237, 'rack and pinion steering; best suspension; ', 2851.9, 2281.52, 'Excellent', '2023-07-10', '566053758', 'user20', 'Minivan', 'Dodge');
INSERT INTO Vehicle (VIN, model_name, model_year, fuel_type, horsepower, description, sale_price, purchase_price, vehicle_condition, purchase_date, seller_customer_ID, inventoryclerk_username, vehicle_type, manufacturer_name) VALUES ('RLRM7DYGMQU101483', 'F650', '2002', 'Hybrid', 224, 'Null', 6298.8, 5039.04, 'Fair', '2022-09-09', '91-3927038', 'user21', 'CUV', 'Ford');
INSERT INTO Vehicle (VIN, model_name, model_year, fuel_type, horsepower, description, sale_price, purchase_price, vehicle_condition, purchase_date, seller_customer_ID, inventoryclerk_username, vehicle_type, manufacturer_name) VALUES ('RO4NPMLPRAU291778', '370Z', '2009', 'Gas', 288, 'Null', 15248.1625, 12198.53, 'Very Good', '2023-08-23', '71-5402425', 'user07', 'SUV', 'Nissan');
INSERT INTO Vehicle (VIN, model_name, model_year, fuel_type, horsepower, description, sale_price, purchase_price, vehicle_condition, purchase_date, seller_customer_ID, inventoryclerk_username, vehicle_type, manufacturer_name) VALUES ('RQT7QTVEXT0674936', 'V8 VANTAGE', '2014', 'Gas', 240, 'original equipment manufacturer (OEM) parts; pickup; ', 22316.774999999998, 17853.42, 'Excellent', '2023-06-12', '904213466', 'user02', 'Minivan', 'Aston Martin');
INSERT INTO Vehicle (VIN, model_name, model_year, fuel_type, horsepower, description, sale_price, purchase_price, vehicle_condition, purchase_date, seller_customer_ID, inventoryclerk_username, vehicle_type, manufacturer_name) VALUES ('RYY32CGB7QR718629', 'G9', '2020', 'Gas', 182, 'normally aspirated; ', 13121.6, 10497.28, 'Good', '2022-11-05', '190151970', 'user05', 'Minivan', 'XPeng');
INSERT INTO Vehicle (VIN, model_name, model_year, fuel_type, horsepower, description, sale_price, purchase_price, vehicle_condition, purchase_date, seller_customer_ID, inventoryclerk_username, vehicle_type, manufacturer_name) VALUES ('S3OPBKGXWAZ659884', 'V40', '2003', 'Gas', 307, 'wide transaxle; ', 4204.45, 3363.56, 'Very Good', '2022-07-22', '48-2042583', 'user12', 'CUV', 'Volvo');
INSERT INTO Vehicle (VIN, model_name, model_year, fuel_type, horsepower, description, sale_price, purchase_price, vehicle_condition, purchase_date, seller_customer_ID, inventoryclerk_username, vehicle_type, manufacturer_name) VALUES ('SAK8I3JJ105230630', 'EXIGE', '2008', 'Gas', 215, 'supernew catalytic converter; all passive safety features; detail; ', 11173.675000000001, 8938.94, 'Good', '2023-03-27', '692263332', 'owner', 'Minivan', 'Lotus');
INSERT INTO Vehicle (VIN, model_name, model_year, fuel_type, horsepower, description, sale_price, purchase_price, vehicle_condition, purchase_date, seller_customer_ID, inventoryclerk_username, vehicle_type, manufacturer_name) VALUES ('SD2X8HRQ6LA547754', '300M', '2004', 'Plugin Hybrid', 318, 'wide transaxle; ', 2254.475, 1803.58, 'Fair', '2022-10-21', '329866577', 'user21', 'CUV', 'Chrysler');
INSERT INTO Vehicle (VIN, model_name, model_year, fuel_type, horsepower, description, sale_price, purchase_price, vehicle_condition, purchase_date, seller_customer_ID, inventoryclerk_username, vehicle_type, manufacturer_name) VALUES ('SDRDJVHRDEY589102', 'RL', '2006', 'Gas', 291, 'Null', 2749.0750000000003, 2199.26, 'Very Good', '2023-07-31', '694670985', 'user13', 'SUV', 'Acura');
INSERT INTO Vehicle (VIN, model_name, model_year, fuel_type, horsepower, description, sale_price, purchase_price, vehicle_condition, purchase_date, seller_customer_ID, inventoryclerk_username, vehicle_type, manufacturer_name) VALUES ('SJTYF7S2DOK527698', 'PANAMERA', '2010', 'Gas', 233, 'Null', 6736.625, 5389.3, 'Good', '2023-05-29', '591437032', 'user11', 'Sedan', 'Porsche');
INSERT INTO Vehicle (VIN, model_name, model_year, fuel_type, horsepower, description, sale_price, purchase_price, vehicle_condition, purchase_date, seller_customer_ID, inventoryclerk_username, vehicle_type, manufacturer_name) VALUES ('SR4SDAVQ7PE310529', 'SOLARA', '2005', 'Gas', 329, 'unibody construction; super new ignition system; ', 6718.25, 5374.6, 'Fair', '2023-04-18', '938929270', 'user24', 'CUV', 'Toyota');
INSERT INTO Vehicle (VIN, model_name, model_year, fuel_type, horsepower, description, sale_price, purchase_price, vehicle_condition, purchase_date, seller_customer_ID, inventoryclerk_username, vehicle_type, manufacturer_name) VALUES ('T00X580HYD6011764', 'A5 QUATTRO', '2011', 'Gas', 303, 'small spark plug gap; best oil pump; ', 21778.3625, 17422.69, 'Very Good', '2023-04-07', '157634981', 'user11', 'Truck', 'Audi');
INSERT INTO Vehicle (VIN, model_name, model_year, fuel_type, horsepower, description, sale_price, purchase_price, vehicle_condition, purchase_date, seller_customer_ID, inventoryclerk_username, vehicle_type, manufacturer_name) VALUES ('T243JSSHR0A986592', 'ELISE', '2007', 'Gas', 190, 'super new ignition system; ', 3582.525, 2866.02, 'Fair', '2023-04-09', '89-5019355', 'user12', 'Sedan', 'Lotus');
INSERT INTO Vehicle (VIN, model_name, model_year, fuel_type, horsepower, description, sale_price, purchase_price, vehicle_condition, purchase_date, seller_customer_ID, inventoryclerk_username, vehicle_type, manufacturer_name) VALUES ('T4ZU00SL0FM541576', 'CANYON', '2005', 'Diesel', 311, 'broad wheelbase; automatic safety features; ', 5728.762500000001, 4583.01, 'Fair', '2022-12-05', '524692391', 'user02', 'Truck', 'GMC');
INSERT INTO Vehicle (VIN, model_name, model_year, fuel_type, horsepower, description, sale_price, purchase_price, vehicle_condition, purchase_date, seller_customer_ID, inventoryclerk_username, vehicle_type, manufacturer_name) VALUES ('T5C2LPXJ6EV337528', 'G9', '2021', 'Gas', 263, 'Null', 14543.824999999999, 11635.06, 'Good', '2023-07-12', '143539190', 'user02', 'Coupe', 'XPeng');
INSERT INTO Vehicle (VIN, model_name, model_year, fuel_type, horsepower, description, sale_price, purchase_price, vehicle_condition, purchase_date, seller_customer_ID, inventoryclerk_username, vehicle_type, manufacturer_name) VALUES ('T7QN0RYWNOR420799', 'MP4-12C', '2014', 'Gas', 314, 'wide transaxle; ', 6673.025, 5338.42, 'Good', '2022-10-05', '29-1505280', 'user09', 'CUV', 'McLaren');
INSERT INTO Vehicle (VIN, model_name, model_year, fuel_type, horsepower, description, sale_price, purchase_price, vehicle_condition, purchase_date, seller_customer_ID, inventoryclerk_username, vehicle_type, manufacturer_name) VALUES ('TC4853NNGV8281503', 'SUBURBAN 1500', '2011', 'Natural Gas', 199, 'Null', 8424.974999999999, 6739.98, 'Good', '2022-12-15', '17-0197151', 'user13', 'Minivan', 'Chevrolet');
INSERT INTO Vehicle (VIN, model_name, model_year, fuel_type, horsepower, description, sale_price, purchase_price, vehicle_condition, purchase_date, seller_customer_ID, inventoryclerk_username, vehicle_type, manufacturer_name) VALUES ('TNKMV3WVVH4431089', 'ES8 NEW', '2023', 'Gas', 294, 'best oil pump; ultra new transmission; ', 13640.462500000001, 10912.37, 'Very Good', '2022-07-27', '86-1158388', 'owner', 'Coupe', 'Nio');
INSERT INTO Vehicle (VIN, model_name, model_year, fuel_type, horsepower, description, sale_price, purchase_price, vehicle_condition, purchase_date, seller_customer_ID, inventoryclerk_username, vehicle_type, manufacturer_name) VALUES ('TPH6V84MCP2752251', 'COBALT', '2010', 'Gas', 120, 'anti-lock brake system (ABS); ', 5249.525, 4199.62, 'Excellent', '2022-09-19', '17-1405708', 'user18', 'Sedan', 'Chevrolet');
INSERT INTO Vehicle (VIN, model_name, model_year, fuel_type, horsepower, description, sale_price, purchase_price, vehicle_condition, purchase_date, seller_customer_ID, inventoryclerk_username, vehicle_type, manufacturer_name) VALUES ('TSKEZMWTN2C772047', 'S40', '2004', 'Gas', 213, 'electronic transmission; ', 2535.2125, 2028.17, 'Excellent', '2022-07-19', '416352320', 'user13', 'Minivan', 'Volvo');
INSERT INTO Vehicle (VIN, model_name, model_year, fuel_type, horsepower, description, sale_price, purchase_price, vehicle_condition, purchase_date, seller_customer_ID, inventoryclerk_username, vehicle_type, manufacturer_name) VALUES ('TSZ1KL4E1GB345118', 'DEFENDER', '2012', 'Gas', 368, 'modern dashboard; ', 11333.7625, 9067.01, 'Good', '2022-09-27', '626322844', 'user12', 'CUV', 'Land Rover');
INSERT INTO Vehicle (VIN, model_name, model_year, fuel_type, horsepower, description, sale_price, purchase_price, vehicle_condition, purchase_date, seller_customer_ID, inventoryclerk_username, vehicle_type, manufacturer_name) VALUES ('TVGHAGV52ZK295053', 'G20', '2002', 'Hybrid', 154, 'sturdy rear axle assembly; ', 3360.2, 2688.16, 'Very Good', '2022-10-26', '860241229', 'user21', 'Sedan', 'INFINITI');
INSERT INTO Vehicle (VIN, model_name, model_year, fuel_type, horsepower, description, sale_price, purchase_price, vehicle_condition, purchase_date, seller_customer_ID, inventoryclerk_username, vehicle_type, manufacturer_name) VALUES ('TWQZPGJM4DR331537', 'M45', '2008', 'Plugin Hybrid', 241, 'no redline; active safety features; ', 3309.95, 2647.96, 'Good', '2023-08-20', '977074594', 'user13', 'SUV', 'INFINITI');
INSERT INTO Vehicle (VIN, model_name, model_year, fuel_type, horsepower, description, sale_price, purchase_price, vehicle_condition, purchase_date, seller_customer_ID, inventoryclerk_username, vehicle_type, manufacturer_name) VALUES ('U73PMGHR3NU905301', 'PT CRUISER', '2006', 'Gas', 221, 'four-wheel drive; ', 4907.3375, 3925.87, 'Very Good', '2023-06-23', '556570812', 'user21', 'Minivan', 'Chrysler');
INSERT INTO Vehicle (VIN, model_name, model_year, fuel_type, horsepower, description, sale_price, purchase_price, vehicle_condition, purchase_date, seller_customer_ID, inventoryclerk_username, vehicle_type, manufacturer_name) VALUES ('U7IKYL8F8X4927973', 'F-250', '2004', 'Plugin Hybrid', 252, 'Null', 3147.3, 2517.84, 'Excellent', '2022-09-27', '519824004', 'owner', 'CUV', 'Ford');
INSERT INTO Vehicle (VIN, model_name, model_year, fuel_type, horsepower, description, sale_price, purchase_price, vehicle_condition, purchase_date, seller_customer_ID, inventoryclerk_username, vehicle_type, manufacturer_name) VALUES ('U7KH3BB3QF1504776', 'C6500 TOPKICK', '2005', 'Plugin Hybrid', 161, 'superturbocharger; ', 9347.175, 7477.74, 'Excellent', '2023-04-30', '18-0557460', 'user02', 'Sedan', 'GMC');
INSERT INTO Vehicle (VIN, model_name, model_year, fuel_type, horsepower, description, sale_price, purchase_price, vehicle_condition, purchase_date, seller_customer_ID, inventoryclerk_username, vehicle_type, manufacturer_name) VALUES ('U8EJ173KSZC747630', 'DAKOTA', '2010', 'Gas', 214, 'wide cam; ', 5340.349999999999, 4272.28, 'Good', '2023-08-25', '71-2329540', 'user20', 'Minivan', 'Ram');
INSERT INTO Vehicle (VIN, model_name, model_year, fuel_type, horsepower, description, sale_price, purchase_price, vehicle_condition, purchase_date, seller_customer_ID, inventoryclerk_username, vehicle_type, manufacturer_name) VALUES ('UDE781XTUA1070992', 'ROADSTER', '2009', 'Gas', 366, 'high quality carburetor; ', 15844.400000000001, 12675.52, 'Very Good', '2023-01-17', '44-6640568', 'user09', 'Coupe', 'Tesla');
INSERT INTO Vehicle (VIN, model_name, model_year, fuel_type, horsepower, description, sale_price, purchase_price, vehicle_condition, purchase_date, seller_customer_ID, inventoryclerk_username, vehicle_type, manufacturer_name) VALUES ('UHNJLMAYL3Z014146', '458 SPIDER', '2014', 'Gas', 299, 'great rpms; ', 10096.15, 8076.92, 'Very Good', '2022-08-24', '168032201', 'user10', 'Truck', 'Ferrari');
INSERT INTO Vehicle (VIN, model_name, model_year, fuel_type, horsepower, description, sale_price, purchase_price, vehicle_condition, purchase_date, seller_customer_ID, inventoryclerk_username, vehicle_type, manufacturer_name) VALUES ('UJXTQIJ6PUG086494', 'V8 VANTAGE', '2013', 'Gas', 239, 'best sedan; ', 21587.024999999998, 17269.62, 'Good', '2022-11-29', '804718897', 'user05', 'CUV', 'Aston Martin');
INSERT INTO Vehicle (VIN, model_name, model_year, fuel_type, horsepower, description, sale_price, purchase_price, vehicle_condition, purchase_date, seller_customer_ID, inventoryclerk_username, vehicle_type, manufacturer_name) VALUES ('UOGYWMEC33D484399', 'GRANSPORT', '2006', 'Plugin Hybrid', 184, 'broad wheelbase; ', 4852.6375, 3882.11, 'Good', '2022-10-20', '626322844', 'user18', 'Minivan', 'Maserati');
INSERT INTO Vehicle (VIN, model_name, model_year, fuel_type, horsepower, description, sale_price, purchase_price, vehicle_condition, purchase_date, seller_customer_ID, inventoryclerk_username, vehicle_type, manufacturer_name) VALUES ('US6XUXEBB7J677669', 'E250', '2012', 'Gas', 131, 'Null', 9710.025000000001, 7768.02, 'Very Good', '2023-06-05', '489738648', 'user02', 'Sedan', 'Mercedes-Benz');
INSERT INTO Vehicle (VIN, model_name, model_year, fuel_type, horsepower, description, sale_price, purchase_price, vehicle_condition, purchase_date, seller_customer_ID, inventoryclerk_username, vehicle_type, manufacturer_name) VALUES ('USQTBTRES6C396411', '320I', '2005', 'Gas', 338, 'convertible; ', 7354.7375, 5883.79, 'Fair', '2022-11-24', '00-3992833', 'user13', 'Van', 'BMW');
INSERT INTO Vehicle (VIN, model_name, model_year, fuel_type, horsepower, description, sale_price, purchase_price, vehicle_condition, purchase_date, seller_customer_ID, inventoryclerk_username, vehicle_type, manufacturer_name) VALUES ('UYFIPOJKG8M784198', 'FREELANDER', '2002', 'Gas', 121, 'good gear; ', 4268.8, 3415.04, 'Very Good', '2022-08-05', '410614165', 'user12', 'Sedan', 'Land Rover');
INSERT INTO Vehicle (VIN, model_name, model_year, fuel_type, horsepower, description, sale_price, purchase_price, vehicle_condition, purchase_date, seller_customer_ID, inventoryclerk_username, vehicle_type, manufacturer_name) VALUES ('UZ2261G58WF281968', 'R1S NEW', '2022', 'Plugin Hybrid', 141, 'best possible traction; ', 27741.5, 22193.2, 'Excellent', '2023-07-11', '860241229', 'user02', 'Sedan', 'Rivian');
INSERT INTO Vehicle (VIN, model_name, model_year, fuel_type, horsepower, description, sale_price, purchase_price, vehicle_condition, purchase_date, seller_customer_ID, inventoryclerk_username, vehicle_type, manufacturer_name) VALUES ('UZMOJESJGYB516120', 'MITO', '2012', 'Gas', 303, 'electronic transmission; ', 7781.125, 6224.9, 'Fair', '2023-07-02', '303794079', 'user15', 'CUV', 'Alfa Romeo');
INSERT INTO Vehicle (VIN, model_name, model_year, fuel_type, horsepower, description, sale_price, purchase_price, vehicle_condition, purchase_date, seller_customer_ID, inventoryclerk_username, vehicle_type, manufacturer_name) VALUES ('V1NVZM13MTZ321642', 'C32 AMG', '2003', 'Gas', 228, 'Null', 2515.575, 2012.46, 'Fair', '2023-08-13', '613205626', 'user20', 'Minivan', 'Mercedes-Benz');
INSERT INTO Vehicle (VIN, model_name, model_year, fuel_type, horsepower, description, sale_price, purchase_price, vehicle_condition, purchase_date, seller_customer_ID, inventoryclerk_username, vehicle_type, manufacturer_name) VALUES ('VLYSREO4D36135371', 'SPIDER', '2008', 'Plugin Hybrid', 192, 'superturbocharger; rear wheel drive; ', 10306.1125, 8244.89, 'Excellent', '2023-02-27', '55-6187762', 'user15', 'Convertible', 'Alfa Romeo');
INSERT INTO Vehicle (VIN, model_name, model_year, fuel_type, horsepower, description, sale_price, purchase_price, vehicle_condition, purchase_date, seller_customer_ID, inventoryclerk_username, vehicle_type, manufacturer_name) VALUES ('VMHK0HNQTW3691881', 'CC', '2013', 'Diesel', 294, 'modern dashboard; ', 9304.400000000001, 7443.52, 'Excellent', '2023-07-16', '64-3263338', 'user15', 'Van', 'Volkswagen');
INSERT INTO Vehicle (VIN, model_name, model_year, fuel_type, horsepower, description, sale_price, purchase_price, vehicle_condition, purchase_date, seller_customer_ID, inventoryclerk_username, vehicle_type, manufacturer_name) VALUES ('VWF36GH8UML053642', 'STS', '2007', 'Plugin Hybrid', 324, 'superturbocharger; station wagon (Also known as wagon.); safe oil ring; ', 10027.4875, 8021.99, 'Fair', '2023-01-09', '190389930', 'user02', 'Coupe', 'Cadillac');
INSERT INTO Vehicle (VIN, model_name, model_year, fuel_type, horsepower, description, sale_price, purchase_price, vehicle_condition, purchase_date, seller_customer_ID, inventoryclerk_username, vehicle_type, manufacturer_name) VALUES ('VZJVASAMKKS604221', 'EVORA', '2014', 'Gas', 182, 'best sedan; ', 9963.099999999999, 7970.48, 'Excellent', '2022-07-09', '061387114', 'user09', 'Sedan', 'Lotus');
INSERT INTO Vehicle (VIN, model_name, model_year, fuel_type, horsepower, description, sale_price, purchase_price, vehicle_condition, purchase_date, seller_customer_ID, inventoryclerk_username, vehicle_type, manufacturer_name) VALUES ('W2TZ8TM4KYP471843', 'EQUUS', '2013', 'Plugin Hybrid', 259, 'drum brake; electronic transmission; super new ignition system; ', 11275.650000000001, 9020.52, 'Excellent', '2023-02-26', '68-5291728', 'user21', 'CUV', 'Hyundai');
INSERT INTO Vehicle (VIN, model_name, model_year, fuel_type, horsepower, description, sale_price, purchase_price, vehicle_condition, purchase_date, seller_customer_ID, inventoryclerk_username, vehicle_type, manufacturer_name) VALUES ('W53DF32ONVV569395', 'EMGRAND S', '2019', 'Gas', 391, 'strong muffler; ', 19562.225000000002, 15649.78, 'Good', '2023-06-22', '633816225', 'user17', 'SUV', 'Geeley');
INSERT INTO Vehicle (VIN, model_name, model_year, fuel_type, horsepower, description, sale_price, purchase_price, vehicle_condition, purchase_date, seller_customer_ID, inventoryclerk_username, vehicle_type, manufacturer_name) VALUES ('WA73P2TB0BO402832', 'GX470', '2003', 'Gas', 271, 'anti-lock brake system (ABS); ', 2197.325, 1757.86, 'Excellent', '2023-02-16', '303794079', 'user21', 'Van', 'Lexus');
INSERT INTO Vehicle (VIN, model_name, model_year, fuel_type, horsepower, description, sale_price, purchase_price, vehicle_condition, purchase_date, seller_customer_ID, inventoryclerk_username, vehicle_type, manufacturer_name) VALUES ('WBMXRC0KFEQ531154', 'CROSSFOX', '2009', 'Battery', 396, 'super new ignition system; ', 6650.75, 5320.6, 'Excellent', '2022-12-23', '649248115', 'user09', 'SUV', 'Volkswagen');
INSERT INTO Vehicle (VIN, model_name, model_year, fuel_type, horsepower, description, sale_price, purchase_price, vehicle_condition, purchase_date, seller_customer_ID, inventoryclerk_username, vehicle_type, manufacturer_name) VALUES ('WJFKT6K3CDS809623', 'F-TYPE', '2014', 'Gas', 393, 'good gear; sport utility vehicle-SUV; oversteer; ', 23556.5375, 18845.23, 'Excellent', '2022-12-31', '626322844', 'user18', 'Coupe', 'Jaguar');
INSERT INTO Vehicle (VIN, model_name, model_year, fuel_type, horsepower, description, sale_price, purchase_price, vehicle_condition, purchase_date, seller_customer_ID, inventoryclerk_username, vehicle_type, manufacturer_name) VALUES ('WJN637K4U06642593', 'COUNTRYMAN', '2011', 'Fuel Cell', 220, 'crumple zones; ', 18656.0375, 14924.83, 'Excellent', '2022-11-20', '00-6502052', 'user02', 'Sedan', 'MINI');
INSERT INTO Vehicle (VIN, model_name, model_year, fuel_type, horsepower, description, sale_price, purchase_price, vehicle_condition, purchase_date, seller_customer_ID, inventoryclerk_username, vehicle_type, manufacturer_name) VALUES ('WUD6UHNVINU339156', 'A6', '2003', 'Gas', 207, 'great stabilizer bar; ', 5894.987499999999, 4715.99, 'Good', '2022-08-17', '80-1084912', 'user12', 'Sedan', 'Audi');
INSERT INTO Vehicle (VIN, model_name, model_year, fuel_type, horsepower, description, sale_price, purchase_price, vehicle_condition, purchase_date, seller_customer_ID, inventoryclerk_username, vehicle_type, manufacturer_name) VALUES ('WXATONNZWKV888088', '456 M GT', '2002', 'Gas', 145, 'Null', 2650.2375, 2120.19, 'Excellent', '2023-04-10', '556570812', 'user24', 'Sedan', 'Ferrari');
INSERT INTO Vehicle (VIN, model_name, model_year, fuel_type, horsepower, description, sale_price, purchase_price, vehicle_condition, purchase_date, seller_customer_ID, inventoryclerk_username, vehicle_type, manufacturer_name) VALUES ('X5MLJ3CUPNB099293', 'G9', '2023', 'Gas', 164, 'very hard struts; ', 20481.412500000002, 16385.13, 'Very Good', '2023-02-02', '977074594', 'user18', 'Convertible', 'XPeng');
INSERT INTO Vehicle (VIN, model_name, model_year, fuel_type, horsepower, description, sale_price, purchase_price, vehicle_condition, purchase_date, seller_customer_ID, inventoryclerk_username, vehicle_type, manufacturer_name) VALUES ('XCYACD0XN81334516', 'NV2500', '2014', 'Hybrid', 348, 'modern dashboard; ', 8710.875, 6968.7, 'Fair', '2023-03-17', '416352320', 'user18', 'CUV', 'Nissan');
INSERT INTO Vehicle (VIN, model_name, model_year, fuel_type, horsepower, description, sale_price, purchase_price, vehicle_condition, purchase_date, seller_customer_ID, inventoryclerk_username, vehicle_type, manufacturer_name) VALUES ('XEGBS0XOI2N387757', 'XINGYUE L', '2023', 'Hybrid', 369, 'air filtration system; ', 15333.7875, 12267.03, 'Excellent', '2022-12-19', '934237940', 'owner', 'Van', 'Geeley');
INSERT INTO Vehicle (VIN, model_name, model_year, fuel_type, horsepower, description, sale_price, purchase_price, vehicle_condition, purchase_date, seller_customer_ID, inventoryclerk_username, vehicle_type, manufacturer_name) VALUES ('XFZA0H1LN1P361906', 'COOPER PACEMAN', '2013', 'Gas', 150, 'very hard struts; ', 10610.875, 8488.7, 'Fair', '2023-04-05', '101246549', 'owner', 'Convertible', 'MINI');
INSERT INTO Vehicle (VIN, model_name, model_year, fuel_type, horsepower, description, sale_price, purchase_price, vehicle_condition, purchase_date, seller_customer_ID, inventoryclerk_username, vehicle_type, manufacturer_name) VALUES ('XLQBDQWBZDN084612', 'NITRO', '2007', 'Plugin Hybrid', 257, 'automatic valves; ', 6368.9125, 5095.13, 'Very Good', '2022-10-19', '147820188', 'user05', 'CUV', 'Dodge');
INSERT INTO Vehicle (VIN, model_name, model_year, fuel_type, horsepower, description, sale_price, purchase_price, vehicle_condition, purchase_date, seller_customer_ID, inventoryclerk_username, vehicle_type, manufacturer_name) VALUES ('XPUC8ERWM0W803922', 'SANTA FE', '2003', 'Plugin Hybrid', 104, 'pickup; ', 5013.0875, 4010.47, 'Fair', '2022-10-20', '977074594', 'user21', 'Sedan', 'Hyundai');
INSERT INTO Vehicle (VIN, model_name, model_year, fuel_type, horsepower, description, sale_price, purchase_price, vehicle_condition, purchase_date, seller_customer_ID, inventoryclerk_username, vehicle_type, manufacturer_name) VALUES ('Y033F7MCLW5266860', 'E400', '2015', 'Diesel', 300, 'original equipment manufacturer (OEM) parts; sturdy rear axle assembly; wide cam; ', 7901.3375, 6321.07, 'Good', '2023-02-07', '694670985', 'user07', 'SUV', 'Mercedes-Benz');
INSERT INTO Vehicle (VIN, model_name, model_year, fuel_type, horsepower, description, sale_price, purchase_price, vehicle_condition, purchase_date, seller_customer_ID, inventoryclerk_username, vehicle_type, manufacturer_name) VALUES ('Y4M46JG6P4R842099', 'ROUTAN', '2011', 'Gas', 191, 'coupe; minivan; drive shaft; ', 4208.15, 3366.52, 'Very Good', '2022-07-08', '725273337', 'user12', 'Convertible', 'Volkswagen');
INSERT INTO Vehicle (VIN, model_name, model_year, fuel_type, horsepower, description, sale_price, purchase_price, vehicle_condition, purchase_date, seller_customer_ID, inventoryclerk_username, vehicle_type, manufacturer_name) VALUES ('Y56Q2GI1LS6727671', 'MX-5 MIATA', '2009', 'Gas', 193, 'gap; gap; ', 7041.837500000001, 5633.47, 'Very Good', '2022-09-12', '003094340', 'user10', 'Sedan', 'MAZDA');
INSERT INTO Vehicle (VIN, model_name, model_year, fuel_type, horsepower, description, sale_price, purchase_price, vehicle_condition, purchase_date, seller_customer_ID, inventoryclerk_username, vehicle_type, manufacturer_name) VALUES ('YITE7BMX1N7857452', 'COOPER', '2015', 'Gas', 246, 'no understeer; four-wheel drive; ', 6010.1, 4808.08, 'Excellent', '2023-08-24', '91-3927038', 'user13', 'Minivan', 'MINI');
INSERT INTO Vehicle (VIN, model_name, model_year, fuel_type, horsepower, description, sale_price, purchase_price, vehicle_condition, purchase_date, seller_customer_ID, inventoryclerk_username, vehicle_type, manufacturer_name) VALUES ('YL8S255YJYA054546', 'FORFOUR', '2005', 'Gas', 248, 'Null', 3478.675, 2782.94, 'Excellent', '2023-04-11', '83-4769864', 'user09', 'Coupe', 'smart');
INSERT INTO Vehicle (VIN, model_name, model_year, fuel_type, horsepower, description, sale_price, purchase_price, vehicle_condition, purchase_date, seller_customer_ID, inventoryclerk_username, vehicle_type, manufacturer_name) VALUES ('YVMVY2BZAR4435152', '335I GT XDRIVE', '2015', 'Gas', 199, 'high differential; ', 4501.0375, 3600.83, 'Very Good', '2023-04-26', '395276449', 'user17', 'Minivan', 'BMW');
INSERT INTO Vehicle (VIN, model_name, model_year, fuel_type, horsepower, description, sale_price, purchase_price, vehicle_condition, purchase_date, seller_customer_ID, inventoryclerk_username, vehicle_type, manufacturer_name) VALUES ('Z0G16U7UDC0331707', 'DBS', '2008', 'Battery', 317, 'good gear; ', 4265.612499999999, 3412.49, 'Excellent', '2022-11-15', '355956538', 'user09', 'Truck', 'Aston Martin');
INSERT INTO Vehicle (VIN, model_name, model_year, fuel_type, horsepower, description, sale_price, purchase_price, vehicle_condition, purchase_date, seller_customer_ID, inventoryclerk_username, vehicle_type, manufacturer_name) VALUES ('Z1AKLYZDZLY858148', 'GRANDE PUNTO', '2007', 'Gas', 309, 'no backfire/backfiring; fuel injection; ', 11797.662499999999, 9438.13, 'Excellent', '2022-10-04', '52-6591460', 'user12', 'Coupe', 'FIAT');
INSERT INTO Vehicle (VIN, model_name, model_year, fuel_type, horsepower, description, sale_price, purchase_price, vehicle_condition, purchase_date, seller_customer_ID, inventoryclerk_username, vehicle_type, manufacturer_name) VALUES ('Z7I1HGSFYSF704101', 'ASPEN', '2007', 'Natural Gas', 256, 'great rpms; ', 11935.1875, 9548.15, 'Very Good', '2023-05-18', '147820188', 'user11', 'Truck', 'Chrysler');
INSERT INTO Vehicle (VIN, model_name, model_year, fuel_type, horsepower, description, sale_price, purchase_price, vehicle_condition, purchase_date, seller_customer_ID, inventoryclerk_username, vehicle_type, manufacturer_name) VALUES ('ZAGIZGOGIZ6802854', 'MKZ', '2010', 'Plugin Hybrid', 323, 'Null', 5528.5375, 4422.83, 'Very Good', '2022-09-16', '033375455', 'user11', 'Coupe', 'Lincoln');
INSERT INTO Vehicle (VIN, model_name, model_year, fuel_type, horsepower, description, sale_price, purchase_price, vehicle_condition, purchase_date, seller_customer_ID, inventoryclerk_username, vehicle_type, manufacturer_name) VALUES ('ZBSRSJEASBE950499', 'EOS', '2009', 'Plugin Hybrid', 220, 'drum brake; drum brake; great stabilizer bar; ', 18096.0375, 14476.83, 'Very Good', '2023-02-12', '190389930', 'user07', 'Sedan', 'Volkswagen');
INSERT INTO Vehicle (VIN, model_name, model_year, fuel_type, horsepower, description, sale_price, purchase_price, vehicle_condition, purchase_date, seller_customer_ID, inventoryclerk_username, vehicle_type, manufacturer_name) VALUES ('ZC1QS3Y7MOM256400', 'AVALON', '2014', 'Battery', 343, 'safe oil ring; ', 6534.9375, 5227.95, 'Excellent', '2022-07-28', '002868452', 'user09', 'Truck', 'Toyota');
INSERT INTO Vehicle (VIN, model_name, model_year, fuel_type, horsepower, description, sale_price, purchase_price, vehicle_condition, purchase_date, seller_customer_ID, inventoryclerk_username, vehicle_type, manufacturer_name) VALUES ('ZJ8V6INQOV2978667', 'FORTWO', '2008', 'Plugin Hybrid', 201, 'best oil pump; ', 10295.150000000001, 8236.12, 'Fair', '2022-08-18', '025917237', 'user13', 'Sedan', 'smart');
INSERT INTO Vehicle (VIN, model_name, model_year, fuel_type, horsepower, description, sale_price, purchase_price, vehicle_condition, purchase_date, seller_customer_ID, inventoryclerk_username, vehicle_type, manufacturer_name) VALUES ('ZKE5A1ZF45J937308', 'MONTERO', '2006', 'Gas', 290, 'station wagon (Also known as wagon.); great stabilizer bar; ', 5877.6625, 4702.13, 'Very Good', '2023-03-31', '766904975', 'user17', 'Truck', 'Mitsubishi');
INSERT INTO Vehicle (VIN, model_name, model_year, fuel_type, horsepower, description, sale_price, purchase_price, vehicle_condition, purchase_date, seller_customer_ID, inventoryclerk_username, vehicle_type, manufacturer_name) VALUES ('ZO23XPTPQGF782695', 'QX56', '2004', 'Plugin Hybrid', 386, 'air filtration system; ', 3192.0, 2553.6, 'Excellent', '2022-11-16', '283775388', 'user18', 'CUV', 'INFINITI');
INSERT INTO Vehicle (VIN, model_name, model_year, fuel_type, horsepower, description, sale_price, purchase_price, vehicle_condition, purchase_date, seller_customer_ID, inventoryclerk_username, vehicle_type, manufacturer_name) VALUES ('ZPPXCCIV5JU440482', 'R1S NEW', '2023', 'Battery', 314, 'good piston; ', 32226.175, 25780.94, 'Fair', '2022-09-08', '876465935', 'user13', 'Truck', 'Rivian');
INSERT INTO Vehicle (VIN, model_name, model_year, fuel_type, horsepower, description, sale_price, purchase_price, vehicle_condition, purchase_date, seller_customer_ID, inventoryclerk_username, vehicle_type, manufacturer_name) VALUES ('ZTFFYASAAMG348199', 'B2300', '2007', 'Gas', 210, 'best possible traction; ', 15538.9625, 12431.17, 'Fair', '2023-01-25', '580630500', 'user05', 'Sedan', 'MAZDA');
INSERT INTO Vehicle (VIN, model_name, model_year, fuel_type, horsepower, description, sale_price, purchase_price, vehicle_condition, purchase_date, seller_customer_ID, inventoryclerk_username, vehicle_type, manufacturer_name) VALUES ('ZX85QCBBBIP411923', 'SEDAN', '2004', 'Gas', 388, 'great stabilizer bar; ', 6315.587500000001, 5052.47, 'Good', '2022-07-27', '491580595', 'user24', 'Coupe', 'Volkswagen');
INSERT INTO Vehicle (VIN, model_name, model_year, fuel_type, horsepower, description, sale_price, purchase_price, vehicle_condition, purchase_date, seller_customer_ID, inventoryclerk_username, vehicle_type, manufacturer_name) VALUES ('ZZUFHYJV0FI610258', 'GS-6 PROS', '2023', 'Gas', 304, 'crankcase; innovative air bags; crankcase; ', 26515.1375, 21212.11, 'Excellent', '2023-01-19', '329866577', 'owner', 'Van', 'Karma');

-- Inserting Colors
INSERT INTO Colors (color) VALUES ('Aluminum');
INSERT INTO Colors (color) VALUES ('Beige');
INSERT INTO Colors (color) VALUES ('Black');
INSERT INTO Colors (color) VALUES ('Blue');
INSERT INTO Colors (color) VALUES ('Brown');
INSERT INTO Colors (color) VALUES ('Bronze');
INSERT INTO Colors (color) VALUES ('Claret');
INSERT INTO Colors (color) VALUES ('Copper');
INSERT INTO Colors (color) VALUES ('Cream');
INSERT INTO Colors (color) VALUES ('Gold');
INSERT INTO Colors (color) VALUES ('Gray');
INSERT INTO Colors (color) VALUES ('Green');
INSERT INTO Colors (color) VALUES ('Maroon');
INSERT INTO Colors (color) VALUES ('Metallic');
INSERT INTO Colors (color) VALUES ('Navy');
INSERT INTO Colors (color) VALUES ('Orange');
INSERT INTO Colors (color) VALUES ('Pink');
INSERT INTO Colors (color) VALUES ('Purple');
INSERT INTO Colors (color) VALUES ('Red');
INSERT INTO Colors (color) VALUES ('Rose');
INSERT INTO Colors (color) VALUES ('Rust');
INSERT INTO Colors (color) VALUES ('Silver');
INSERT INTO Colors (color) VALUES ('Tan');
INSERT INTO Colors (color) VALUES ('Turquoise');
INSERT INTO Colors (color) VALUES ('White');
INSERT INTO Colors (color) VALUES ('Yellow');

-- Inserting Vehicle_color
INSERT INTO Vehicle_color (VIN, color) VALUES ('01CHA2S3LWA849979', 'Maroon');
INSERT INTO Vehicle_color (VIN, color) VALUES ('0216UZ8NIB3005163', 'Aluminum');
INSERT INTO Vehicle_color (VIN, color) VALUES ('02XKB48A5UB828603', 'Cream');
INSERT INTO Vehicle_color (VIN, color) VALUES ('06U80HCPBYG352728', 'Black');
INSERT INTO Vehicle_color (VIN, color) VALUES ('07XSZFNEBDW349840', 'Gold');
INSERT INTO Vehicle_color (VIN, color) VALUES ('0D2HX2R6775123500', 'Gray');
INSERT INTO Vehicle_color (VIN, color) VALUES ('0GXWO6TK0YG939311', 'Copper');
INSERT INTO Vehicle_color (VIN, color) VALUES ('0H6SRXF8EP7967929', 'Gold');
INSERT INTO Vehicle_color (VIN, color) VALUES ('0K3KCEYO5WR993877', 'Cream');
INSERT INTO Vehicle_color (VIN, color) VALUES ('0K3KCEYO5WR993877', 'Turquoise');
INSERT INTO Vehicle_color (VIN, color) VALUES ('0KAMFH817HG984940', 'Bronze');
INSERT INTO Vehicle_color (VIN, color) VALUES ('0KSVK7T0HVD586286', 'Blue');
INSERT INTO Vehicle_color (VIN, color) VALUES ('0MRJ620G5FE640131', 'Green');
INSERT INTO Vehicle_color (VIN, color) VALUES ('0OPU81GJG8C160079', 'Black');
INSERT INTO Vehicle_color (VIN, color) VALUES ('0PT8CVJWV8T188907', 'Bronze');
INSERT INTO Vehicle_color (VIN, color) VALUES ('0QFCBGN24Y3098876', 'Blue');
INSERT INTO Vehicle_color (VIN, color) VALUES ('0UWKB1SP7C0135655', 'Green');
INSERT INTO Vehicle_color (VIN, color) VALUES ('11O1YZUFMFN275554', 'Gray');
INSERT INTO Vehicle_color (VIN, color) VALUES ('1HVL421OTR3071057', 'Gold');
INSERT INTO Vehicle_color (VIN, color) VALUES ('1UCBIT5YXDJ919563', 'Aluminum');
INSERT INTO Vehicle_color (VIN, color) VALUES ('201DHVWO70I456603', 'Gold');
INSERT INTO Vehicle_color (VIN, color) VALUES ('22EISXE65K7154002', 'Red');
INSERT INTO Vehicle_color (VIN, color) VALUES ('24G081632WM888163', 'Gray');
INSERT INTO Vehicle_color (VIN, color) VALUES ('26GJDWHYLTU230526', 'Metallic');
INSERT INTO Vehicle_color (VIN, color) VALUES ('2J8FN6TAGEZ924085', 'Cream');
INSERT INTO Vehicle_color (VIN, color) VALUES ('2KJBD48273Y069356', 'Gold');
INSERT INTO Vehicle_color (VIN, color) VALUES ('2LBKYDFHTK3034814', 'Copper');
INSERT INTO Vehicle_color (VIN, color) VALUES ('2PKESKWHCJ4479804', 'Gold');
INSERT INTO Vehicle_color (VIN, color) VALUES ('2UWYFE50XIB423887', 'Beige');
INSERT INTO Vehicle_color (VIN, color) VALUES ('340D7EL25S2404955', 'Pink');
INSERT INTO Vehicle_color (VIN, color) VALUES ('3CKLOVNGZ51537051', 'Maroon');
INSERT INTO Vehicle_color (VIN, color) VALUES ('3FFSR68RD0K441878', 'Green');
INSERT INTO Vehicle_color (VIN, color) VALUES ('3IU2B4ORS6A077319', 'Cream');
INSERT INTO Vehicle_color (VIN, color) VALUES ('3J6IMNCNYTR099621', 'Blue');
INSERT INTO Vehicle_color (VIN, color) VALUES ('3NO8BO4OGTL807840', 'Orange');
INSERT INTO Vehicle_color (VIN, color) VALUES ('3NO8BO4OGTL807840', 'Red');
INSERT INTO Vehicle_color (VIN, color) VALUES ('3NO8BO4OGTL807840', 'Turquoise');
INSERT INTO Vehicle_color (VIN, color) VALUES ('3POHTV1PFW1510449', 'Navy');
INSERT INTO Vehicle_color (VIN, color) VALUES ('3TJM4LZERLL108705', 'Yellow');
INSERT INTO Vehicle_color (VIN, color) VALUES ('41DPYVQZCO3181476', 'Black');
INSERT INTO Vehicle_color (VIN, color) VALUES ('42JDWI0F3D2375784', 'Rust');
INSERT INTO Vehicle_color (VIN, color) VALUES ('447NADHKNTP823552', 'Aluminum');
INSERT INTO Vehicle_color (VIN, color) VALUES ('447NADHKNTP823552', 'Copper');
INSERT INTO Vehicle_color (VIN, color) VALUES ('447NADHKNTP823552', 'Turquoise');
INSERT INTO Vehicle_color (VIN, color) VALUES ('4B5O8UZKPBZ854920', 'Aluminum');
INSERT INTO Vehicle_color (VIN, color) VALUES ('4B5O8UZKPBZ854920', 'Copper');
INSERT INTO Vehicle_color (VIN, color) VALUES ('4GHCRLJOKT6083540', 'Maroon');
INSERT INTO Vehicle_color (VIN, color) VALUES ('4GHCRLJOKT6083540', 'Yellow');
INSERT INTO Vehicle_color (VIN, color) VALUES ('4HPEB1IJDDY354518', 'Copper');
INSERT INTO Vehicle_color (VIN, color) VALUES ('4IHUPZ7L3E4517493', 'Green');
INSERT INTO Vehicle_color (VIN, color) VALUES ('52J1ULU58OB110991', 'Black');
INSERT INTO Vehicle_color (VIN, color) VALUES ('52J1ULU58OB110991', 'Red');
INSERT INTO Vehicle_color (VIN, color) VALUES ('54SZY4MKO6C114660', 'Red');
INSERT INTO Vehicle_color (VIN, color) VALUES ('5MLXXEBOXNC754707', 'Brown');
INSERT INTO Vehicle_color (VIN, color) VALUES ('5OU82GIFAQ3021868', 'Pink');
INSERT INTO Vehicle_color (VIN, color) VALUES ('5OU82GIFAQ3021868', 'White');
INSERT INTO Vehicle_color (VIN, color) VALUES ('5PUIFVQ6V3R308628', 'Claret');
INSERT INTO Vehicle_color (VIN, color) VALUES ('5PUIFVQ6V3R308628', 'Gray');
INSERT INTO Vehicle_color (VIN, color) VALUES ('5QPBC4N5SPV612486', 'Brown');
INSERT INTO Vehicle_color (VIN, color) VALUES ('5RLTD3PDG7P142502', 'Green');
INSERT INTO Vehicle_color (VIN, color) VALUES ('60RPWRGZXAL689666', 'Green');
INSERT INTO Vehicle_color (VIN, color) VALUES ('63IMJ2UQAPP800193', 'Green');
INSERT INTO Vehicle_color (VIN, color) VALUES ('6A6NQP7GZG0782604', 'Claret');
INSERT INTO Vehicle_color (VIN, color) VALUES ('6KAIF8AC3KG769914', 'Yellow');
INSERT INTO Vehicle_color (VIN, color) VALUES ('6O3JWO1Q4FP773157', 'Turquoise');
INSERT INTO Vehicle_color (VIN, color) VALUES ('6YHX7GHFZAR683239', 'Claret');
INSERT INTO Vehicle_color (VIN, color) VALUES ('6YHX7GHFZAR683239', 'Rose');
INSERT INTO Vehicle_color (VIN, color) VALUES ('77YSCOERITP460658', 'Tan');
INSERT INTO Vehicle_color (VIN, color) VALUES ('7CY2WHON846872713', 'Claret');
INSERT INTO Vehicle_color (VIN, color) VALUES ('7CY2WHON846872713', 'Red');
INSERT INTO Vehicle_color (VIN, color) VALUES ('7D8A8QCVRII360920', 'Purple');
INSERT INTO Vehicle_color (VIN, color) VALUES ('7DCA7GIBSL3385548', 'Rust');
INSERT INTO Vehicle_color (VIN, color) VALUES ('7DGPXJB8CVD797363', 'Brown');
INSERT INTO Vehicle_color (VIN, color) VALUES ('7DGPXJB8CVD797363', 'Maroon');
INSERT INTO Vehicle_color (VIN, color) VALUES ('7DGPXJB8CVD797363', 'Metallic');
INSERT INTO Vehicle_color (VIN, color) VALUES ('7HMSLYNNGHJ439820', 'Claret');
INSERT INTO Vehicle_color (VIN, color) VALUES ('7HMSLYNNGHJ439820', 'Gold');
INSERT INTO Vehicle_color (VIN, color) VALUES ('7HMSLYNNGHJ439820', 'Orange');
INSERT INTO Vehicle_color (VIN, color) VALUES ('7JA8DZH7CN4199183', 'Gold');
INSERT INTO Vehicle_color (VIN, color) VALUES ('7L2HF63NS64790085', 'Maroon');
INSERT INTO Vehicle_color (VIN, color) VALUES ('7LOJS05DQA3004955', 'Blue');
INSERT INTO Vehicle_color (VIN, color) VALUES ('7NZJI4NR80U192007', 'Rose');
INSERT INTO Vehicle_color (VIN, color) VALUES ('7QRXAX01CS1186500', 'Orange');
INSERT INTO Vehicle_color (VIN, color) VALUES ('7RCMKD0P62B359074', 'Aluminum');
INSERT INTO Vehicle_color (VIN, color) VALUES ('7RCMKD0P62B359074', 'Red');
INSERT INTO Vehicle_color (VIN, color) VALUES ('7TQARECS56V791799', 'Orange');
INSERT INTO Vehicle_color (VIN, color) VALUES ('7XQ1OO4FTRB936926', 'Maroon');
INSERT INTO Vehicle_color (VIN, color) VALUES ('7Z0JVSYGTZW815756', 'Silver');
INSERT INTO Vehicle_color (VIN, color) VALUES ('8FB7BNANRI4354099', 'Blue');
INSERT INTO Vehicle_color (VIN, color) VALUES ('8H3HKCNSFNN008758', 'Aluminum');
INSERT INTO Vehicle_color (VIN, color) VALUES ('8HR5FE1G22P233789', 'Navy');
INSERT INTO Vehicle_color (VIN, color) VALUES ('8UQ6FLIO3Q2734346', 'Yellow');
INSERT INTO Vehicle_color (VIN, color) VALUES ('8VB5KTBJX2A046744', 'Beige');
INSERT INTO Vehicle_color (VIN, color) VALUES ('A2NH51AUNR4312326', 'Turquoise');
INSERT INTO Vehicle_color (VIN, color) VALUES ('A35CVWAPCGY561956', 'Bronze');
INSERT INTO Vehicle_color (VIN, color) VALUES ('A46MVF2CB4I965254', 'Tan');
INSERT INTO Vehicle_color (VIN, color) VALUES ('A4LJMRR8IYC935453', 'Brown');
INSERT INTO Vehicle_color (VIN, color) VALUES ('A51QFDDJ7J7514581', 'Turquoise');
INSERT INTO Vehicle_color (VIN, color) VALUES ('A67JHQ2EJUP880876', 'Black');
INSERT INTO Vehicle_color (VIN, color) VALUES ('A67JHQ2EJUP880876', 'Gold');
INSERT INTO Vehicle_color (VIN, color) VALUES ('AA0LZIX8DGI937291', 'Black');
INSERT INTO Vehicle_color (VIN, color) VALUES ('AAHKBQNPZ5Q155263', 'Yellow');
INSERT INTO Vehicle_color (VIN, color) VALUES ('AB7D5GUATWA988114', 'Pink');
INSERT INTO Vehicle_color (VIN, color) VALUES ('AE23FNQ4ECZ859800', 'Blue');
INSERT INTO Vehicle_color (VIN, color) VALUES ('AG15D1BT811693167', 'Silver');
INSERT INTO Vehicle_color (VIN, color) VALUES ('AJC7BO3XDGF951357', 'Cream');
INSERT INTO Vehicle_color (VIN, color) VALUES ('AKEXMUEW2XP076382', 'Gray');
INSERT INTO Vehicle_color (VIN, color) VALUES ('AKWG2XQFZ8Z338505', 'White');
INSERT INTO Vehicle_color (VIN, color) VALUES ('ALPWS6CXQO6590947', 'Beige');
INSERT INTO Vehicle_color (VIN, color) VALUES ('AUP647YMZFB601236', 'Maroon');
INSERT INTO Vehicle_color (VIN, color) VALUES ('B03S4ENKKNP478278', 'Gold');
INSERT INTO Vehicle_color (VIN, color) VALUES ('B5P0N13LMX0012355', 'Navy');
INSERT INTO Vehicle_color (VIN, color) VALUES ('B618X4DTE8R162599', 'Cream');
INSERT INTO Vehicle_color (VIN, color) VALUES ('BD1DYEOR4HZ412125', 'Pink');
INSERT INTO Vehicle_color (VIN, color) VALUES ('BQS2CJ56IBQ176739', 'Tan');
INSERT INTO Vehicle_color (VIN, color) VALUES ('BXQH0W1NGWT830685', 'Green');
INSERT INTO Vehicle_color (VIN, color) VALUES ('C2RVH3HKPQZ794006', 'Turquoise');
INSERT INTO Vehicle_color (VIN, color) VALUES ('CB65LOSQY7V342457', 'Turquoise');
INSERT INTO Vehicle_color (VIN, color) VALUES ('CIKZXLNQWQ3050265', 'Brown');
INSERT INTO Vehicle_color (VIN, color) VALUES ('CIKZXLNQWQ3050265', 'Maroon');
INSERT INTO Vehicle_color (VIN, color) VALUES ('CN2YIBCUFSQ512071', 'Brown');
INSERT INTO Vehicle_color (VIN, color) VALUES ('CN2YIBCUFSQ512071', 'White');
INSERT INTO Vehicle_color (VIN, color) VALUES ('CO7AJWOLKX5663458', 'Claret');
INSERT INTO Vehicle_color (VIN, color) VALUES ('CRB7J3UXZ61575642', 'Blue');
INSERT INTO Vehicle_color (VIN, color) VALUES ('CSNPRAPWVLK077155', 'Brown');
INSERT INTO Vehicle_color (VIN, color) VALUES ('CTHLSVQRDHK945534', 'Beige');
INSERT INTO Vehicle_color (VIN, color) VALUES ('CXQF7TZKIH0415109', 'Bronze');
INSERT INTO Vehicle_color (VIN, color) VALUES ('CYQY2QF8RNA506595', 'Purple');
INSERT INTO Vehicle_color (VIN, color) VALUES ('DD7UUCMRURY754125', 'Black');
INSERT INTO Vehicle_color (VIN, color) VALUES ('DD7UUCMRURY754125', 'Cream');
INSERT INTO Vehicle_color (VIN, color) VALUES ('DKYDDY0GPGN009571', 'Cream');
INSERT INTO Vehicle_color (VIN, color) VALUES ('DKYDDY0GPGN009571', 'Metallic');
INSERT INTO Vehicle_color (VIN, color) VALUES ('DKYDDY0GPGN009571', 'Purple');
INSERT INTO Vehicle_color (VIN, color) VALUES ('DLCCHFQS6JE933115', 'Black');
INSERT INTO Vehicle_color (VIN, color) VALUES ('DLDOWAZWISG772813', 'Brown');
INSERT INTO Vehicle_color (VIN, color) VALUES ('DLDOWAZWISG772813', 'Tan');
INSERT INTO Vehicle_color (VIN, color) VALUES ('DOR3YLSX4O5307917', 'Bronze');
INSERT INTO Vehicle_color (VIN, color) VALUES ('DOR3YLSX4O5307917', 'Green');
INSERT INTO Vehicle_color (VIN, color) VALUES ('DOR3YLSX4O5307917', 'Turquoise');
INSERT INTO Vehicle_color (VIN, color) VALUES ('DQ5QCUL84PJ297334', 'Copper');
INSERT INTO Vehicle_color (VIN, color) VALUES ('DTPFWL37FTZ702472', 'Navy');
INSERT INTO Vehicle_color (VIN, color) VALUES ('DXFJFHB2O8J213290', 'Maroon');
INSERT INTO Vehicle_color (VIN, color) VALUES ('E40MBYWNZSL194135', 'Bronze');
INSERT INTO Vehicle_color (VIN, color) VALUES ('ECEPA3GAEIK299733', 'Maroon');
INSERT INTO Vehicle_color (VIN, color) VALUES ('EE1BIYLSYRH856452', 'Black');
INSERT INTO Vehicle_color (VIN, color) VALUES ('EE1BIYLSYRH856452', 'Gray');
INSERT INTO Vehicle_color (VIN, color) VALUES ('EE1BIYLSYRH856452', 'White');
INSERT INTO Vehicle_color (VIN, color) VALUES ('EIA3R8DZFZH945841', 'Yellow');
INSERT INTO Vehicle_color (VIN, color) VALUES ('ETXMDO17CH5710002', 'Tan');
INSERT INTO Vehicle_color (VIN, color) VALUES ('EURVOJ6RTMZ196274', 'Pink');
INSERT INTO Vehicle_color (VIN, color) VALUES ('F7LIAJMEUB4950361', 'Metallic');
INSERT INTO Vehicle_color (VIN, color) VALUES ('FBQBTRRHZVG159504', 'Beige');
INSERT INTO Vehicle_color (VIN, color) VALUES ('FBW1SNMBJRO366159', 'Blue');
INSERT INTO Vehicle_color (VIN, color) VALUES ('FC6FEI1DRRR729956', 'Claret');
INSERT INTO Vehicle_color (VIN, color) VALUES ('FLTEHVIT7TR845477', 'Copper');
INSERT INTO Vehicle_color (VIN, color) VALUES ('FLTEHVIT7TR845477', 'Green');
INSERT INTO Vehicle_color (VIN, color) VALUES ('FLTEHVIT7TR845477', 'Yellow');
INSERT INTO Vehicle_color (VIN, color) VALUES ('FPS6SWVNJ46262208', 'Yellow');
INSERT INTO Vehicle_color (VIN, color) VALUES ('FTU4SK7135C710080', 'Bronze');
INSERT INTO Vehicle_color (VIN, color) VALUES ('G3GBYJSRTYT942116', 'Aluminum');
INSERT INTO Vehicle_color (VIN, color) VALUES ('G3UZL1VEZEM344261', 'Brown');
INSERT INTO Vehicle_color (VIN, color) VALUES ('G4PAVREW7K2826838', 'Blue');
INSERT INTO Vehicle_color (VIN, color) VALUES ('GDXK0JVJI0R636667', 'Aluminum');
INSERT INTO Vehicle_color (VIN, color) VALUES ('GDXK0JVJI0R636667', 'Black');
INSERT INTO Vehicle_color (VIN, color) VALUES ('GDXK0JVJI0R636667', 'Red');
INSERT INTO Vehicle_color (VIN, color) VALUES ('GH8SBHTMEBB721980', 'Copper');
INSERT INTO Vehicle_color (VIN, color) VALUES ('GHMZYD6YMKB413330', 'Blue');
INSERT INTO Vehicle_color (VIN, color) VALUES ('GHMZYD6YMKB413330', 'Silver');
INSERT INTO Vehicle_color (VIN, color) VALUES ('GJWDBBORYJD234673', 'Silver');
INSERT INTO Vehicle_color (VIN, color) VALUES ('GMBNKKL7OGQ240104', 'Purple');
INSERT INTO Vehicle_color (VIN, color) VALUES ('GMLZ3HXD33V025329', 'Purple');
INSERT INTO Vehicle_color (VIN, color) VALUES ('GMLZ3HXD33V025329', 'White');
INSERT INTO Vehicle_color (VIN, color) VALUES ('GR0RVMPW4XI181018', 'Black');
INSERT INTO Vehicle_color (VIN, color) VALUES ('GTBYGLSYL1E755778', 'Brown');
INSERT INTO Vehicle_color (VIN, color) VALUES ('GUSD5Z52ID6316641', 'Pink');
INSERT INTO Vehicle_color (VIN, color) VALUES ('H0M0QQ4Q0FN101290', 'Cream');
INSERT INTO Vehicle_color (VIN, color) VALUES ('H0M0QQ4Q0FN101290', 'Navy');
INSERT INTO Vehicle_color (VIN, color) VALUES ('H2032G2DS5D863208', 'Cream');
INSERT INTO Vehicle_color (VIN, color) VALUES ('H3NLVG1FUZX147919', 'Gold');
INSERT INTO Vehicle_color (VIN, color) VALUES ('HD1EA820DKW043837', 'Red');
INSERT INTO Vehicle_color (VIN, color) VALUES ('HSJNIY2UV32447249', 'Red');
INSERT INTO Vehicle_color (VIN, color) VALUES ('HV4CWSMM84O846378', 'Blue');
INSERT INTO Vehicle_color (VIN, color) VALUES ('I3M7NWUR0GJ946930', 'Green');
INSERT INTO Vehicle_color (VIN, color) VALUES ('I7B0O1H2OO8586909', 'Tan');
INSERT INTO Vehicle_color (VIN, color) VALUES ('IESD5FO6UYK261715', 'Red');
INSERT INTO Vehicle_color (VIN, color) VALUES ('IFBMBJ1L600560567', 'Orange');
INSERT INTO Vehicle_color (VIN, color) VALUES ('IGCYVATVIYZ078682', 'Brown');
INSERT INTO Vehicle_color (VIN, color) VALUES ('IQV1YQ3IV7V327698', 'Green');
INSERT INTO Vehicle_color (VIN, color) VALUES ('IQV1YQ3IV7V327698', 'Turquoise');
INSERT INTO Vehicle_color (VIN, color) VALUES ('ITNTBT3I3K1112168', 'Brown');
INSERT INTO Vehicle_color (VIN, color) VALUES ('IVZVZYNIOWU741253', 'Metallic');
INSERT INTO Vehicle_color (VIN, color) VALUES ('IZ7QWUEGB3H617828', 'Gray');
INSERT INTO Vehicle_color (VIN, color) VALUES ('JCDM7P6FYYP189674', 'Black');
INSERT INTO Vehicle_color (VIN, color) VALUES ('JCDM7P6FYYP189674', 'Gold');
INSERT INTO Vehicle_color (VIN, color) VALUES ('JCDM7P6FYYP189674', 'Pink');
INSERT INTO Vehicle_color (VIN, color) VALUES ('JDZCMB67NYJ067633', 'Red');
INSERT INTO Vehicle_color (VIN, color) VALUES ('JQA3ZA51WW8465344', 'Copper');
INSERT INTO Vehicle_color (VIN, color) VALUES ('JUU4F0TYK4A947289', 'Gray');
INSERT INTO Vehicle_color (VIN, color) VALUES ('JUU4F0TYK4A947289', 'Metallic');
INSERT INTO Vehicle_color (VIN, color) VALUES ('JVQ8ZELPGF5916074', 'Tan');
INSERT INTO Vehicle_color (VIN, color) VALUES ('KEQ2CFPH7RO593605', 'Rose');
INSERT INTO Vehicle_color (VIN, color) VALUES ('KG8BHN0NTUF642399', 'Claret');
INSERT INTO Vehicle_color (VIN, color) VALUES ('KKEJDR1DEYM433866', 'Navy');
INSERT INTO Vehicle_color (VIN, color) VALUES ('KLE3XPYFTO6494665', 'Pink');
INSERT INTO Vehicle_color (VIN, color) VALUES ('KPDR2Q24D25119360', 'Metallic');
INSERT INTO Vehicle_color (VIN, color) VALUES ('KUG7KOVDXOY323266', 'Rust');
INSERT INTO Vehicle_color (VIN, color) VALUES ('KZ0SACUMQTT627927', 'White');
INSERT INTO Vehicle_color (VIN, color) VALUES ('L7OR57TJ78J722023', 'Navy');
INSERT INTO Vehicle_color (VIN, color) VALUES ('LBOZN1LVD46821421', 'Blue');
INSERT INTO Vehicle_color (VIN, color) VALUES ('LEDF5CRGFJL596318', 'Yellow');
INSERT INTO Vehicle_color (VIN, color) VALUES ('LEL1EDGLIJB218949', 'Purple');
INSERT INTO Vehicle_color (VIN, color) VALUES ('LEQEZHIL372503269', 'Navy');
INSERT INTO Vehicle_color (VIN, color) VALUES ('LGC76I73Q43597619', 'Brown');
INSERT INTO Vehicle_color (VIN, color) VALUES ('LLAES6UX7PE080692', 'Black');
INSERT INTO Vehicle_color (VIN, color) VALUES ('LLAES6UX7PE080692', 'Blue');
INSERT INTO Vehicle_color (VIN, color) VALUES ('LLUBKYOAHHE880633', 'Bronze');
INSERT INTO Vehicle_color (VIN, color) VALUES ('LLUBKYOAHHE880633', 'Copper');
INSERT INTO Vehicle_color (VIN, color) VALUES ('LLUBKYOAHHE880633', 'Yellow');
INSERT INTO Vehicle_color (VIN, color) VALUES ('M07I6J8WOKL966353', 'Black');
INSERT INTO Vehicle_color (VIN, color) VALUES ('M07I6J8WOKL966353', 'Gold');
INSERT INTO Vehicle_color (VIN, color) VALUES ('M07I6J8WOKL966353', 'Gray');
INSERT INTO Vehicle_color (VIN, color) VALUES ('M0LLCXP5H7J310101', 'Purple');
INSERT INTO Vehicle_color (VIN, color) VALUES ('M1HFENPSVSL450248', 'Silver');
INSERT INTO Vehicle_color (VIN, color) VALUES ('M1VVHWPORQR461359', 'Metallic');
INSERT INTO Vehicle_color (VIN, color) VALUES ('MD18NLSWMB4832949', 'Orange');
INSERT INTO Vehicle_color (VIN, color) VALUES ('MFCEDCRIYU1438485', 'Gold');
INSERT INTO Vehicle_color (VIN, color) VALUES ('MGIHKQRZQ3I865167', 'Rose');
INSERT INTO Vehicle_color (VIN, color) VALUES ('MKBNHXQ0YCV993030', 'Rose');
INSERT INTO Vehicle_color (VIN, color) VALUES ('MLQIF1Z0TMV429595', 'Pink');
INSERT INTO Vehicle_color (VIN, color) VALUES ('MO22767RXSI895117', 'Cream');
INSERT INTO Vehicle_color (VIN, color) VALUES ('MO22767RXSI895117', 'Gray');
INSERT INTO Vehicle_color (VIN, color) VALUES ('MQY15YFZ5CB825109', 'Beige');
INSERT INTO Vehicle_color (VIN, color) VALUES ('MXQN4LATRKB695732', 'Aluminum');
INSERT INTO Vehicle_color (VIN, color) VALUES ('N5NZQJ4VDI0775398', 'Cream');
INSERT INTO Vehicle_color (VIN, color) VALUES ('N5NZQJ4VDI0775398', 'Green');
INSERT INTO Vehicle_color (VIN, color) VALUES ('N6N74WLAP33523834', 'Turquoise');
INSERT INTO Vehicle_color (VIN, color) VALUES ('N6SHU6PIZHU230217', 'Maroon');
INSERT INTO Vehicle_color (VIN, color) VALUES ('N7Z650PTGIP247286', 'Blue');
INSERT INTO Vehicle_color (VIN, color) VALUES ('NEWE3K53GY7625960', 'Turquoise');
INSERT INTO Vehicle_color (VIN, color) VALUES ('NG2R81BAMWW204013', 'Copper');
INSERT INTO Vehicle_color (VIN, color) VALUES ('NR0UX0H7C2C321461', 'Brown');
INSERT INTO Vehicle_color (VIN, color) VALUES ('NR8MRVX5E8D221451', 'Claret');
INSERT INTO Vehicle_color (VIN, color) VALUES ('NVE4BVYKKN4430875', 'Copper');
INSERT INTO Vehicle_color (VIN, color) VALUES ('OJ3FX6U8I0E468699', 'Rose');
INSERT INTO Vehicle_color (VIN, color) VALUES ('OPBJWWEIHPI797081', 'Claret');
INSERT INTO Vehicle_color (VIN, color) VALUES ('OQ11DGF6RTF163062', 'Claret');
INSERT INTO Vehicle_color (VIN, color) VALUES ('OQ11DGF6RTF163062', 'Pink');
INSERT INTO Vehicle_color (VIN, color) VALUES ('P6MQEVF1IQJ610623', 'Blue');
INSERT INTO Vehicle_color (VIN, color) VALUES ('PBESRWYTH82112725', 'Black');
INSERT INTO Vehicle_color (VIN, color) VALUES ('PEFFRGBZ281543143', 'Orange');
INSERT INTO Vehicle_color (VIN, color) VALUES ('PIA08DCAJZT422690', 'Tan');
INSERT INTO Vehicle_color (VIN, color) VALUES ('PLT6LAJER3K107458', 'Gray');
INSERT INTO Vehicle_color (VIN, color) VALUES ('PPL8CACMUCW104005', 'Claret');
INSERT INTO Vehicle_color (VIN, color) VALUES ('PPL8CACMUCW104005', 'Rose');
INSERT INTO Vehicle_color (VIN, color) VALUES ('PPVYLZRPFEV326028', 'Rust');
INSERT INTO Vehicle_color (VIN, color) VALUES ('PX3EBB0J75G953864', 'White');
INSERT INTO Vehicle_color (VIN, color) VALUES ('PXCNI2OSD7O895646', 'Turquoise');
INSERT INTO Vehicle_color (VIN, color) VALUES ('PYPAPD46NJL873425', 'Blue');
INSERT INTO Vehicle_color (VIN, color) VALUES ('PZEF1VF3KOO767751', 'Orange');
INSERT INTO Vehicle_color (VIN, color) VALUES ('PZF7JY7KVUR182613', 'Brown');
INSERT INTO Vehicle_color (VIN, color) VALUES ('Q2P2LK1ILHI808826', 'Rose');
INSERT INTO Vehicle_color (VIN, color) VALUES ('Q60GMZWT47I158333', 'Maroon');
INSERT INTO Vehicle_color (VIN, color) VALUES ('Q7YZUDKENN4246098', 'Silver');
INSERT INTO Vehicle_color (VIN, color) VALUES ('Q8DL7A5M6DW706622', 'Copper');
INSERT INTO Vehicle_color (VIN, color) VALUES ('QEQSOYDPWY5042665', 'Yellow');
INSERT INTO Vehicle_color (VIN, color) VALUES ('QH3G5SMTWL1655432', 'Maroon');
INSERT INTO Vehicle_color (VIN, color) VALUES ('QHAPGD3YQSF045388', 'Blue');
INSERT INTO Vehicle_color (VIN, color) VALUES ('QPWTK3WNUF0594711', 'Rose');
INSERT INTO Vehicle_color (VIN, color) VALUES ('QRDJE8YRD8U529603', 'Purple');
INSERT INTO Vehicle_color (VIN, color) VALUES ('QWJUBFUE74W190495', 'Navy');
INSERT INTO Vehicle_color (VIN, color) VALUES ('R6O7MCNZEA0553701', 'Metallic');
INSERT INTO Vehicle_color (VIN, color) VALUES ('R6O7MCNZEA0553701', 'Pink');
INSERT INTO Vehicle_color (VIN, color) VALUES ('RBSQUJWFZ4A708786', 'Blue');
INSERT INTO Vehicle_color (VIN, color) VALUES ('RCL5Y4CCCUM867263', 'Blue');
INSERT INTO Vehicle_color (VIN, color) VALUES ('RJFS2TGCIQ3754282', 'Pink');
INSERT INTO Vehicle_color (VIN, color) VALUES ('RLDE4ATQ47P565906', 'Purple');
INSERT INTO Vehicle_color (VIN, color) VALUES ('RLRM7DYGMQU101483', 'Gold');
INSERT INTO Vehicle_color (VIN, color) VALUES ('RLRM7DYGMQU101483', 'Silver');
INSERT INTO Vehicle_color (VIN, color) VALUES ('RO4NPMLPRAU291778', 'Turquoise');
INSERT INTO Vehicle_color (VIN, color) VALUES ('RQT7QTVEXT0674936', 'Aluminum');
INSERT INTO Vehicle_color (VIN, color) VALUES ('RYY32CGB7QR718629', 'Bronze');
INSERT INTO Vehicle_color (VIN, color) VALUES ('S3OPBKGXWAZ659884', 'Yellow');
INSERT INTO Vehicle_color (VIN, color) VALUES ('SAK8I3JJ105230630', 'Pink');
INSERT INTO Vehicle_color (VIN, color) VALUES ('SD2X8HRQ6LA547754', 'Rust');
INSERT INTO Vehicle_color (VIN, color) VALUES ('SDRDJVHRDEY589102', 'Yellow');
INSERT INTO Vehicle_color (VIN, color) VALUES ('SJTYF7S2DOK527698', 'Blue');
INSERT INTO Vehicle_color (VIN, color) VALUES ('SR4SDAVQ7PE310529', 'Red');
INSERT INTO Vehicle_color (VIN, color) VALUES ('T00X580HYD6011764', 'Brown');
INSERT INTO Vehicle_color (VIN, color) VALUES ('T00X580HYD6011764', 'Claret');
INSERT INTO Vehicle_color (VIN, color) VALUES ('T00X580HYD6011764', 'Rose');
INSERT INTO Vehicle_color (VIN, color) VALUES ('T243JSSHR0A986592', 'Navy');
INSERT INTO Vehicle_color (VIN, color) VALUES ('T4ZU00SL0FM541576', 'Black');
INSERT INTO Vehicle_color (VIN, color) VALUES ('T5C2LPXJ6EV337528', 'Red');
INSERT INTO Vehicle_color (VIN, color) VALUES ('T5C2LPXJ6EV337528', 'Silver');
INSERT INTO Vehicle_color (VIN, color) VALUES ('T7QN0RYWNOR420799', 'Rust');
INSERT INTO Vehicle_color (VIN, color) VALUES ('TC4853NNGV8281503', 'Turquoise');
INSERT INTO Vehicle_color (VIN, color) VALUES ('TNKMV3WVVH4431089', 'Orange');
INSERT INTO Vehicle_color (VIN, color) VALUES ('TPH6V84MCP2752251', 'Copper');
INSERT INTO Vehicle_color (VIN, color) VALUES ('TSKEZMWTN2C772047', 'Metallic');
INSERT INTO Vehicle_color (VIN, color) VALUES ('TSZ1KL4E1GB345118', 'Blue');
INSERT INTO Vehicle_color (VIN, color) VALUES ('TVGHAGV52ZK295053', 'Aluminum');
INSERT INTO Vehicle_color (VIN, color) VALUES ('TVGHAGV52ZK295053', 'Maroon');
INSERT INTO Vehicle_color (VIN, color) VALUES ('TVGHAGV52ZK295053', 'Rust');
INSERT INTO Vehicle_color (VIN, color) VALUES ('TWQZPGJM4DR331537', 'Bronze');
INSERT INTO Vehicle_color (VIN, color) VALUES ('U73PMGHR3NU905301', 'Orange');
INSERT INTO Vehicle_color (VIN, color) VALUES ('U7IKYL8F8X4927973', 'Silver');
INSERT INTO Vehicle_color (VIN, color) VALUES ('U7KH3BB3QF1504776', 'Gray');
INSERT INTO Vehicle_color (VIN, color) VALUES ('U8EJ173KSZC747630', 'Bronze');
INSERT INTO Vehicle_color (VIN, color) VALUES ('UDE781XTUA1070992', 'Brown');
INSERT INTO Vehicle_color (VIN, color) VALUES ('UHNJLMAYL3Z014146', 'Claret');
INSERT INTO Vehicle_color (VIN, color) VALUES ('UHNJLMAYL3Z014146', 'Rust');
INSERT INTO Vehicle_color (VIN, color) VALUES ('UHNJLMAYL3Z014146', 'White');
INSERT INTO Vehicle_color (VIN, color) VALUES ('UJXTQIJ6PUG086494', 'Aluminum');
INSERT INTO Vehicle_color (VIN, color) VALUES ('UOGYWMEC33D484399', 'White');
INSERT INTO Vehicle_color (VIN, color) VALUES ('US6XUXEBB7J677669', 'Navy');
INSERT INTO Vehicle_color (VIN, color) VALUES ('US6XUXEBB7J677669', 'Orange');
INSERT INTO Vehicle_color (VIN, color) VALUES ('USQTBTRES6C396411', 'Aluminum');
INSERT INTO Vehicle_color (VIN, color) VALUES ('USQTBTRES6C396411', 'Tan');
INSERT INTO Vehicle_color (VIN, color) VALUES ('USQTBTRES6C396411', 'Yellow');
INSERT INTO Vehicle_color (VIN, color) VALUES ('UYFIPOJKG8M784198', 'Tan');
INSERT INTO Vehicle_color (VIN, color) VALUES ('UZ2261G58WF281968', 'Purple');
INSERT INTO Vehicle_color (VIN, color) VALUES ('UZMOJESJGYB516120', 'Bronze');
INSERT INTO Vehicle_color (VIN, color) VALUES ('UZMOJESJGYB516120', 'Cream');
INSERT INTO Vehicle_color (VIN, color) VALUES ('V1NVZM13MTZ321642', 'Green');
INSERT INTO Vehicle_color (VIN, color) VALUES ('V1NVZM13MTZ321642', 'Silver');
INSERT INTO Vehicle_color (VIN, color) VALUES ('V1NVZM13MTZ321642', 'White');
INSERT INTO Vehicle_color (VIN, color) VALUES ('VLYSREO4D36135371', 'Metallic');
INSERT INTO Vehicle_color (VIN, color) VALUES ('VMHK0HNQTW3691881', 'Purple');
INSERT INTO Vehicle_color (VIN, color) VALUES ('VWF36GH8UML053642', 'Black');
INSERT INTO Vehicle_color (VIN, color) VALUES ('VZJVASAMKKS604221', 'Silver');
INSERT INTO Vehicle_color (VIN, color) VALUES ('W2TZ8TM4KYP471843', 'Gold');
INSERT INTO Vehicle_color (VIN, color) VALUES ('W2TZ8TM4KYP471843', 'Metallic');
INSERT INTO Vehicle_color (VIN, color) VALUES ('W2TZ8TM4KYP471843', 'Tan');
INSERT INTO Vehicle_color (VIN, color) VALUES ('W53DF32ONVV569395', 'Beige');
INSERT INTO Vehicle_color (VIN, color) VALUES ('W53DF32ONVV569395', 'Pink');
INSERT INTO Vehicle_color (VIN, color) VALUES ('WA73P2TB0BO402832', 'Copper');
INSERT INTO Vehicle_color (VIN, color) VALUES ('WBMXRC0KFEQ531154', 'Tan');
INSERT INTO Vehicle_color (VIN, color) VALUES ('WJFKT6K3CDS809623', 'Cream');
INSERT INTO Vehicle_color (VIN, color) VALUES ('WJN637K4U06642593', 'Beige');
INSERT INTO Vehicle_color (VIN, color) VALUES ('WJN637K4U06642593', 'Claret');
INSERT INTO Vehicle_color (VIN, color) VALUES ('WJN637K4U06642593', 'Pink');
INSERT INTO Vehicle_color (VIN, color) VALUES ('WUD6UHNVINU339156', 'Rust');
INSERT INTO Vehicle_color (VIN, color) VALUES ('WXATONNZWKV888088', 'Blue');
INSERT INTO Vehicle_color (VIN, color) VALUES ('WXATONNZWKV888088', 'Purple');
INSERT INTO Vehicle_color (VIN, color) VALUES ('WXATONNZWKV888088', 'Rose');
INSERT INTO Vehicle_color (VIN, color) VALUES ('X5MLJ3CUPNB099293', 'Turquoise');
INSERT INTO Vehicle_color (VIN, color) VALUES ('XCYACD0XN81334516', 'Maroon');
INSERT INTO Vehicle_color (VIN, color) VALUES ('XEGBS0XOI2N387757', 'Purple');
INSERT INTO Vehicle_color (VIN, color) VALUES ('XFZA0H1LN1P361906', 'Brown');
INSERT INTO Vehicle_color (VIN, color) VALUES ('XLQBDQWBZDN084612', 'Rose');
INSERT INTO Vehicle_color (VIN, color) VALUES ('XPUC8ERWM0W803922', 'Turquoise');
INSERT INTO Vehicle_color (VIN, color) VALUES ('Y033F7MCLW5266860', 'Aluminum');
INSERT INTO Vehicle_color (VIN, color) VALUES ('Y4M46JG6P4R842099', 'Claret');
INSERT INTO Vehicle_color (VIN, color) VALUES ('Y56Q2GI1LS6727671', 'Black');
INSERT INTO Vehicle_color (VIN, color) VALUES ('YITE7BMX1N7857452', 'Bronze');
INSERT INTO Vehicle_color (VIN, color) VALUES ('YITE7BMX1N7857452', 'Maroon');
INSERT INTO Vehicle_color (VIN, color) VALUES ('YL8S255YJYA054546', 'Rose');
INSERT INTO Vehicle_color (VIN, color) VALUES ('YVMVY2BZAR4435152', 'Maroon');
INSERT INTO Vehicle_color (VIN, color) VALUES ('Z0G16U7UDC0331707', 'Yellow');
INSERT INTO Vehicle_color (VIN, color) VALUES ('Z1AKLYZDZLY858148', 'Bronze');
INSERT INTO Vehicle_color (VIN, color) VALUES ('Z7I1HGSFYSF704101', 'Orange');
INSERT INTO Vehicle_color (VIN, color) VALUES ('ZAGIZGOGIZ6802854', 'Pink');
INSERT INTO Vehicle_color (VIN, color) VALUES ('ZAGIZGOGIZ6802854', 'Tan');
INSERT INTO Vehicle_color (VIN, color) VALUES ('ZBSRSJEASBE950499', 'Gold');
INSERT INTO Vehicle_color (VIN, color) VALUES ('ZC1QS3Y7MOM256400', 'Aluminum');
INSERT INTO Vehicle_color (VIN, color) VALUES ('ZJ8V6INQOV2978667', 'Bronze');
INSERT INTO Vehicle_color (VIN, color) VALUES ('ZJ8V6INQOV2978667', 'Tan');
INSERT INTO Vehicle_color (VIN, color) VALUES ('ZKE5A1ZF45J937308', 'Claret');
INSERT INTO Vehicle_color (VIN, color) VALUES ('ZO23XPTPQGF782695', 'Rust');
INSERT INTO Vehicle_color (VIN, color) VALUES ('ZPPXCCIV5JU440482', 'Claret');
INSERT INTO Vehicle_color (VIN, color) VALUES ('ZTFFYASAAMG348199', 'Rose');
INSERT INTO Vehicle_color (VIN, color) VALUES ('ZX85QCBBBIP411923', 'Orange');
INSERT INTO Vehicle_color (VIN, color) VALUES ('ZX85QCBBBIP411923', 'Yellow');
INSERT INTO Vehicle_color (VIN, color) VALUES ('ZZUFHYJV0FI610258', 'Beige');

-- Inserting Buy
INSERT INTO Buy (VIN, buyer_customer_ID, salespeople_username, sale_date) VALUES ('01CHA2S3LWA849979', '649248115', 'owner', '2023-08-20');
INSERT INTO Buy (VIN, buyer_customer_ID, salespeople_username, sale_date) VALUES ('0216UZ8NIB3005163', '917146407', 'owner', '2023-06-09');
INSERT INTO Buy (VIN, buyer_customer_ID, salespeople_username, sale_date) VALUES ('02XKB48A5UB828603', '313904048', 'user16', '2023-05-08');
INSERT INTO Buy (VIN, buyer_customer_ID, salespeople_username, sale_date) VALUES ('07XSZFNEBDW349840', '289098127', 'user03', '2023-06-18');
INSERT INTO Buy (VIN, buyer_customer_ID, salespeople_username, sale_date) VALUES ('0D2HX2R6775123500', '86-8715602', 'user23', '2023-07-27');
INSERT INTO Buy (VIN, buyer_customer_ID, salespeople_username, sale_date) VALUES ('0GXWO6TK0YG939311', '740611372', 'user04', '2022-10-26');
INSERT INTO Buy (VIN, buyer_customer_ID, salespeople_username, sale_date) VALUES ('0H6SRXF8EP7967929', '938929270', 'user25', '2023-01-18');
INSERT INTO Buy (VIN, buyer_customer_ID, salespeople_username, sale_date) VALUES ('0K3KCEYO5WR993877', '590937909', 'user19', '2023-03-24');
INSERT INTO Buy (VIN, buyer_customer_ID, salespeople_username, sale_date) VALUES ('0KAMFH817HG984940', '629812240', 'user25', '2022-09-15');
INSERT INTO Buy (VIN, buyer_customer_ID, salespeople_username, sale_date) VALUES ('0QFCBGN24Y3098876', '824643871', 'user25', '2023-02-22');
INSERT INTO Buy (VIN, buyer_customer_ID, salespeople_username, sale_date) VALUES ('11O1YZUFMFN275554', '203112624', 'user23', '2023-08-27');
INSERT INTO Buy (VIN, buyer_customer_ID, salespeople_username, sale_date) VALUES ('1HVL421OTR3071057', '766904975', 'user06', '2023-07-25');
INSERT INTO Buy (VIN, buyer_customer_ID, salespeople_username, sale_date) VALUES ('201DHVWO70I456603', '914475403', 'user19', '2023-04-10');
INSERT INTO Buy (VIN, buyer_customer_ID, salespeople_username, sale_date) VALUES ('22EISXE65K7154002', '97-1509095', 'user04', '2023-07-16');
INSERT INTO Buy (VIN, buyer_customer_ID, salespeople_username, sale_date) VALUES ('24G081632WM888163', '009295495', 'user23', '2023-08-13');
INSERT INTO Buy (VIN, buyer_customer_ID, salespeople_username, sale_date) VALUES ('26GJDWHYLTU230526', '938929270', 'user04', '2023-07-08');
INSERT INTO Buy (VIN, buyer_customer_ID, salespeople_username, sale_date) VALUES ('2KJBD48273Y069356', '329866577', 'user19', '2023-01-18');
INSERT INTO Buy (VIN, buyer_customer_ID, salespeople_username, sale_date) VALUES ('2LBKYDFHTK3034814', '061387114', 'user03', '2023-07-17');
INSERT INTO Buy (VIN, buyer_customer_ID, salespeople_username, sale_date) VALUES ('2PKESKWHCJ4479804', '629812240', 'user25', '2023-07-29');
INSERT INTO Buy (VIN, buyer_customer_ID, salespeople_username, sale_date) VALUES ('340D7EL25S2404955', '64-3263338', 'user19', '2023-08-13');
INSERT INTO Buy (VIN, buyer_customer_ID, salespeople_username, sale_date) VALUES ('3CKLOVNGZ51537051', '988602508', 'user16', '2023-05-10');
INSERT INTO Buy (VIN, buyer_customer_ID, salespeople_username, sale_date) VALUES ('3FFSR68RD0K441878', '24-0171065', 'owner', '2023-08-24');
INSERT INTO Buy (VIN, buyer_customer_ID, salespeople_username, sale_date) VALUES ('3J6IMNCNYTR099621', '279776839', 'user25', '2023-02-28');
INSERT INTO Buy (VIN, buyer_customer_ID, salespeople_username, sale_date) VALUES ('3TJM4LZERLL108705', '491580595', 'user19', '2023-08-04');
INSERT INTO Buy (VIN, buyer_customer_ID, salespeople_username, sale_date) VALUES ('41DPYVQZCO3181476', '48-0436640', 'user16', '2023-07-15');
INSERT INTO Buy (VIN, buyer_customer_ID, salespeople_username, sale_date) VALUES ('42JDWI0F3D2375784', '079459924', 'user19', '2023-07-11');
INSERT INTO Buy (VIN, buyer_customer_ID, salespeople_username, sale_date) VALUES ('447NADHKNTP823552', '531825735', 'user06', '2023-07-08');
INSERT INTO Buy (VIN, buyer_customer_ID, salespeople_username, sale_date) VALUES ('4B5O8UZKPBZ854920', '613205626', 'user25', '2023-08-30');
INSERT INTO Buy (VIN, buyer_customer_ID, salespeople_username, sale_date) VALUES ('4GHCRLJOKT6083540', '591437032', 'user16', '2023-08-09');
INSERT INTO Buy (VIN, buyer_customer_ID, salespeople_username, sale_date) VALUES ('4HPEB1IJDDY354518', '061387114', 'user06', '2023-03-02');
INSERT INTO Buy (VIN, buyer_customer_ID, salespeople_username, sale_date) VALUES ('4IHUPZ7L3E4517493', '769826911', 'user16', '2022-10-26');
INSERT INTO Buy (VIN, buyer_customer_ID, salespeople_username, sale_date) VALUES ('54SZY4MKO6C114660', '95-5155656', 'user19', '2023-08-17');
INSERT INTO Buy (VIN, buyer_customer_ID, salespeople_username, sale_date) VALUES ('5MLXXEBOXNC754707', '381212216', 'user06', '2023-08-03');
INSERT INTO Buy (VIN, buyer_customer_ID, salespeople_username, sale_date) VALUES ('5OU82GIFAQ3021868', '80-4412234', 'user06', '2023-07-28');
INSERT INTO Buy (VIN, buyer_customer_ID, salespeople_username, sale_date) VALUES ('6KAIF8AC3KG769914', '334676702', 'user23', '2023-07-09');
INSERT INTO Buy (VIN, buyer_customer_ID, salespeople_username, sale_date) VALUES ('6O3JWO1Q4FP773157', '325090516', 'owner', '2023-08-04');
INSERT INTO Buy (VIN, buyer_customer_ID, salespeople_username, sale_date) VALUES ('6YHX7GHFZAR683239', '524692391', 'user19', '2023-03-24');
INSERT INTO Buy (VIN, buyer_customer_ID, salespeople_username, sale_date) VALUES ('7CY2WHON846872713', '845147047', 'user23', '2023-02-17');
INSERT INTO Buy (VIN, buyer_customer_ID, salespeople_username, sale_date) VALUES ('7D8A8QCVRII360920', '80-1084912', 'owner', '2023-07-27');
INSERT INTO Buy (VIN, buyer_customer_ID, salespeople_username, sale_date) VALUES ('7DGPXJB8CVD797363', '585189026', 'owner', '2023-02-18');
INSERT INTO Buy (VIN, buyer_customer_ID, salespeople_username, sale_date) VALUES ('7LOJS05DQA3004955', '482826267', 'user16', '2023-05-05');
INSERT INTO Buy (VIN, buyer_customer_ID, salespeople_username, sale_date) VALUES ('7RCMKD0P62B359074', '954824113', 'owner', '2023-02-21');
INSERT INTO Buy (VIN, buyer_customer_ID, salespeople_username, sale_date) VALUES ('7TQARECS56V791799', '531825735', 'user23', '2023-08-21');
INSERT INTO Buy (VIN, buyer_customer_ID, salespeople_username, sale_date) VALUES ('7Z0JVSYGTZW815756', '00-6502052', 'owner', '2023-06-13');
INSERT INTO Buy (VIN, buyer_customer_ID, salespeople_username, sale_date) VALUES ('8H3HKCNSFNN008758', '421317175', 'user04', '2023-05-27');
INSERT INTO Buy (VIN, buyer_customer_ID, salespeople_username, sale_date) VALUES ('8VB5KTBJX2A046744', '416352320', 'owner', '2023-02-14');
INSERT INTO Buy (VIN, buyer_customer_ID, salespeople_username, sale_date) VALUES ('A2NH51AUNR4312326', '349754202', 'user25', '2023-03-19');
INSERT INTO Buy (VIN, buyer_customer_ID, salespeople_username, sale_date) VALUES ('A35CVWAPCGY561956', '784939607', 'user06', '2023-06-12');
INSERT INTO Buy (VIN, buyer_customer_ID, salespeople_username, sale_date) VALUES ('A4LJMRR8IYC935453', '355956538', 'user19', '2023-07-18');
INSERT INTO Buy (VIN, buyer_customer_ID, salespeople_username, sale_date) VALUES ('A51QFDDJ7J7514581', '563576825', 'user16', '2023-05-29');
INSERT INTO Buy (VIN, buyer_customer_ID, salespeople_username, sale_date) VALUES ('A67JHQ2EJUP880876', '983685043', 'user06', '2023-03-19');
INSERT INTO Buy (VIN, buyer_customer_ID, salespeople_username, sale_date) VALUES ('AA0LZIX8DGI937291', '480355246', 'user23', '2023-01-27');
INSERT INTO Buy (VIN, buyer_customer_ID, salespeople_username, sale_date) VALUES ('AG15D1BT811693167', '89-1541922', 'user06', '2023-01-26');
INSERT INTO Buy (VIN, buyer_customer_ID, salespeople_username, sale_date) VALUES ('AJC7BO3XDGF951357', '917146407', 'user04', '2023-04-14');
INSERT INTO Buy (VIN, buyer_customer_ID, salespeople_username, sale_date) VALUES ('AKEXMUEW2XP076382', '033375455', 'user04', '2023-07-31');
INSERT INTO Buy (VIN, buyer_customer_ID, salespeople_username, sale_date) VALUES ('ALPWS6CXQO6590947', '32-1594201', 'user25', '2023-06-01');
INSERT INTO Buy (VIN, buyer_customer_ID, salespeople_username, sale_date) VALUES ('B03S4ENKKNP478278', '138971205', 'user19', '2023-03-23');
INSERT INTO Buy (VIN, buyer_customer_ID, salespeople_username, sale_date) VALUES ('B618X4DTE8R162599', '249565760', 'user03', '2023-07-27');
INSERT INTO Buy (VIN, buyer_customer_ID, salespeople_username, sale_date) VALUES ('BD1DYEOR4HZ412125', '938929270', 'user25', '2023-08-19');
INSERT INTO Buy (VIN, buyer_customer_ID, salespeople_username, sale_date) VALUES ('BQS2CJ56IBQ176739', '40-6460369', 'user16', '2023-07-21');
INSERT INTO Buy (VIN, buyer_customer_ID, salespeople_username, sale_date) VALUES ('BXQH0W1NGWT830685', '86-1158388', 'user23', '2023-03-31');
INSERT INTO Buy (VIN, buyer_customer_ID, salespeople_username, sale_date) VALUES ('C2RVH3HKPQZ794006', '983685043', 'user25', '2023-03-28');
INSERT INTO Buy (VIN, buyer_customer_ID, salespeople_username, sale_date) VALUES ('CB65LOSQY7V342457', '303794079', 'user03', '2023-06-28');
INSERT INTO Buy (VIN, buyer_customer_ID, salespeople_username, sale_date) VALUES ('CIKZXLNQWQ3050265', '559983722', 'user06', '2023-06-12');
INSERT INTO Buy (VIN, buyer_customer_ID, salespeople_username, sale_date) VALUES ('CN2YIBCUFSQ512071', '80-1084912', 'user19', '2023-01-07');
INSERT INTO Buy (VIN, buyer_customer_ID, salespeople_username, sale_date) VALUES ('CRB7J3UXZ61575642', '867022384', 'owner', '2023-06-08');
INSERT INTO Buy (VIN, buyer_customer_ID, salespeople_username, sale_date) VALUES ('CTHLSVQRDHK945534', '778214839', 'user16', '2023-03-25');
INSERT INTO Buy (VIN, buyer_customer_ID, salespeople_username, sale_date) VALUES ('CXQF7TZKIH0415109', '131693048', 'user23', '2023-08-10');
INSERT INTO Buy (VIN, buyer_customer_ID, salespeople_username, sale_date) VALUES ('DKYDDY0GPGN009571', '73-2317837', 'owner', '2023-05-26');
INSERT INTO Buy (VIN, buyer_customer_ID, salespeople_username, sale_date) VALUES ('DLCCHFQS6JE933115', '626322844', 'owner', '2023-03-28');
INSERT INTO Buy (VIN, buyer_customer_ID, salespeople_username, sale_date) VALUES ('DOR3YLSX4O5307917', '084398382', 'user23', '2023-04-09');
INSERT INTO Buy (VIN, buyer_customer_ID, salespeople_username, sale_date) VALUES ('DQ5QCUL84PJ297334', '156194593', 'user06', '2023-05-08');
INSERT INTO Buy (VIN, buyer_customer_ID, salespeople_username, sale_date) VALUES ('DTPFWL37FTZ702472', '043141609', 'user25', '2022-11-20');
INSERT INTO Buy (VIN, buyer_customer_ID, salespeople_username, sale_date) VALUES ('DXFJFHB2O8J213290', '753836489', 'user25', '2023-07-11');
INSERT INTO Buy (VIN, buyer_customer_ID, salespeople_username, sale_date) VALUES ('ECEPA3GAEIK299733', '624839974', 'user06', '2023-08-11');
INSERT INTO Buy (VIN, buyer_customer_ID, salespeople_username, sale_date) VALUES ('EE1BIYLSYRH856452', '740611372', 'user06', '2023-07-19');
INSERT INTO Buy (VIN, buyer_customer_ID, salespeople_username, sale_date) VALUES ('EIA3R8DZFZH945841', '629812240', 'user16', '2023-06-10');
INSERT INTO Buy (VIN, buyer_customer_ID, salespeople_username, sale_date) VALUES ('ETXMDO17CH5710002', '131693048', 'user04', '2023-08-16');
INSERT INTO Buy (VIN, buyer_customer_ID, salespeople_username, sale_date) VALUES ('FBQBTRRHZVG159504', '624839974', 'user19', '2023-05-31');
INSERT INTO Buy (VIN, buyer_customer_ID, salespeople_username, sale_date) VALUES ('FBW1SNMBJRO366159', '058642805', 'user19', '2022-10-20');
INSERT INTO Buy (VIN, buyer_customer_ID, salespeople_username, sale_date) VALUES ('FC6FEI1DRRR729956', '313904048', 'owner', '2023-02-16');
INSERT INTO Buy (VIN, buyer_customer_ID, salespeople_username, sale_date) VALUES ('FLTEHVIT7TR845477', '91-3927038', 'user23', '2023-06-05');
INSERT INTO Buy (VIN, buyer_customer_ID, salespeople_username, sale_date) VALUES ('FPS6SWVNJ46262208', '329866577', 'user03', '2023-06-28');
INSERT INTO Buy (VIN, buyer_customer_ID, salespeople_username, sale_date) VALUES ('FTU4SK7135C710080', '316142239', 'user04', '2023-05-27');
INSERT INTO Buy (VIN, buyer_customer_ID, salespeople_username, sale_date) VALUES ('G3GBYJSRTYT942116', '754703247', 'user23', '2023-02-02');
INSERT INTO Buy (VIN, buyer_customer_ID, salespeople_username, sale_date) VALUES ('G4PAVREW7K2826838', '80-4412234', 'user04', '2023-07-03');
INSERT INTO Buy (VIN, buyer_customer_ID, salespeople_username, sale_date) VALUES ('GDXK0JVJI0R636667', '139932987', 'user16', '2023-08-22');
INSERT INTO Buy (VIN, buyer_customer_ID, salespeople_username, sale_date) VALUES ('GJWDBBORYJD234673', '847939559', 'user16', '2023-07-29');
INSERT INTO Buy (VIN, buyer_customer_ID, salespeople_username, sale_date) VALUES ('GMLZ3HXD33V025329', '938929270', 'owner', '2023-07-05');
INSERT INTO Buy (VIN, buyer_customer_ID, salespeople_username, sale_date) VALUES ('GR0RVMPW4XI181018', '009295495', 'user06', '2023-03-07');
INSERT INTO Buy (VIN, buyer_customer_ID, salespeople_username, sale_date) VALUES ('GTBYGLSYL1E755778', '86-1158388', 'user03', '2023-08-26');
INSERT INTO Buy (VIN, buyer_customer_ID, salespeople_username, sale_date) VALUES ('H0M0QQ4Q0FN101290', '131693048', 'user03', '2022-11-01');
INSERT INTO Buy (VIN, buyer_customer_ID, salespeople_username, sale_date) VALUES ('H3NLVG1FUZX147919', '633816225', 'owner', '2023-04-26');
INSERT INTO Buy (VIN, buyer_customer_ID, salespeople_username, sale_date) VALUES ('HSJNIY2UV32447249', '334676702', 'user06', '2023-05-11');
INSERT INTO Buy (VIN, buyer_customer_ID, salespeople_username, sale_date) VALUES ('HV4CWSMM84O846378', '754703247', 'user04', '2023-06-15');
INSERT INTO Buy (VIN, buyer_customer_ID, salespeople_username, sale_date) VALUES ('I7B0O1H2OO8586909', '480355246', 'owner', '2023-07-04');
INSERT INTO Buy (VIN, buyer_customer_ID, salespeople_username, sale_date) VALUES ('IGCYVATVIYZ078682', '580630500', 'user23', '2023-08-18');
INSERT INTO Buy (VIN, buyer_customer_ID, salespeople_username, sale_date) VALUES ('IQV1YQ3IV7V327698', '591437032', 'owner', '2023-05-19');
INSERT INTO Buy (VIN, buyer_customer_ID, salespeople_username, sale_date) VALUES ('ITNTBT3I3K1112168', '510679263', 'user16', '2023-06-15');
INSERT INTO Buy (VIN, buyer_customer_ID, salespeople_username, sale_date) VALUES ('IZ7QWUEGB3H617828', '031943406', 'user06', '2023-08-23');
INSERT INTO Buy (VIN, buyer_customer_ID, salespeople_username, sale_date) VALUES ('JDZCMB67NYJ067633', '538226089', 'user25', '2023-05-21');
INSERT INTO Buy (VIN, buyer_customer_ID, salespeople_username, sale_date) VALUES ('KEQ2CFPH7RO593605', '072491401', 'user25', '2023-08-30');
INSERT INTO Buy (VIN, buyer_customer_ID, salespeople_username, sale_date) VALUES ('KPDR2Q24D25119360', '954824113', 'user23', '2023-02-09');
INSERT INTO Buy (VIN, buyer_customer_ID, salespeople_username, sale_date) VALUES ('KUG7KOVDXOY323266', '556570812', 'user23', '2023-08-10');
INSERT INTO Buy (VIN, buyer_customer_ID, salespeople_username, sale_date) VALUES ('KZ0SACUMQTT627927', '025917237', 'user06', '2023-08-02');
INSERT INTO Buy (VIN, buyer_customer_ID, salespeople_username, sale_date) VALUES ('L7OR57TJ78J722023', '538226089', 'user03', '2023-07-29');
INSERT INTO Buy (VIN, buyer_customer_ID, salespeople_username, sale_date) VALUES ('LBOZN1LVD46821421', '921649804', 'owner', '2022-11-05');
INSERT INTO Buy (VIN, buyer_customer_ID, salespeople_username, sale_date) VALUES ('LEL1EDGLIJB218949', '477077414', 'user04', '2022-11-07');
INSERT INTO Buy (VIN, buyer_customer_ID, salespeople_username, sale_date) VALUES ('LGC76I73Q43597619', '21-6554083', 'user03', '2023-08-19');
INSERT INTO Buy (VIN, buyer_customer_ID, salespeople_username, sale_date) VALUES ('M0LLCXP5H7J310101', '769826911', 'user03', '2022-07-26');
INSERT INTO Buy (VIN, buyer_customer_ID, salespeople_username, sale_date) VALUES ('M1HFENPSVSL450248', '823731374', 'user19', '2023-07-29');
INSERT INTO Buy (VIN, buyer_customer_ID, salespeople_username, sale_date) VALUES ('M1VVHWPORQR461359', '80-4412234', 'user19', '2023-07-09');
INSERT INTO Buy (VIN, buyer_customer_ID, salespeople_username, sale_date) VALUES ('MD18NLSWMB4832949', '303794079', 'user16', '2023-05-14');
INSERT INTO Buy (VIN, buyer_customer_ID, salespeople_username, sale_date) VALUES ('MFCEDCRIYU1438485', '823731374', 'user04', '2023-08-28');
INSERT INTO Buy (VIN, buyer_customer_ID, salespeople_username, sale_date) VALUES ('MGIHKQRZQ3I865167', '589074337', 'user06', '2023-04-07');
INSERT INTO Buy (VIN, buyer_customer_ID, salespeople_username, sale_date) VALUES ('MKBNHXQ0YCV993030', '410614165', 'owner', '2023-04-14');
INSERT INTO Buy (VIN, buyer_customer_ID, salespeople_username, sale_date) VALUES ('MLQIF1Z0TMV429595', '087754715', 'user23', '2023-08-02');
INSERT INTO Buy (VIN, buyer_customer_ID, salespeople_username, sale_date) VALUES ('MO22767RXSI895117', '161721159', 'user16', '2023-08-20');
INSERT INTO Buy (VIN, buyer_customer_ID, salespeople_username, sale_date) VALUES ('N5NZQJ4VDI0775398', '615376231', 'user16', '2023-08-20');
INSERT INTO Buy (VIN, buyer_customer_ID, salespeople_username, sale_date) VALUES ('N6N74WLAP33523834', '018533690', 'user16', '2023-07-20');
INSERT INTO Buy (VIN, buyer_customer_ID, salespeople_username, sale_date) VALUES ('N6SHU6PIZHU230217', '32-1594201', 'user04', '2023-08-25');
INSERT INTO Buy (VIN, buyer_customer_ID, salespeople_username, sale_date) VALUES ('N7Z650PTGIP247286', '83-4769864', 'user23', '2023-07-31');
INSERT INTO Buy (VIN, buyer_customer_ID, salespeople_username, sale_date) VALUES ('NG2R81BAMWW204013', '002868452', 'user25', '2023-08-31');
INSERT INTO Buy (VIN, buyer_customer_ID, salespeople_username, sale_date) VALUES ('NR0UX0H7C2C321461', '591437032', 'user19', '2023-02-21');
INSERT INTO Buy (VIN, buyer_customer_ID, salespeople_username, sale_date) VALUES ('NVE4BVYKKN4430875', '843028835', 'user25', '2023-03-30');
INSERT INTO Buy (VIN, buyer_customer_ID, salespeople_username, sale_date) VALUES ('OPBJWWEIHPI797081', '559840282', 'user19', '2023-04-29');
INSERT INTO Buy (VIN, buyer_customer_ID, salespeople_username, sale_date) VALUES ('P6MQEVF1IQJ610623', '585189026', 'user16', '2023-03-09');
INSERT INTO Buy (VIN, buyer_customer_ID, salespeople_username, sale_date) VALUES ('PBESRWYTH82112725', '025917237', 'user23', '2023-08-14');
INSERT INTO Buy (VIN, buyer_customer_ID, salespeople_username, sale_date) VALUES ('PEFFRGBZ281543143', '615376231', 'owner', '2023-07-18');
INSERT INTO Buy (VIN, buyer_customer_ID, salespeople_username, sale_date) VALUES ('PIA08DCAJZT422690', '874758244', 'user23', '2022-11-13');
INSERT INTO Buy (VIN, buyer_customer_ID, salespeople_username, sale_date) VALUES ('PLT6LAJER3K107458', '202765813', 'user06', '2023-06-25');
INSERT INTO Buy (VIN, buyer_customer_ID, salespeople_username, sale_date) VALUES ('PPVYLZRPFEV326028', '80-1084912', 'user19', '2023-04-04');
INSERT INTO Buy (VIN, buyer_customer_ID, salespeople_username, sale_date) VALUES ('PXCNI2OSD7O895646', '845147047', 'user25', '2022-10-06');
INSERT INTO Buy (VIN, buyer_customer_ID, salespeople_username, sale_date) VALUES ('PYPAPD46NJL873425', '043141609', 'user23', '2023-06-03');
INSERT INTO Buy (VIN, buyer_customer_ID, salespeople_username, sale_date) VALUES ('PZEF1VF3KOO767751', '97-1509095', 'owner', '2023-05-08');
INSERT INTO Buy (VIN, buyer_customer_ID, salespeople_username, sale_date) VALUES ('Q2P2LK1ILHI808826', '009295495', 'user03', '2023-07-02');
INSERT INTO Buy (VIN, buyer_customer_ID, salespeople_username, sale_date) VALUES ('Q60GMZWT47I158333', '395276449', 'user16', '2023-05-01');
INSERT INTO Buy (VIN, buyer_customer_ID, salespeople_username, sale_date) VALUES ('Q8DL7A5M6DW706622', '556570812', 'user04', '2023-03-15');
INSERT INTO Buy (VIN, buyer_customer_ID, salespeople_username, sale_date) VALUES ('QEQSOYDPWY5042665', '624839974', 'owner', '2022-12-30');
INSERT INTO Buy (VIN, buyer_customer_ID, salespeople_username, sale_date) VALUES ('QH3G5SMTWL1655432', '203112624', 'user16', '2023-08-09');
INSERT INTO Buy (VIN, buyer_customer_ID, salespeople_username, sale_date) VALUES ('QHAPGD3YQSF045388', '44-6640568', 'user23', '2023-08-23');
INSERT INTO Buy (VIN, buyer_customer_ID, salespeople_username, sale_date) VALUES ('QPWTK3WNUF0594711', '95-5155656', 'user06', '2023-08-18');
INSERT INTO Buy (VIN, buyer_customer_ID, salespeople_username, sale_date) VALUES ('QRDJE8YRD8U529603', '740611372', 'user03', '2023-07-03');
INSERT INTO Buy (VIN, buyer_customer_ID, salespeople_username, sale_date) VALUES ('QWJUBFUE74W190495', '116667329', 'user16', '2023-08-12');
INSERT INTO Buy (VIN, buyer_customer_ID, salespeople_username, sale_date) VALUES ('R6O7MCNZEA0553701', '381212216', 'user23', '2022-11-04');
INSERT INTO Buy (VIN, buyer_customer_ID, salespeople_username, sale_date) VALUES ('RBSQUJWFZ4A708786', '058642805', 'user04', '2023-02-24');
INSERT INTO Buy (VIN, buyer_customer_ID, salespeople_username, sale_date) VALUES ('RCL5Y4CCCUM867263', '563576825', 'user06', '2022-10-27');
INSERT INTO Buy (VIN, buyer_customer_ID, salespeople_username, sale_date) VALUES ('RLDE4ATQ47P565906', '934237940', 'owner', '2023-08-19');
INSERT INTO Buy (VIN, buyer_customer_ID, salespeople_username, sale_date) VALUES ('RO4NPMLPRAU291778', '850547815', 'user19', '2023-08-26');
INSERT INTO Buy (VIN, buyer_customer_ID, salespeople_username, sale_date) VALUES ('RQT7QTVEXT0674936', '32-1594201', 'owner', '2023-06-30');
INSERT INTO Buy (VIN, buyer_customer_ID, salespeople_username, sale_date) VALUES ('RYY32CGB7QR718629', '289098127', 'owner', '2022-11-06');
INSERT INTO Buy (VIN, buyer_customer_ID, salespeople_username, sale_date) VALUES ('SAK8I3JJ105230630', '630990970', 'user03', '2023-05-01');
INSERT INTO Buy (VIN, buyer_customer_ID, salespeople_username, sale_date) VALUES ('SD2X8HRQ6LA547754', '629812240', 'user25', '2023-07-09');
INSERT INTO Buy (VIN, buyer_customer_ID, salespeople_username, sale_date) VALUES ('SR4SDAVQ7PE310529', '480355246', 'user06', '2023-06-05');
INSERT INTO Buy (VIN, buyer_customer_ID, salespeople_username, sale_date) VALUES ('T243JSSHR0A986592', '55-6187762', 'user23', '2023-05-19');
INSERT INTO Buy (VIN, buyer_customer_ID, salespeople_username, sale_date) VALUES ('T4ZU00SL0FM541576', '116667329', 'user19', '2023-03-16');
INSERT INTO Buy (VIN, buyer_customer_ID, salespeople_username, sale_date) VALUES ('T5C2LPXJ6EV337528', '80-4412234', 'owner', '2023-08-16');
INSERT INTO Buy (VIN, buyer_customer_ID, salespeople_username, sale_date) VALUES ('TC4853NNGV8281503', '945585317', 'user04', '2023-04-05');
INSERT INTO Buy (VIN, buyer_customer_ID, salespeople_username, sale_date) VALUES ('TNKMV3WVVH4431089', '283775388', 'user23', '2022-08-15');
INSERT INTO Buy (VIN, buyer_customer_ID, salespeople_username, sale_date) VALUES ('TPH6V84MCP2752251', '116667329', 'user25', '2022-11-23');
INSERT INTO Buy (VIN, buyer_customer_ID, salespeople_username, sale_date) VALUES ('TSKEZMWTN2C772047', '031943406', 'user04', '2023-01-03');
INSERT INTO Buy (VIN, buyer_customer_ID, salespeople_username, sale_date) VALUES ('TVGHAGV52ZK295053', '003094340', 'owner', '2023-05-05');
INSERT INTO Buy (VIN, buyer_customer_ID, salespeople_username, sale_date) VALUES ('TWQZPGJM4DR331537', '500034298', 'user04', '2023-08-21');
INSERT INTO Buy (VIN, buyer_customer_ID, salespeople_username, sale_date) VALUES ('U73PMGHR3NU905301', '022691032', 'owner', '2023-07-12');
INSERT INTO Buy (VIN, buyer_customer_ID, salespeople_username, sale_date) VALUES ('U7IKYL8F8X4927973', '48-0436640', 'user16', '2023-07-25');
INSERT INTO Buy (VIN, buyer_customer_ID, salespeople_username, sale_date) VALUES ('U7KH3BB3QF1504776', '79-8921658', 'owner', '2023-07-10');
INSERT INTO Buy (VIN, buyer_customer_ID, salespeople_username, sale_date) VALUES ('U8EJ173KSZC747630', '006351430', 'user25', '2023-08-27');
INSERT INTO Buy (VIN, buyer_customer_ID, salespeople_username, sale_date) VALUES ('UDE781XTUA1070992', '031342737', 'user16', '2023-03-22');
INSERT INTO Buy (VIN, buyer_customer_ID, salespeople_username, sale_date) VALUES ('UHNJLMAYL3Z014146', '71-5402425', 'user04', '2023-08-17');
INSERT INTO Buy (VIN, buyer_customer_ID, salespeople_username, sale_date) VALUES ('UJXTQIJ6PUG086494', '21-6554083', 'user03', '2023-08-29');
INSERT INTO Buy (VIN, buyer_customer_ID, salespeople_username, sale_date) VALUES ('UOGYWMEC33D484399', '159645355', 'owner', '2023-07-31');
INSERT INTO Buy (VIN, buyer_customer_ID, salespeople_username, sale_date) VALUES ('UYFIPOJKG8M784198', '44-6640568', 'user04', '2023-04-29');
INSERT INTO Buy (VIN, buyer_customer_ID, salespeople_username, sale_date) VALUES ('UZMOJESJGYB516120', '480355246', 'user03', '2023-08-25');
INSERT INTO Buy (VIN, buyer_customer_ID, salespeople_username, sale_date) VALUES ('V1NVZM13MTZ321642', '06-7755958', 'owner', '2023-08-25');
INSERT INTO Buy (VIN, buyer_customer_ID, salespeople_username, sale_date) VALUES ('VLYSREO4D36135371', '633816225', 'user23', '2023-05-13');
INSERT INTO Buy (VIN, buyer_customer_ID, salespeople_username, sale_date) VALUES ('VWF36GH8UML053642', '904213466', 'user06', '2023-05-12');
INSERT INTO Buy (VIN, buyer_customer_ID, salespeople_username, sale_date) VALUES ('VZJVASAMKKS604221', '580630500', 'user03', '2023-08-16');
INSERT INTO Buy (VIN, buyer_customer_ID, salespeople_username, sale_date) VALUES ('W2TZ8TM4KYP471843', '64-3263338', 'user03', '2023-06-24');
INSERT INTO Buy (VIN, buyer_customer_ID, salespeople_username, sale_date) VALUES ('W53DF32ONVV569395', '914475403', 'user04', '2023-08-03');
INSERT INTO Buy (VIN, buyer_customer_ID, salespeople_username, sale_date) VALUES ('WA73P2TB0BO402832', '929692063', 'user23', '2023-08-28');
INSERT INTO Buy (VIN, buyer_customer_ID, salespeople_username, sale_date) VALUES ('WBMXRC0KFEQ531154', '666306027', 'user16', '2023-06-18');
INSERT INTO Buy (VIN, buyer_customer_ID, salespeople_username, sale_date) VALUES ('WJFKT6K3CDS809623', '615376231', 'user19', '2023-01-31');
INSERT INTO Buy (VIN, buyer_customer_ID, salespeople_username, sale_date) VALUES ('WUD6UHNVINU339156', '349754202', 'user23', '2022-11-28');
INSERT INTO Buy (VIN, buyer_customer_ID, salespeople_username, sale_date) VALUES ('X5MLJ3CUPNB099293', '626322844', 'user06', '2023-03-20');
INSERT INTO Buy (VIN, buyer_customer_ID, salespeople_username, sale_date) VALUES ('XEGBS0XOI2N387757', '416352320', 'user06', '2023-01-06');
INSERT INTO Buy (VIN, buyer_customer_ID, salespeople_username, sale_date) VALUES ('XFZA0H1LN1P361906', '101246549', 'owner', '2023-07-22');
INSERT INTO Buy (VIN, buyer_customer_ID, salespeople_username, sale_date) VALUES ('XPUC8ERWM0W803922', '804718897', 'user16', '2022-12-22');
INSERT INTO Buy (VIN, buyer_customer_ID, salespeople_username, sale_date) VALUES ('Y033F7MCLW5266860', '189578947', 'user16', '2023-07-10');
INSERT INTO Buy (VIN, buyer_customer_ID, salespeople_username, sale_date) VALUES ('Y4M46JG6P4R842099', '86-8715602', 'user25', '2023-04-02');
INSERT INTO Buy (VIN, buyer_customer_ID, salespeople_username, sale_date) VALUES ('YITE7BMX1N7857452', '97-1509095', 'user19', '2023-08-31');
INSERT INTO Buy (VIN, buyer_customer_ID, salespeople_username, sale_date) VALUES ('YL8S255YJYA054546', '73-2317837', 'user23', '2023-06-16');
INSERT INTO Buy (VIN, buyer_customer_ID, salespeople_username, sale_date) VALUES ('Z0G16U7UDC0331707', '249565760', 'user04', '2023-01-05');
INSERT INTO Buy (VIN, buyer_customer_ID, salespeople_username, sale_date) VALUES ('Z1AKLYZDZLY858148', '00-3992833', 'user04', '2023-02-10');
INSERT INTO Buy (VIN, buyer_customer_ID, salespeople_username, sale_date) VALUES ('ZAGIZGOGIZ6802854', '18-0557460', 'user19', '2023-02-25');
INSERT INTO Buy (VIN, buyer_customer_ID, salespeople_username, sale_date) VALUES ('ZBSRSJEASBE950499', '190389930', 'user25', '2023-06-21');
INSERT INTO Buy (VIN, buyer_customer_ID, salespeople_username, sale_date) VALUES ('ZJ8V6INQOV2978667', '666306027', 'user16', '2023-06-30');
INSERT INTO Buy (VIN, buyer_customer_ID, salespeople_username, sale_date) VALUES ('ZKE5A1ZF45J937308', '002868452', 'user04', '2023-07-01');
INSERT INTO Buy (VIN, buyer_customer_ID, salespeople_username, sale_date) VALUES ('ZO23XPTPQGF782695', '563576825', 'user23', '2023-06-26');
INSERT INTO Buy (VIN, buyer_customer_ID, salespeople_username, sale_date) VALUES ('ZTFFYASAAMG348199', '116667329', 'user23', '2023-08-04');
INSERT INTO Buy (VIN, buyer_customer_ID, salespeople_username, sale_date) VALUES ('ZX85QCBBBIP411923', '88-6885026', 'user23', '2023-08-06');
INSERT INTO Buy (VIN, buyer_customer_ID, salespeople_username, sale_date) VALUES ('ZZUFHYJV0FI610258', '307192832', 'user25', '2023-08-11');

-- Inserting Vendor
INSERT INTO Vendor (name, address_street, address_city, address_state, address_postal, phone_number) VALUES ('Bioholding', '5884 14-street', 'Columbus', 'OH', '48111', '3147649840');
INSERT INTO Vendor (name, address_street, address_city, address_state, address_postal, phone_number) VALUES ('dambase', '1961 17-street', 'Raleigh', 'FL', '93296', '9772455939');
INSERT INTO Vendor (name, address_street, address_city, address_state, address_postal, phone_number) VALUES ('Goodsilron', '2841 3-street', 'Tucson', 'CA', '08824', '2769660841');
INSERT INTO Vendor (name, address_street, address_city, address_state, address_postal, phone_number) VALUES ('Hottechi', '4747 19-street', 'Winston-Salem', 'AZ', '79145', '6409490160');
INSERT INTO Vendor (name, address_street, address_city, address_state, address_postal, phone_number) VALUES ('J-Texon', '901 5-street', 'Houston', 'TX', '09058', '0808543265');
INSERT INTO Vendor (name, address_street, address_city, address_state, address_postal, phone_number) VALUES ('Kan-code', '6217 10-street', 'Norfolk', 'NC', '06008', '2395987676');
INSERT INTO Vendor (name, address_street, address_city, address_state, address_postal, phone_number) VALUES ('Lexiqvolax', '2838 17-street', 'Santa Ana', 'MO', '31193', '1208843903');
INSERT INTO Vendor (name, address_street, address_city, address_state, address_postal, phone_number) VALUES ('Nam-zim', '5536 8-street', 'Mesa', 'VA', '24144', '3316075976');
INSERT INTO Vendor (name, address_street, address_city, address_state, address_postal, phone_number) VALUES ('Opentech', '6246 17-street', 'Richmond', 'CA', '28498', '1444384511');
INSERT INTO Vendor (name, address_street, address_city, address_state, address_postal, phone_number) VALUES ('Plexzap', '7571 16-street', 'St. Louis', 'CA', '32742', '0815067911');
INSERT INTO Vendor (name, address_street, address_city, address_state, address_postal, phone_number) VALUES ('Plusstrip', '9702 17-street', 'Nashville-Davidson', 'MD', '11071', '1564101797');
INSERT INTO Vendor (name, address_street, address_city, address_state, address_postal, phone_number) VALUES ('Rantouch', '5326 18-street', 'Newark', 'TX', '91854', '5858845521');
INSERT INTO Vendor (name, address_street, address_city, address_state, address_postal, phone_number) VALUES ('Rundofase', '4770 8-street', 'Kansas City', 'AZ', '77862', '9859832716');
INSERT INTO Vendor (name, address_street, address_city, address_state, address_postal, phone_number) VALUES ('Scottech', '4993 1-street', 'Columbus', 'OH', '19652', '1132929076');
INSERT INTO Vendor (name, address_street, address_city, address_state, address_postal, phone_number) VALUES ('Silis', '3900 8-street', 'Oakland', 'MN', '24525', '1627159429');
INSERT INTO Vendor (name, address_street, address_city, address_state, address_postal, phone_number) VALUES ('Sonron', '6275 2-street', 'Orlando', 'FL', '73216', '1894369640');
INSERT INTO Vendor (name, address_street, address_city, address_state, address_postal, phone_number) VALUES ('Statholdings', '4273 1-street', 'Houston', 'TX', '80686', '6944638738');
INSERT INTO Vendor (name, address_street, address_city, address_state, address_postal, phone_number) VALUES ('Toughzap', '8085 14-street', 'Raleigh', 'FL', '78641', '1499979250');
INSERT INTO Vendor (name, address_street, address_city, address_state, address_postal, phone_number) VALUES ('Zotware', '9246 9-street', 'Winston-Salem', 'AZ', '25414', '7698149359');
INSERT INTO Vendor (name, address_street, address_city, address_state, address_postal, phone_number) VALUES ('Zumgoity', '851 11-street', 'Tulsa', 'OH', '47865', '7359402191');

-- Inserting Parts_Order
INSERT INTO Parts_Order (VIN, num, vendor_name) VALUES ('0216UZ8NIB3005163', 2, 'Bioholding');
INSERT INTO Parts_Order (VIN, num, vendor_name) VALUES ('0H6SRXF8EP7967929', 4, 'Bioholding');
INSERT INTO Parts_Order (VIN, num, vendor_name) VALUES ('0KAMFH817HG984940', 1, 'Bioholding');
INSERT INTO Parts_Order (VIN, num, vendor_name) VALUES ('340D7EL25S2404955', 3, 'Bioholding');
INSERT INTO Parts_Order (VIN, num, vendor_name) VALUES ('41DPYVQZCO3181476', 2, 'Bioholding');
INSERT INTO Parts_Order (VIN, num, vendor_name) VALUES ('447NADHKNTP823552', 5, 'Bioholding');
INSERT INTO Parts_Order (VIN, num, vendor_name) VALUES ('52J1ULU58OB110991', 2, 'Bioholding');
INSERT INTO Parts_Order (VIN, num, vendor_name) VALUES ('6O3JWO1Q4FP773157', 4, 'Bioholding');
INSERT INTO Parts_Order (VIN, num, vendor_name) VALUES ('7NZJI4NR80U192007', 2, 'Bioholding');
INSERT INTO Parts_Order (VIN, num, vendor_name) VALUES ('7QRXAX01CS1186500', 1, 'Bioholding');
INSERT INTO Parts_Order (VIN, num, vendor_name) VALUES ('7XQ1OO4FTRB936926', 1, 'Bioholding');
INSERT INTO Parts_Order (VIN, num, vendor_name) VALUES ('7XQ1OO4FTRB936926', 2, 'Bioholding');
INSERT INTO Parts_Order (VIN, num, vendor_name) VALUES ('A35CVWAPCGY561956', 5, 'Bioholding');
INSERT INTO Parts_Order (VIN, num, vendor_name) VALUES ('A51QFDDJ7J7514581', 3, 'Bioholding');
INSERT INTO Parts_Order (VIN, num, vendor_name) VALUES ('AB7D5GUATWA988114', 1, 'Bioholding');
INSERT INTO Parts_Order (VIN, num, vendor_name) VALUES ('AG15D1BT811693167', 1, 'Bioholding');
INSERT INTO Parts_Order (VIN, num, vendor_name) VALUES ('BQS2CJ56IBQ176739', 2, 'Bioholding');
INSERT INTO Parts_Order (VIN, num, vendor_name) VALUES ('DLCCHFQS6JE933115', 2, 'Bioholding');
INSERT INTO Parts_Order (VIN, num, vendor_name) VALUES ('DTPFWL37FTZ702472', 1, 'Bioholding');
INSERT INTO Parts_Order (VIN, num, vendor_name) VALUES ('GMLZ3HXD33V025329', 2, 'Bioholding');
INSERT INTO Parts_Order (VIN, num, vendor_name) VALUES ('GUSD5Z52ID6316641', 3, 'Bioholding');
INSERT INTO Parts_Order (VIN, num, vendor_name) VALUES ('LEL1EDGLIJB218949', 1, 'Bioholding');
INSERT INTO Parts_Order (VIN, num, vendor_name) VALUES ('MKBNHXQ0YCV993030', 1, 'Bioholding');
INSERT INTO Parts_Order (VIN, num, vendor_name) VALUES ('MXQN4LATRKB695732', 1, 'Bioholding');
INSERT INTO Parts_Order (VIN, num, vendor_name) VALUES ('NR0UX0H7C2C321461', 1, 'Bioholding');
INSERT INTO Parts_Order (VIN, num, vendor_name) VALUES ('Q8DL7A5M6DW706622', 4, 'Bioholding');
INSERT INTO Parts_Order (VIN, num, vendor_name) VALUES ('UOGYWMEC33D484399', 5, 'Bioholding');
INSERT INTO Parts_Order (VIN, num, vendor_name) VALUES ('US6XUXEBB7J677669', 6, 'Bioholding');
INSERT INTO Parts_Order (VIN, num, vendor_name) VALUES ('USQTBTRES6C396411', 5, 'Bioholding');
INSERT INTO Parts_Order (VIN, num, vendor_name) VALUES ('V1NVZM13MTZ321642', 3, 'Bioholding');
INSERT INTO Parts_Order (VIN, num, vendor_name) VALUES ('WJFKT6K3CDS809623', 2, 'Bioholding');
INSERT INTO Parts_Order (VIN, num, vendor_name) VALUES ('X5MLJ3CUPNB099293', 2, 'Bioholding');
INSERT INTO Parts_Order (VIN, num, vendor_name) VALUES ('XEGBS0XOI2N387757', 1, 'Bioholding');
INSERT INTO Parts_Order (VIN, num, vendor_name) VALUES ('Y56Q2GI1LS6727671', 2, 'Bioholding');
INSERT INTO Parts_Order (VIN, num, vendor_name) VALUES ('Z1AKLYZDZLY858148', 2, 'Bioholding');
INSERT INTO Parts_Order (VIN, num, vendor_name) VALUES ('ZTFFYASAAMG348199', 1, 'Bioholding');
INSERT INTO Parts_Order (VIN, num, vendor_name) VALUES ('2LBKYDFHTK3034814', 1, 'dambase');
INSERT INTO Parts_Order (VIN, num, vendor_name) VALUES ('340D7EL25S2404955', 1, 'dambase');
INSERT INTO Parts_Order (VIN, num, vendor_name) VALUES ('340D7EL25S2404955', 2, 'dambase');
INSERT INTO Parts_Order (VIN, num, vendor_name) VALUES ('4B5O8UZKPBZ854920', 1, 'dambase');
INSERT INTO Parts_Order (VIN, num, vendor_name) VALUES ('5QPBC4N5SPV612486', 3, 'dambase');
INSERT INTO Parts_Order (VIN, num, vendor_name) VALUES ('60RPWRGZXAL689666', 1, 'dambase');
INSERT INTO Parts_Order (VIN, num, vendor_name) VALUES ('60RPWRGZXAL689666', 2, 'dambase');
INSERT INTO Parts_Order (VIN, num, vendor_name) VALUES ('6O3JWO1Q4FP773157', 2, 'dambase');
INSERT INTO Parts_Order (VIN, num, vendor_name) VALUES ('77YSCOERITP460658', 1, 'dambase');
INSERT INTO Parts_Order (VIN, num, vendor_name) VALUES ('7L2HF63NS64790085', 1, 'dambase');
INSERT INTO Parts_Order (VIN, num, vendor_name) VALUES ('7NZJI4NR80U192007', 1, 'dambase');
INSERT INTO Parts_Order (VIN, num, vendor_name) VALUES ('A35CVWAPCGY561956', 4, 'dambase');
INSERT INTO Parts_Order (VIN, num, vendor_name) VALUES ('AUP647YMZFB601236', 2, 'dambase');
INSERT INTO Parts_Order (VIN, num, vendor_name) VALUES ('FBQBTRRHZVG159504', 3, 'dambase');
INSERT INTO Parts_Order (VIN, num, vendor_name) VALUES ('FC6FEI1DRRR729956', 1, 'dambase');
INSERT INTO Parts_Order (VIN, num, vendor_name) VALUES ('GTBYGLSYL1E755778', 1, 'dambase');
INSERT INTO Parts_Order (VIN, num, vendor_name) VALUES ('HD1EA820DKW043837', 1, 'dambase');
INSERT INTO Parts_Order (VIN, num, vendor_name) VALUES ('HSJNIY2UV32447249', 3, 'dambase');
INSERT INTO Parts_Order (VIN, num, vendor_name) VALUES ('KLE3XPYFTO6494665', 1, 'dambase');
INSERT INTO Parts_Order (VIN, num, vendor_name) VALUES ('LEDF5CRGFJL596318', 1, 'dambase');
INSERT INTO Parts_Order (VIN, num, vendor_name) VALUES ('MD18NLSWMB4832949', 1, 'dambase');
INSERT INTO Parts_Order (VIN, num, vendor_name) VALUES ('N6N74WLAP33523834', 1, 'dambase');
INSERT INTO Parts_Order (VIN, num, vendor_name) VALUES ('PPL8CACMUCW104005', 2, 'dambase');
INSERT INTO Parts_Order (VIN, num, vendor_name) VALUES ('Q2P2LK1ILHI808826', 1, 'dambase');
INSERT INTO Parts_Order (VIN, num, vendor_name) VALUES ('SDRDJVHRDEY589102', 2, 'dambase');
INSERT INTO Parts_Order (VIN, num, vendor_name) VALUES ('T4ZU00SL0FM541576', 2, 'dambase');
INSERT INTO Parts_Order (VIN, num, vendor_name) VALUES ('U73PMGHR3NU905301', 5, 'dambase');
INSERT INTO Parts_Order (VIN, num, vendor_name) VALUES ('UHNJLMAYL3Z014146', 1, 'dambase');
INSERT INTO Parts_Order (VIN, num, vendor_name) VALUES ('US6XUXEBB7J677669', 4, 'dambase');
INSERT INTO Parts_Order (VIN, num, vendor_name) VALUES ('USQTBTRES6C396411', 1, 'dambase');
INSERT INTO Parts_Order (VIN, num, vendor_name) VALUES ('V1NVZM13MTZ321642', 1, 'dambase');
INSERT INTO Parts_Order (VIN, num, vendor_name) VALUES ('VMHK0HNQTW3691881', 1, 'dambase');
INSERT INTO Parts_Order (VIN, num, vendor_name) VALUES ('W2TZ8TM4KYP471843', 1, 'dambase');
INSERT INTO Parts_Order (VIN, num, vendor_name) VALUES ('2J8FN6TAGEZ924085', 5, 'Goodsilron');
INSERT INTO Parts_Order (VIN, num, vendor_name) VALUES ('3NO8BO4OGTL807840', 3, 'Goodsilron');
INSERT INTO Parts_Order (VIN, num, vendor_name) VALUES ('41DPYVQZCO3181476', 1, 'Goodsilron');
INSERT INTO Parts_Order (VIN, num, vendor_name) VALUES ('42JDWI0F3D2375784', 2, 'Goodsilron');
INSERT INTO Parts_Order (VIN, num, vendor_name) VALUES ('5QPBC4N5SPV612486', 2, 'Goodsilron');
INSERT INTO Parts_Order (VIN, num, vendor_name) VALUES ('5RLTD3PDG7P142502', 2, 'Goodsilron');
INSERT INTO Parts_Order (VIN, num, vendor_name) VALUES ('7JA8DZH7CN4199183', 2, 'Goodsilron');
INSERT INTO Parts_Order (VIN, num, vendor_name) VALUES ('A35CVWAPCGY561956', 6, 'Goodsilron');
INSERT INTO Parts_Order (VIN, num, vendor_name) VALUES ('A46MVF2CB4I965254', 2, 'Goodsilron');
INSERT INTO Parts_Order (VIN, num, vendor_name) VALUES ('AE23FNQ4ECZ859800', 2, 'Goodsilron');
INSERT INTO Parts_Order (VIN, num, vendor_name) VALUES ('AG15D1BT811693167', 2, 'Goodsilron');
INSERT INTO Parts_Order (VIN, num, vendor_name) VALUES ('CN2YIBCUFSQ512071', 4, 'Goodsilron');
INSERT INTO Parts_Order (VIN, num, vendor_name) VALUES ('CTHLSVQRDHK945534', 5, 'Goodsilron');
INSERT INTO Parts_Order (VIN, num, vendor_name) VALUES ('GHMZYD6YMKB413330', 1, 'Goodsilron');
INSERT INTO Parts_Order (VIN, num, vendor_name) VALUES ('GJWDBBORYJD234673', 2, 'Goodsilron');
INSERT INTO Parts_Order (VIN, num, vendor_name) VALUES ('H3NLVG1FUZX147919', 1, 'Goodsilron');
INSERT INTO Parts_Order (VIN, num, vendor_name) VALUES ('HSJNIY2UV32447249', 2, 'Goodsilron');
INSERT INTO Parts_Order (VIN, num, vendor_name) VALUES ('JCDM7P6FYYP189674', 3, 'Goodsilron');
INSERT INTO Parts_Order (VIN, num, vendor_name) VALUES ('KZ0SACUMQTT627927', 5, 'Goodsilron');
INSERT INTO Parts_Order (VIN, num, vendor_name) VALUES ('LLUBKYOAHHE880633', 2, 'Goodsilron');
INSERT INTO Parts_Order (VIN, num, vendor_name) VALUES ('M0LLCXP5H7J310101', 1, 'Goodsilron');
INSERT INTO Parts_Order (VIN, num, vendor_name) VALUES ('M1HFENPSVSL450248', 2, 'Goodsilron');
INSERT INTO Parts_Order (VIN, num, vendor_name) VALUES ('M1VVHWPORQR461359', 1, 'Goodsilron');
INSERT INTO Parts_Order (VIN, num, vendor_name) VALUES ('MD18NLSWMB4832949', 3, 'Goodsilron');
INSERT INTO Parts_Order (VIN, num, vendor_name) VALUES ('NEWE3K53GY7625960', 3, 'Goodsilron');
INSERT INTO Parts_Order (VIN, num, vendor_name) VALUES ('OQ11DGF6RTF163062', 1, 'Goodsilron');
INSERT INTO Parts_Order (VIN, num, vendor_name) VALUES ('PBESRWYTH82112725', 3, 'Goodsilron');
INSERT INTO Parts_Order (VIN, num, vendor_name) VALUES ('QRDJE8YRD8U529603', 1, 'Goodsilron');
INSERT INTO Parts_Order (VIN, num, vendor_name) VALUES ('RBSQUJWFZ4A708786', 1, 'Goodsilron');
INSERT INTO Parts_Order (VIN, num, vendor_name) VALUES ('RO4NPMLPRAU291778', 1, 'Goodsilron');
INSERT INTO Parts_Order (VIN, num, vendor_name) VALUES ('SJTYF7S2DOK527698', 2, 'Goodsilron');
INSERT INTO Parts_Order (VIN, num, vendor_name) VALUES ('SJTYF7S2DOK527698', 5, 'Goodsilron');
INSERT INTO Parts_Order (VIN, num, vendor_name) VALUES ('YVMVY2BZAR4435152', 2, 'Goodsilron');
INSERT INTO Parts_Order (VIN, num, vendor_name) VALUES ('0KSVK7T0HVD586286', 1, 'Hottechi');
INSERT INTO Parts_Order (VIN, num, vendor_name) VALUES ('0MRJ620G5FE640131', 1, 'Hottechi');
INSERT INTO Parts_Order (VIN, num, vendor_name) VALUES ('2KJBD48273Y069356', 2, 'Hottechi');
INSERT INTO Parts_Order (VIN, num, vendor_name) VALUES ('3NO8BO4OGTL807840', 2, 'Hottechi');
INSERT INTO Parts_Order (VIN, num, vendor_name) VALUES ('4GHCRLJOKT6083540', 1, 'Hottechi');
INSERT INTO Parts_Order (VIN, num, vendor_name) VALUES ('5OU82GIFAQ3021868', 2, 'Hottechi');
INSERT INTO Parts_Order (VIN, num, vendor_name) VALUES ('5PUIFVQ6V3R308628', 1, 'Hottechi');
INSERT INTO Parts_Order (VIN, num, vendor_name) VALUES ('5PUIFVQ6V3R308628', 2, 'Hottechi');
INSERT INTO Parts_Order (VIN, num, vendor_name) VALUES ('6KAIF8AC3KG769914', 1, 'Hottechi');
INSERT INTO Parts_Order (VIN, num, vendor_name) VALUES ('77YSCOERITP460658', 4, 'Hottechi');
INSERT INTO Parts_Order (VIN, num, vendor_name) VALUES ('A2NH51AUNR4312326', 1, 'Hottechi');
INSERT INTO Parts_Order (VIN, num, vendor_name) VALUES ('AKWG2XQFZ8Z338505', 3, 'Hottechi');
INSERT INTO Parts_Order (VIN, num, vendor_name) VALUES ('CN2YIBCUFSQ512071', 1, 'Hottechi');
INSERT INTO Parts_Order (VIN, num, vendor_name) VALUES ('CO7AJWOLKX5663458', 1, 'Hottechi');
INSERT INTO Parts_Order (VIN, num, vendor_name) VALUES ('ECEPA3GAEIK299733', 2, 'Hottechi');
INSERT INTO Parts_Order (VIN, num, vendor_name) VALUES ('FBW1SNMBJRO366159', 1, 'Hottechi');
INSERT INTO Parts_Order (VIN, num, vendor_name) VALUES ('GR0RVMPW4XI181018', 1, 'Hottechi');
INSERT INTO Parts_Order (VIN, num, vendor_name) VALUES ('HV4CWSMM84O846378', 2, 'Hottechi');
INSERT INTO Parts_Order (VIN, num, vendor_name) VALUES ('ITNTBT3I3K1112168', 1, 'Hottechi');
INSERT INTO Parts_Order (VIN, num, vendor_name) VALUES ('LBOZN1LVD46821421', 3, 'Hottechi');
INSERT INTO Parts_Order (VIN, num, vendor_name) VALUES ('M07I6J8WOKL966353', 1, 'Hottechi');
INSERT INTO Parts_Order (VIN, num, vendor_name) VALUES ('MFCEDCRIYU1438485', 1, 'Hottechi');
INSERT INTO Parts_Order (VIN, num, vendor_name) VALUES ('PBESRWYTH82112725', 2, 'Hottechi');
INSERT INTO Parts_Order (VIN, num, vendor_name) VALUES ('PIA08DCAJZT422690', 1, 'Hottechi');
INSERT INTO Parts_Order (VIN, num, vendor_name) VALUES ('PLT6LAJER3K107458', 2, 'Hottechi');
INSERT INTO Parts_Order (VIN, num, vendor_name) VALUES ('Q7YZUDKENN4246098', 1, 'Hottechi');
INSERT INTO Parts_Order (VIN, num, vendor_name) VALUES ('RLRM7DYGMQU101483', 1, 'Hottechi');
INSERT INTO Parts_Order (VIN, num, vendor_name) VALUES ('T243JSSHR0A986592', 2, 'Hottechi');
INSERT INTO Parts_Order (VIN, num, vendor_name) VALUES ('UZMOJESJGYB516120', 2, 'Hottechi');
INSERT INTO Parts_Order (VIN, num, vendor_name) VALUES ('VZJVASAMKKS604221', 4, 'Hottechi');
INSERT INTO Parts_Order (VIN, num, vendor_name) VALUES ('W2TZ8TM4KYP471843', 2, 'Hottechi');
INSERT INTO Parts_Order (VIN, num, vendor_name) VALUES ('X5MLJ3CUPNB099293', 4, 'Hottechi');
INSERT INTO Parts_Order (VIN, num, vendor_name) VALUES ('YL8S255YJYA054546', 2, 'Hottechi');
INSERT INTO Parts_Order (VIN, num, vendor_name) VALUES ('ZKE5A1ZF45J937308', 1, 'Hottechi');
INSERT INTO Parts_Order (VIN, num, vendor_name) VALUES ('ZZUFHYJV0FI610258', 1, 'Hottechi');
INSERT INTO Parts_Order (VIN, num, vendor_name) VALUES ('0216UZ8NIB3005163', 1, 'J-Texon');
INSERT INTO Parts_Order (VIN, num, vendor_name) VALUES ('0K3KCEYO5WR993877', 1, 'J-Texon');
INSERT INTO Parts_Order (VIN, num, vendor_name) VALUES ('0PT8CVJWV8T188907', 3, 'J-Texon');
INSERT INTO Parts_Order (VIN, num, vendor_name) VALUES ('2KJBD48273Y069356', 3, 'J-Texon');
INSERT INTO Parts_Order (VIN, num, vendor_name) VALUES ('6O3JWO1Q4FP773157', 1, 'J-Texon');
INSERT INTO Parts_Order (VIN, num, vendor_name) VALUES ('7JA8DZH7CN4199183', 3, 'J-Texon');
INSERT INTO Parts_Order (VIN, num, vendor_name) VALUES ('8VB5KTBJX2A046744', 1, 'J-Texon');
INSERT INTO Parts_Order (VIN, num, vendor_name) VALUES ('AA0LZIX8DGI937291', 2, 'J-Texon');
INSERT INTO Parts_Order (VIN, num, vendor_name) VALUES ('AE23FNQ4ECZ859800', 1, 'J-Texon');
INSERT INTO Parts_Order (VIN, num, vendor_name) VALUES ('CSNPRAPWVLK077155', 1, 'J-Texon');
INSERT INTO Parts_Order (VIN, num, vendor_name) VALUES ('CTHLSVQRDHK945534', 1, 'J-Texon');
INSERT INTO Parts_Order (VIN, num, vendor_name) VALUES ('DXFJFHB2O8J213290', 1, 'J-Texon');
INSERT INTO Parts_Order (VIN, num, vendor_name) VALUES ('ECEPA3GAEIK299733', 4, 'J-Texon');
INSERT INTO Parts_Order (VIN, num, vendor_name) VALUES ('EIA3R8DZFZH945841', 1, 'J-Texon');
INSERT INTO Parts_Order (VIN, num, vendor_name) VALUES ('EIA3R8DZFZH945841', 4, 'J-Texon');
INSERT INTO Parts_Order (VIN, num, vendor_name) VALUES ('EURVOJ6RTMZ196274', 1, 'J-Texon');
INSERT INTO Parts_Order (VIN, num, vendor_name) VALUES ('FBQBTRRHZVG159504', 2, 'J-Texon');
INSERT INTO Parts_Order (VIN, num, vendor_name) VALUES ('FBW1SNMBJRO366159', 2, 'J-Texon');
INSERT INTO Parts_Order (VIN, num, vendor_name) VALUES ('FLTEHVIT7TR845477', 1, 'J-Texon');
INSERT INTO Parts_Order (VIN, num, vendor_name) VALUES ('KLE3XPYFTO6494665', 2, 'J-Texon');
INSERT INTO Parts_Order (VIN, num, vendor_name) VALUES ('LGC76I73Q43597619', 1, 'J-Texon');
INSERT INTO Parts_Order (VIN, num, vendor_name) VALUES ('LLUBKYOAHHE880633', 1, 'J-Texon');
INSERT INTO Parts_Order (VIN, num, vendor_name) VALUES ('M07I6J8WOKL966353', 2, 'J-Texon');
INSERT INTO Parts_Order (VIN, num, vendor_name) VALUES ('M0LLCXP5H7J310101', 2, 'J-Texon');
INSERT INTO Parts_Order (VIN, num, vendor_name) VALUES ('MO22767RXSI895117', 1, 'J-Texon');
INSERT INTO Parts_Order (VIN, num, vendor_name) VALUES ('N6N74WLAP33523834', 3, 'J-Texon');
INSERT INTO Parts_Order (VIN, num, vendor_name) VALUES ('N7Z650PTGIP247286', 1, 'J-Texon');
INSERT INTO Parts_Order (VIN, num, vendor_name) VALUES ('NR8MRVX5E8D221451', 1, 'J-Texon');
INSERT INTO Parts_Order (VIN, num, vendor_name) VALUES ('NR8MRVX5E8D221451', 4, 'J-Texon');
INSERT INTO Parts_Order (VIN, num, vendor_name) VALUES ('PEFFRGBZ281543143', 2, 'J-Texon');
INSERT INTO Parts_Order (VIN, num, vendor_name) VALUES ('PPL8CACMUCW104005', 1, 'J-Texon');
INSERT INTO Parts_Order (VIN, num, vendor_name) VALUES ('PZF7JY7KVUR182613', 3, 'J-Texon');
INSERT INTO Parts_Order (VIN, num, vendor_name) VALUES ('Q2P2LK1ILHI808826', 4, 'J-Texon');
INSERT INTO Parts_Order (VIN, num, vendor_name) VALUES ('S3OPBKGXWAZ659884', 4, 'J-Texon');
INSERT INTO Parts_Order (VIN, num, vendor_name) VALUES ('SDRDJVHRDEY589102', 1, 'J-Texon');
INSERT INTO Parts_Order (VIN, num, vendor_name) VALUES ('US6XUXEBB7J677669', 5, 'J-Texon');
INSERT INTO Parts_Order (VIN, num, vendor_name) VALUES ('USQTBTRES6C396411', 4, 'J-Texon');
INSERT INTO Parts_Order (VIN, num, vendor_name) VALUES ('YL8S255YJYA054546', 4, 'J-Texon');
INSERT INTO Parts_Order (VIN, num, vendor_name) VALUES ('ZJ8V6INQOV2978667', 3, 'J-Texon');
INSERT INTO Parts_Order (VIN, num, vendor_name) VALUES ('11O1YZUFMFN275554', 2, 'Kan-code');
INSERT INTO Parts_Order (VIN, num, vendor_name) VALUES ('201DHVWO70I456603', 1, 'Kan-code');
INSERT INTO Parts_Order (VIN, num, vendor_name) VALUES ('24G081632WM888163', 4, 'Kan-code');
INSERT INTO Parts_Order (VIN, num, vendor_name) VALUES ('2J8FN6TAGEZ924085', 3, 'Kan-code');
INSERT INTO Parts_Order (VIN, num, vendor_name) VALUES ('447NADHKNTP823552', 3, 'Kan-code');
INSERT INTO Parts_Order (VIN, num, vendor_name) VALUES ('8UQ6FLIO3Q2734346', 1, 'Kan-code');
INSERT INTO Parts_Order (VIN, num, vendor_name) VALUES ('A35CVWAPCGY561956', 2, 'Kan-code');
INSERT INTO Parts_Order (VIN, num, vendor_name) VALUES ('AKWG2XQFZ8Z338505', 2, 'Kan-code');
INSERT INTO Parts_Order (VIN, num, vendor_name) VALUES ('CTHLSVQRDHK945534', 2, 'Kan-code');
INSERT INTO Parts_Order (VIN, num, vendor_name) VALUES ('CTHLSVQRDHK945534', 6, 'Kan-code');
INSERT INTO Parts_Order (VIN, num, vendor_name) VALUES ('EURVOJ6RTMZ196274', 5, 'Kan-code');
INSERT INTO Parts_Order (VIN, num, vendor_name) VALUES ('H2032G2DS5D863208', 2, 'Kan-code');
INSERT INTO Parts_Order (VIN, num, vendor_name) VALUES ('IVZVZYNIOWU741253', 1, 'Kan-code');
INSERT INTO Parts_Order (VIN, num, vendor_name) VALUES ('JDZCMB67NYJ067633', 1, 'Kan-code');
INSERT INTO Parts_Order (VIN, num, vendor_name) VALUES ('KEQ2CFPH7RO593605', 5, 'Kan-code');
INSERT INTO Parts_Order (VIN, num, vendor_name) VALUES ('KPDR2Q24D25119360', 1, 'Kan-code');
INSERT INTO Parts_Order (VIN, num, vendor_name) VALUES ('KUG7KOVDXOY323266', 1, 'Kan-code');
INSERT INTO Parts_Order (VIN, num, vendor_name) VALUES ('KZ0SACUMQTT627927', 1, 'Kan-code');
INSERT INTO Parts_Order (VIN, num, vendor_name) VALUES ('KZ0SACUMQTT627927', 2, 'Kan-code');
INSERT INTO Parts_Order (VIN, num, vendor_name) VALUES ('LLAES6UX7PE080692', 3, 'Kan-code');
INSERT INTO Parts_Order (VIN, num, vendor_name) VALUES ('M0LLCXP5H7J310101', 3, 'Kan-code');
INSERT INTO Parts_Order (VIN, num, vendor_name) VALUES ('MQY15YFZ5CB825109', 2, 'Kan-code');
INSERT INTO Parts_Order (VIN, num, vendor_name) VALUES ('N6SHU6PIZHU230217', 2, 'Kan-code');
INSERT INTO Parts_Order (VIN, num, vendor_name) VALUES ('OPBJWWEIHPI797081', 1, 'Kan-code');
INSERT INTO Parts_Order (VIN, num, vendor_name) VALUES ('OQ11DGF6RTF163062', 2, 'Kan-code');
INSERT INTO Parts_Order (VIN, num, vendor_name) VALUES ('PYPAPD46NJL873425', 1, 'Kan-code');
INSERT INTO Parts_Order (VIN, num, vendor_name) VALUES ('RYY32CGB7QR718629', 3, 'Kan-code');
INSERT INTO Parts_Order (VIN, num, vendor_name) VALUES ('SAK8I3JJ105230630', 4, 'Kan-code');
INSERT INTO Parts_Order (VIN, num, vendor_name) VALUES ('T243JSSHR0A986592', 1, 'Kan-code');
INSERT INTO Parts_Order (VIN, num, vendor_name) VALUES ('T4ZU00SL0FM541576', 3, 'Kan-code');
INSERT INTO Parts_Order (VIN, num, vendor_name) VALUES ('VZJVASAMKKS604221', 1, 'Kan-code');
INSERT INTO Parts_Order (VIN, num, vendor_name) VALUES ('01CHA2S3LWA849979', 3, 'Lexiqvolax');
INSERT INTO Parts_Order (VIN, num, vendor_name) VALUES ('01CHA2S3LWA849979', 5, 'Lexiqvolax');
INSERT INTO Parts_Order (VIN, num, vendor_name) VALUES ('0PT8CVJWV8T188907', 5, 'Lexiqvolax');
INSERT INTO Parts_Order (VIN, num, vendor_name) VALUES ('2PKESKWHCJ4479804', 2, 'Lexiqvolax');
INSERT INTO Parts_Order (VIN, num, vendor_name) VALUES ('2UWYFE50XIB423887', 2, 'Lexiqvolax');
INSERT INTO Parts_Order (VIN, num, vendor_name) VALUES ('3TJM4LZERLL108705', 1, 'Lexiqvolax');
INSERT INTO Parts_Order (VIN, num, vendor_name) VALUES ('41DPYVQZCO3181476', 5, 'Lexiqvolax');
INSERT INTO Parts_Order (VIN, num, vendor_name) VALUES ('4GHCRLJOKT6083540', 4, 'Lexiqvolax');
INSERT INTO Parts_Order (VIN, num, vendor_name) VALUES ('52J1ULU58OB110991', 4, 'Lexiqvolax');
INSERT INTO Parts_Order (VIN, num, vendor_name) VALUES ('77YSCOERITP460658', 3, 'Lexiqvolax');
INSERT INTO Parts_Order (VIN, num, vendor_name) VALUES ('7HMSLYNNGHJ439820', 2, 'Lexiqvolax');
INSERT INTO Parts_Order (VIN, num, vendor_name) VALUES ('7L2HF63NS64790085', 2, 'Lexiqvolax');
INSERT INTO Parts_Order (VIN, num, vendor_name) VALUES ('7QRXAX01CS1186500', 2, 'Lexiqvolax');
INSERT INTO Parts_Order (VIN, num, vendor_name) VALUES ('7TQARECS56V791799', 2, 'Lexiqvolax');
INSERT INTO Parts_Order (VIN, num, vendor_name) VALUES ('8H3HKCNSFNN008758', 1, 'Lexiqvolax');
INSERT INTO Parts_Order (VIN, num, vendor_name) VALUES ('8VB5KTBJX2A046744', 2, 'Lexiqvolax');
INSERT INTO Parts_Order (VIN, num, vendor_name) VALUES ('8VB5KTBJX2A046744', 3, 'Lexiqvolax');
INSERT INTO Parts_Order (VIN, num, vendor_name) VALUES ('A67JHQ2EJUP880876', 1, 'Lexiqvolax');
INSERT INTO Parts_Order (VIN, num, vendor_name) VALUES ('AA0LZIX8DGI937291', 1, 'Lexiqvolax');
INSERT INTO Parts_Order (VIN, num, vendor_name) VALUES ('BQS2CJ56IBQ176739', 4, 'Lexiqvolax');
INSERT INTO Parts_Order (VIN, num, vendor_name) VALUES ('CSNPRAPWVLK077155', 2, 'Lexiqvolax');
INSERT INTO Parts_Order (VIN, num, vendor_name) VALUES ('CSNPRAPWVLK077155', 4, 'Lexiqvolax');
INSERT INTO Parts_Order (VIN, num, vendor_name) VALUES ('CYQY2QF8RNA506595', 1, 'Lexiqvolax');
INSERT INTO Parts_Order (VIN, num, vendor_name) VALUES ('FBQBTRRHZVG159504', 4, 'Lexiqvolax');
INSERT INTO Parts_Order (VIN, num, vendor_name) VALUES ('GJWDBBORYJD234673', 1, 'Lexiqvolax');
INSERT INTO Parts_Order (VIN, num, vendor_name) VALUES ('HV4CWSMM84O846378', 1, 'Lexiqvolax');
INSERT INTO Parts_Order (VIN, num, vendor_name) VALUES ('I3M7NWUR0GJ946930', 1, 'Lexiqvolax');
INSERT INTO Parts_Order (VIN, num, vendor_name) VALUES ('KG8BHN0NTUF642399', 1, 'Lexiqvolax');
INSERT INTO Parts_Order (VIN, num, vendor_name) VALUES ('LEQEZHIL372503269', 1, 'Lexiqvolax');
INSERT INTO Parts_Order (VIN, num, vendor_name) VALUES ('MFCEDCRIYU1438485', 3, 'Lexiqvolax');
INSERT INTO Parts_Order (VIN, num, vendor_name) VALUES ('N6N74WLAP33523834', 2, 'Lexiqvolax');
INSERT INTO Parts_Order (VIN, num, vendor_name) VALUES ('N6SHU6PIZHU230217', 1, 'Lexiqvolax');
INSERT INTO Parts_Order (VIN, num, vendor_name) VALUES ('NEWE3K53GY7625960', 1, 'Lexiqvolax');
INSERT INTO Parts_Order (VIN, num, vendor_name) VALUES ('NEWE3K53GY7625960', 2, 'Lexiqvolax');
INSERT INTO Parts_Order (VIN, num, vendor_name) VALUES ('P6MQEVF1IQJ610623', 3, 'Lexiqvolax');
INSERT INTO Parts_Order (VIN, num, vendor_name) VALUES ('Q60GMZWT47I158333', 1, 'Lexiqvolax');
INSERT INTO Parts_Order (VIN, num, vendor_name) VALUES ('Q8DL7A5M6DW706622', 3, 'Lexiqvolax');
INSERT INTO Parts_Order (VIN, num, vendor_name) VALUES ('RBSQUJWFZ4A708786', 2, 'Lexiqvolax');
INSERT INTO Parts_Order (VIN, num, vendor_name) VALUES ('RYY32CGB7QR718629', 2, 'Lexiqvolax');
INSERT INTO Parts_Order (VIN, num, vendor_name) VALUES ('T243JSSHR0A986592', 4, 'Lexiqvolax');
INSERT INTO Parts_Order (VIN, num, vendor_name) VALUES ('WBMXRC0KFEQ531154', 1, 'Lexiqvolax');
INSERT INTO Parts_Order (VIN, num, vendor_name) VALUES ('22EISXE65K7154002', 1, 'Nam-zim');
INSERT INTO Parts_Order (VIN, num, vendor_name) VALUES ('2J8FN6TAGEZ924085', 1, 'Nam-zim');
INSERT INTO Parts_Order (VIN, num, vendor_name) VALUES ('2UWYFE50XIB423887', 1, 'Nam-zim');
INSERT INTO Parts_Order (VIN, num, vendor_name) VALUES ('3FFSR68RD0K441878', 3, 'Nam-zim');
INSERT INTO Parts_Order (VIN, num, vendor_name) VALUES ('3NO8BO4OGTL807840', 1, 'Nam-zim');
INSERT INTO Parts_Order (VIN, num, vendor_name) VALUES ('42JDWI0F3D2375784', 1, 'Nam-zim');
INSERT INTO Parts_Order (VIN, num, vendor_name) VALUES ('52J1ULU58OB110991', 5, 'Nam-zim');
INSERT INTO Parts_Order (VIN, num, vendor_name) VALUES ('63IMJ2UQAPP800193', 1, 'Nam-zim');
INSERT INTO Parts_Order (VIN, num, vendor_name) VALUES ('7D8A8QCVRII360920', 1, 'Nam-zim');
INSERT INTO Parts_Order (VIN, num, vendor_name) VALUES ('7RCMKD0P62B359074', 2, 'Nam-zim');
INSERT INTO Parts_Order (VIN, num, vendor_name) VALUES ('A67JHQ2EJUP880876', 5, 'Nam-zim');
INSERT INTO Parts_Order (VIN, num, vendor_name) VALUES ('ALPWS6CXQO6590947', 2, 'Nam-zim');
INSERT INTO Parts_Order (VIN, num, vendor_name) VALUES ('CRB7J3UXZ61575642', 1, 'Nam-zim');
INSERT INTO Parts_Order (VIN, num, vendor_name) VALUES ('CSNPRAPWVLK077155', 3, 'Nam-zim');
INSERT INTO Parts_Order (VIN, num, vendor_name) VALUES ('EIA3R8DZFZH945841', 2, 'Nam-zim');
INSERT INTO Parts_Order (VIN, num, vendor_name) VALUES ('EURVOJ6RTMZ196274', 3, 'Nam-zim');
INSERT INTO Parts_Order (VIN, num, vendor_name) VALUES ('FBW1SNMBJRO366159', 3, 'Nam-zim');
INSERT INTO Parts_Order (VIN, num, vendor_name) VALUES ('FBW1SNMBJRO366159', 5, 'Nam-zim');
INSERT INTO Parts_Order (VIN, num, vendor_name) VALUES ('FTU4SK7135C710080', 4, 'Nam-zim');
INSERT INTO Parts_Order (VIN, num, vendor_name) VALUES ('GDXK0JVJI0R636667', 2, 'Nam-zim');
INSERT INTO Parts_Order (VIN, num, vendor_name) VALUES ('GHMZYD6YMKB413330', 3, 'Nam-zim');
INSERT INTO Parts_Order (VIN, num, vendor_name) VALUES ('GUSD5Z52ID6316641', 5, 'Nam-zim');
INSERT INTO Parts_Order (VIN, num, vendor_name) VALUES ('KEQ2CFPH7RO593605', 1, 'Nam-zim');
INSERT INTO Parts_Order (VIN, num, vendor_name) VALUES ('L7OR57TJ78J722023', 1, 'Nam-zim');
INSERT INTO Parts_Order (VIN, num, vendor_name) VALUES ('L7OR57TJ78J722023', 3, 'Nam-zim');
INSERT INTO Parts_Order (VIN, num, vendor_name) VALUES ('LBOZN1LVD46821421', 2, 'Nam-zim');
INSERT INTO Parts_Order (VIN, num, vendor_name) VALUES ('M1HFENPSVSL450248', 1, 'Nam-zim');
INSERT INTO Parts_Order (VIN, num, vendor_name) VALUES ('MFCEDCRIYU1438485', 4, 'Nam-zim');
INSERT INTO Parts_Order (VIN, num, vendor_name) VALUES ('NR8MRVX5E8D221451', 3, 'Nam-zim');
INSERT INTO Parts_Order (VIN, num, vendor_name) VALUES ('RO4NPMLPRAU291778', 4, 'Nam-zim');
INSERT INTO Parts_Order (VIN, num, vendor_name) VALUES ('TSKEZMWTN2C772047', 2, 'Nam-zim');
INSERT INTO Parts_Order (VIN, num, vendor_name) VALUES ('U73PMGHR3NU905301', 4, 'Nam-zim');
INSERT INTO Parts_Order (VIN, num, vendor_name) VALUES ('UZ2261G58WF281968', 1, 'Nam-zim');
INSERT INTO Parts_Order (VIN, num, vendor_name) VALUES ('VWF36GH8UML053642', 1, 'Nam-zim');
INSERT INTO Parts_Order (VIN, num, vendor_name) VALUES ('WA73P2TB0BO402832', 4, 'Nam-zim');
INSERT INTO Parts_Order (VIN, num, vendor_name) VALUES ('YITE7BMX1N7857452', 2, 'Nam-zim');
INSERT INTO Parts_Order (VIN, num, vendor_name) VALUES ('YL8S255YJYA054546', 1, 'Nam-zim');
INSERT INTO Parts_Order (VIN, num, vendor_name) VALUES ('ZJ8V6INQOV2978667', 2, 'Nam-zim');
INSERT INTO Parts_Order (VIN, num, vendor_name) VALUES ('01CHA2S3LWA849979', 2, 'Opentech');
INSERT INTO Parts_Order (VIN, num, vendor_name) VALUES ('0D2HX2R6775123500', 1, 'Opentech');
INSERT INTO Parts_Order (VIN, num, vendor_name) VALUES ('0GXWO6TK0YG939311', 2, 'Opentech');
INSERT INTO Parts_Order (VIN, num, vendor_name) VALUES ('0PT8CVJWV8T188907', 1, 'Opentech');
INSERT INTO Parts_Order (VIN, num, vendor_name) VALUES ('2J8FN6TAGEZ924085', 2, 'Opentech');
INSERT INTO Parts_Order (VIN, num, vendor_name) VALUES ('2UWYFE50XIB423887', 3, 'Opentech');
INSERT INTO Parts_Order (VIN, num, vendor_name) VALUES ('3FFSR68RD0K441878', 2, 'Opentech');
INSERT INTO Parts_Order (VIN, num, vendor_name) VALUES ('447NADHKNTP823552', 1, 'Opentech');
INSERT INTO Parts_Order (VIN, num, vendor_name) VALUES ('447NADHKNTP823552', 4, 'Opentech');
INSERT INTO Parts_Order (VIN, num, vendor_name) VALUES ('5OU82GIFAQ3021868', 1, 'Opentech');
INSERT INTO Parts_Order (VIN, num, vendor_name) VALUES ('A51QFDDJ7J7514581', 2, 'Opentech');
INSERT INTO Parts_Order (VIN, num, vendor_name) VALUES ('ALPWS6CXQO6590947', 1, 'Opentech');
INSERT INTO Parts_Order (VIN, num, vendor_name) VALUES ('DD7UUCMRURY754125', 2, 'Opentech');
INSERT INTO Parts_Order (VIN, num, vendor_name) VALUES ('FTU4SK7135C710080', 1, 'Opentech');
INSERT INTO Parts_Order (VIN, num, vendor_name) VALUES ('G3GBYJSRTYT942116', 5, 'Opentech');
INSERT INTO Parts_Order (VIN, num, vendor_name) VALUES ('GMBNKKL7OGQ240104', 2, 'Opentech');
INSERT INTO Parts_Order (VIN, num, vendor_name) VALUES ('I7B0O1H2OO8586909', 1, 'Opentech');
INSERT INTO Parts_Order (VIN, num, vendor_name) VALUES ('IZ7QWUEGB3H617828', 1, 'Opentech');
INSERT INTO Parts_Order (VIN, num, vendor_name) VALUES ('IZ7QWUEGB3H617828', 2, 'Opentech');
INSERT INTO Parts_Order (VIN, num, vendor_name) VALUES ('JUU4F0TYK4A947289', 2, 'Opentech');
INSERT INTO Parts_Order (VIN, num, vendor_name) VALUES ('KUG7KOVDXOY323266', 2, 'Opentech');
INSERT INTO Parts_Order (VIN, num, vendor_name) VALUES ('MD18NLSWMB4832949', 2, 'Opentech');
INSERT INTO Parts_Order (VIN, num, vendor_name) VALUES ('N5NZQJ4VDI0775398', 4, 'Opentech');
INSERT INTO Parts_Order (VIN, num, vendor_name) VALUES ('OQ11DGF6RTF163062', 3, 'Opentech');
INSERT INTO Parts_Order (VIN, num, vendor_name) VALUES ('PPVYLZRPFEV326028', 3, 'Opentech');
INSERT INTO Parts_Order (VIN, num, vendor_name) VALUES ('PZF7JY7KVUR182613', 1, 'Opentech');
INSERT INTO Parts_Order (VIN, num, vendor_name) VALUES ('Q2P2LK1ILHI808826', 5, 'Opentech');
INSERT INTO Parts_Order (VIN, num, vendor_name) VALUES ('QEQSOYDPWY5042665', 2, 'Opentech');
INSERT INTO Parts_Order (VIN, num, vendor_name) VALUES ('SAK8I3JJ105230630', 1, 'Opentech');
INSERT INTO Parts_Order (VIN, num, vendor_name) VALUES ('TPH6V84MCP2752251', 3, 'Opentech');
INSERT INTO Parts_Order (VIN, num, vendor_name) VALUES ('UYFIPOJKG8M784198', 1, 'Opentech');
INSERT INTO Parts_Order (VIN, num, vendor_name) VALUES ('VWF36GH8UML053642', 4, 'Opentech');
INSERT INTO Parts_Order (VIN, num, vendor_name) VALUES ('VWF36GH8UML053642', 5, 'Opentech');
INSERT INTO Parts_Order (VIN, num, vendor_name) VALUES ('XFZA0H1LN1P361906', 2, 'Opentech');
INSERT INTO Parts_Order (VIN, num, vendor_name) VALUES ('XPUC8ERWM0W803922', 2, 'Opentech');
INSERT INTO Parts_Order (VIN, num, vendor_name) VALUES ('Y033F7MCLW5266860', 1, 'Opentech');
INSERT INTO Parts_Order (VIN, num, vendor_name) VALUES ('Y033F7MCLW5266860', 4, 'Opentech');
INSERT INTO Parts_Order (VIN, num, vendor_name) VALUES ('YL8S255YJYA054546', 3, 'Opentech');
INSERT INTO Parts_Order (VIN, num, vendor_name) VALUES ('0PT8CVJWV8T188907', 4, 'Plexzap');
INSERT INTO Parts_Order (VIN, num, vendor_name) VALUES ('0UWKB1SP7C0135655', 2, 'Plexzap');
INSERT INTO Parts_Order (VIN, num, vendor_name) VALUES ('41DPYVQZCO3181476', 3, 'Plexzap');
INSERT INTO Parts_Order (VIN, num, vendor_name) VALUES ('4IHUPZ7L3E4517493', 1, 'Plexzap');
INSERT INTO Parts_Order (VIN, num, vendor_name) VALUES ('6A6NQP7GZG0782604', 1, 'Plexzap');
INSERT INTO Parts_Order (VIN, num, vendor_name) VALUES ('7DGPXJB8CVD797363', 1, 'Plexzap');
INSERT INTO Parts_Order (VIN, num, vendor_name) VALUES ('7TQARECS56V791799', 1, 'Plexzap');
INSERT INTO Parts_Order (VIN, num, vendor_name) VALUES ('8UQ6FLIO3Q2734346', 2, 'Plexzap');
INSERT INTO Parts_Order (VIN, num, vendor_name) VALUES ('8VB5KTBJX2A046744', 4, 'Plexzap');
INSERT INTO Parts_Order (VIN, num, vendor_name) VALUES ('CN2YIBCUFSQ512071', 2, 'Plexzap');
INSERT INTO Parts_Order (VIN, num, vendor_name) VALUES ('DLCCHFQS6JE933115', 1, 'Plexzap');
INSERT INTO Parts_Order (VIN, num, vendor_name) VALUES ('DLDOWAZWISG772813', 1, 'Plexzap');
INSERT INTO Parts_Order (VIN, num, vendor_name) VALUES ('DTPFWL37FTZ702472', 3, 'Plexzap');
INSERT INTO Parts_Order (VIN, num, vendor_name) VALUES ('F7LIAJMEUB4950361', 2, 'Plexzap');
INSERT INTO Parts_Order (VIN, num, vendor_name) VALUES ('F7LIAJMEUB4950361', 3, 'Plexzap');
INSERT INTO Parts_Order (VIN, num, vendor_name) VALUES ('G3GBYJSRTYT942116', 1, 'Plexzap');
INSERT INTO Parts_Order (VIN, num, vendor_name) VALUES ('JQA3ZA51WW8465344', 2, 'Plexzap');
INSERT INTO Parts_Order (VIN, num, vendor_name) VALUES ('N7Z650PTGIP247286', 2, 'Plexzap');
INSERT INTO Parts_Order (VIN, num, vendor_name) VALUES ('NG2R81BAMWW204013', 2, 'Plexzap');
INSERT INTO Parts_Order (VIN, num, vendor_name) VALUES ('OQ11DGF6RTF163062', 4, 'Plexzap');
INSERT INTO Parts_Order (VIN, num, vendor_name) VALUES ('QPWTK3WNUF0594711', 1, 'Plexzap');
INSERT INTO Parts_Order (VIN, num, vendor_name) VALUES ('QWJUBFUE74W190495', 2, 'Plexzap');
INSERT INTO Parts_Order (VIN, num, vendor_name) VALUES ('R6O7MCNZEA0553701', 4, 'Plexzap');
INSERT INTO Parts_Order (VIN, num, vendor_name) VALUES ('SR4SDAVQ7PE310529', 1, 'Plexzap');
INSERT INTO Parts_Order (VIN, num, vendor_name) VALUES ('T7QN0RYWNOR420799', 4, 'Plexzap');
INSERT INTO Parts_Order (VIN, num, vendor_name) VALUES ('TVGHAGV52ZK295053', 1, 'Plexzap');
INSERT INTO Parts_Order (VIN, num, vendor_name) VALUES ('U8EJ173KSZC747630', 2, 'Plexzap');
INSERT INTO Parts_Order (VIN, num, vendor_name) VALUES ('XPUC8ERWM0W803922', 1, 'Plexzap');
INSERT INTO Parts_Order (VIN, num, vendor_name) VALUES ('YITE7BMX1N7857452', 1, 'Plexzap');
INSERT INTO Parts_Order (VIN, num, vendor_name) VALUES ('Z1AKLYZDZLY858148', 1, 'Plexzap');
INSERT INTO Parts_Order (VIN, num, vendor_name) VALUES ('ZC1QS3Y7MOM256400', 1, 'Plexzap');
INSERT INTO Parts_Order (VIN, num, vendor_name) VALUES ('ZKE5A1ZF45J937308', 2, 'Plexzap');
INSERT INTO Parts_Order (VIN, num, vendor_name) VALUES ('0H6SRXF8EP7967929', 1, 'Plusstrip');
INSERT INTO Parts_Order (VIN, num, vendor_name) VALUES ('22EISXE65K7154002', 2, 'Plusstrip');
INSERT INTO Parts_Order (VIN, num, vendor_name) VALUES ('3FFSR68RD0K441878', 1, 'Plusstrip');
INSERT INTO Parts_Order (VIN, num, vendor_name) VALUES ('7RCMKD0P62B359074', 1, 'Plusstrip');
INSERT INTO Parts_Order (VIN, num, vendor_name) VALUES ('BXQH0W1NGWT830685', 1, 'Plusstrip');
INSERT INTO Parts_Order (VIN, num, vendor_name) VALUES ('CN2YIBCUFSQ512071', 5, 'Plusstrip');
INSERT INTO Parts_Order (VIN, num, vendor_name) VALUES ('DKYDDY0GPGN009571', 1, 'Plusstrip');
INSERT INTO Parts_Order (VIN, num, vendor_name) VALUES ('DKYDDY0GPGN009571', 2, 'Plusstrip');
INSERT INTO Parts_Order (VIN, num, vendor_name) VALUES ('DKYDDY0GPGN009571', 4, 'Plusstrip');
INSERT INTO Parts_Order (VIN, num, vendor_name) VALUES ('E40MBYWNZSL194135', 1, 'Plusstrip');
INSERT INTO Parts_Order (VIN, num, vendor_name) VALUES ('GH8SBHTMEBB721980', 1, 'Plusstrip');
INSERT INTO Parts_Order (VIN, num, vendor_name) VALUES ('H2032G2DS5D863208', 1, 'Plusstrip');
INSERT INTO Parts_Order (VIN, num, vendor_name) VALUES ('HSJNIY2UV32447249', 1, 'Plusstrip');
INSERT INTO Parts_Order (VIN, num, vendor_name) VALUES ('IGCYVATVIYZ078682', 2, 'Plusstrip');
INSERT INTO Parts_Order (VIN, num, vendor_name) VALUES ('JDZCMB67NYJ067633', 3, 'Plusstrip');
INSERT INTO Parts_Order (VIN, num, vendor_name) VALUES ('M0LLCXP5H7J310101', 4, 'Plusstrip');
INSERT INTO Parts_Order (VIN, num, vendor_name) VALUES ('MXQN4LATRKB695732', 2, 'Plusstrip');
INSERT INTO Parts_Order (VIN, num, vendor_name) VALUES ('NR8MRVX5E8D221451', 2, 'Plusstrip');
INSERT INTO Parts_Order (VIN, num, vendor_name) VALUES ('P6MQEVF1IQJ610623', 2, 'Plusstrip');
INSERT INTO Parts_Order (VIN, num, vendor_name) VALUES ('PBESRWYTH82112725', 1, 'Plusstrip');
INSERT INTO Parts_Order (VIN, num, vendor_name) VALUES ('PPVYLZRPFEV326028', 1, 'Plusstrip');
INSERT INTO Parts_Order (VIN, num, vendor_name) VALUES ('QH3G5SMTWL1655432', 2, 'Plusstrip');
INSERT INTO Parts_Order (VIN, num, vendor_name) VALUES ('QWJUBFUE74W190495', 1, 'Plusstrip');
INSERT INTO Parts_Order (VIN, num, vendor_name) VALUES ('RQT7QTVEXT0674936', 1, 'Plusstrip');
INSERT INTO Parts_Order (VIN, num, vendor_name) VALUES ('T4ZU00SL0FM541576', 1, 'Plusstrip');
INSERT INTO Parts_Order (VIN, num, vendor_name) VALUES ('U7IKYL8F8X4927973', 1, 'Plusstrip');
INSERT INTO Parts_Order (VIN, num, vendor_name) VALUES ('V1NVZM13MTZ321642', 2, 'Plusstrip');
INSERT INTO Parts_Order (VIN, num, vendor_name) VALUES ('VWF36GH8UML053642', 3, 'Plusstrip');
INSERT INTO Parts_Order (VIN, num, vendor_name) VALUES ('Y033F7MCLW5266860', 5, 'Plusstrip');
INSERT INTO Parts_Order (VIN, num, vendor_name) VALUES ('Z7I1HGSFYSF704101', 1, 'Plusstrip');
INSERT INTO Parts_Order (VIN, num, vendor_name) VALUES ('24G081632WM888163', 1, 'Rantouch');
INSERT INTO Parts_Order (VIN, num, vendor_name) VALUES ('3J6IMNCNYTR099621', 1, 'Rantouch');
INSERT INTO Parts_Order (VIN, num, vendor_name) VALUES ('4GHCRLJOKT6083540', 5, 'Rantouch');
INSERT INTO Parts_Order (VIN, num, vendor_name) VALUES ('60RPWRGZXAL689666', 4, 'Rantouch');
INSERT INTO Parts_Order (VIN, num, vendor_name) VALUES ('60RPWRGZXAL689666', 5, 'Rantouch');
INSERT INTO Parts_Order (VIN, num, vendor_name) VALUES ('7DCA7GIBSL3385548', 1, 'Rantouch');
INSERT INTO Parts_Order (VIN, num, vendor_name) VALUES ('7HMSLYNNGHJ439820', 5, 'Rantouch');
INSERT INTO Parts_Order (VIN, num, vendor_name) VALUES ('A46MVF2CB4I965254', 1, 'Rantouch');
INSERT INTO Parts_Order (VIN, num, vendor_name) VALUES ('A4LJMRR8IYC935453', 1, 'Rantouch');
INSERT INTO Parts_Order (VIN, num, vendor_name) VALUES ('A4LJMRR8IYC935453', 3, 'Rantouch');
INSERT INTO Parts_Order (VIN, num, vendor_name) VALUES ('E40MBYWNZSL194135', 2, 'Rantouch');
INSERT INTO Parts_Order (VIN, num, vendor_name) VALUES ('ECEPA3GAEIK299733', 3, 'Rantouch');
INSERT INTO Parts_Order (VIN, num, vendor_name) VALUES ('EIA3R8DZFZH945841', 3, 'Rantouch');
INSERT INTO Parts_Order (VIN, num, vendor_name) VALUES ('EURVOJ6RTMZ196274', 2, 'Rantouch');
INSERT INTO Parts_Order (VIN, num, vendor_name) VALUES ('IGCYVATVIYZ078682', 3, 'Rantouch');
INSERT INTO Parts_Order (VIN, num, vendor_name) VALUES ('IQV1YQ3IV7V327698', 2, 'Rantouch');
INSERT INTO Parts_Order (VIN, num, vendor_name) VALUES ('KEQ2CFPH7RO593605', 2, 'Rantouch');
INSERT INTO Parts_Order (VIN, num, vendor_name) VALUES ('M07I6J8WOKL966353', 5, 'Rantouch');
INSERT INTO Parts_Order (VIN, num, vendor_name) VALUES ('N5NZQJ4VDI0775398', 1, 'Rantouch');
INSERT INTO Parts_Order (VIN, num, vendor_name) VALUES ('N7Z650PTGIP247286', 4, 'Rantouch');
INSERT INTO Parts_Order (VIN, num, vendor_name) VALUES ('NG2R81BAMWW204013', 5, 'Rantouch');
INSERT INTO Parts_Order (VIN, num, vendor_name) VALUES ('P6MQEVF1IQJ610623', 1, 'Rantouch');
INSERT INTO Parts_Order (VIN, num, vendor_name) VALUES ('PIA08DCAJZT422690', 2, 'Rantouch');
INSERT INTO Parts_Order (VIN, num, vendor_name) VALUES ('PLT6LAJER3K107458', 3, 'Rantouch');
INSERT INTO Parts_Order (VIN, num, vendor_name) VALUES ('Q8DL7A5M6DW706622', 1, 'Rantouch');
INSERT INTO Parts_Order (VIN, num, vendor_name) VALUES ('QH3G5SMTWL1655432', 3, 'Rantouch');
INSERT INTO Parts_Order (VIN, num, vendor_name) VALUES ('RQT7QTVEXT0674936', 2, 'Rantouch');
INSERT INTO Parts_Order (VIN, num, vendor_name) VALUES ('S3OPBKGXWAZ659884', 1, 'Rantouch');
INSERT INTO Parts_Order (VIN, num, vendor_name) VALUES ('S3OPBKGXWAZ659884', 3, 'Rantouch');
INSERT INTO Parts_Order (VIN, num, vendor_name) VALUES ('T7QN0RYWNOR420799', 1, 'Rantouch');
INSERT INTO Parts_Order (VIN, num, vendor_name) VALUES ('U7IKYL8F8X4927973', 2, 'Rantouch');
INSERT INTO Parts_Order (VIN, num, vendor_name) VALUES ('USQTBTRES6C396411', 2, 'Rantouch');
INSERT INTO Parts_Order (VIN, num, vendor_name) VALUES ('VLYSREO4D36135371', 2, 'Rantouch');
INSERT INTO Parts_Order (VIN, num, vendor_name) VALUES ('WA73P2TB0BO402832', 2, 'Rantouch');
INSERT INTO Parts_Order (VIN, num, vendor_name) VALUES ('XLQBDQWBZDN084612', 1, 'Rantouch');
INSERT INTO Parts_Order (VIN, num, vendor_name) VALUES ('0QFCBGN24Y3098876', 3, 'Rundofase');
INSERT INTO Parts_Order (VIN, num, vendor_name) VALUES ('0UWKB1SP7C0135655', 1, 'Rundofase');
INSERT INTO Parts_Order (VIN, num, vendor_name) VALUES ('3FFSR68RD0K441878', 4, 'Rundofase');
INSERT INTO Parts_Order (VIN, num, vendor_name) VALUES ('447NADHKNTP823552', 2, 'Rundofase');
INSERT INTO Parts_Order (VIN, num, vendor_name) VALUES ('4GHCRLJOKT6083540', 3, 'Rundofase');
INSERT INTO Parts_Order (VIN, num, vendor_name) VALUES ('4IHUPZ7L3E4517493', 2, 'Rundofase');
INSERT INTO Parts_Order (VIN, num, vendor_name) VALUES ('60RPWRGZXAL689666', 6, 'Rundofase');
INSERT INTO Parts_Order (VIN, num, vendor_name) VALUES ('6A6NQP7GZG0782604', 2, 'Rundofase');
INSERT INTO Parts_Order (VIN, num, vendor_name) VALUES ('7DGPXJB8CVD797363', 2, 'Rundofase');
INSERT INTO Parts_Order (VIN, num, vendor_name) VALUES ('A35CVWAPCGY561956', 1, 'Rundofase');
INSERT INTO Parts_Order (VIN, num, vendor_name) VALUES ('A35CVWAPCGY561956', 3, 'Rundofase');
INSERT INTO Parts_Order (VIN, num, vendor_name) VALUES ('AKEXMUEW2XP076382', 3, 'Rundofase');
INSERT INTO Parts_Order (VIN, num, vendor_name) VALUES ('AUP647YMZFB601236', 1, 'Rundofase');
INSERT INTO Parts_Order (VIN, num, vendor_name) VALUES ('BQS2CJ56IBQ176739', 5, 'Rundofase');
INSERT INTO Parts_Order (VIN, num, vendor_name) VALUES ('CN2YIBCUFSQ512071', 3, 'Rundofase');
INSERT INTO Parts_Order (VIN, num, vendor_name) VALUES ('CTHLSVQRDHK945534', 4, 'Rundofase');
INSERT INTO Parts_Order (VIN, num, vendor_name) VALUES ('DD7UUCMRURY754125', 1, 'Rundofase');
INSERT INTO Parts_Order (VIN, num, vendor_name) VALUES ('DTPFWL37FTZ702472', 2, 'Rundofase');
INSERT INTO Parts_Order (VIN, num, vendor_name) VALUES ('DXFJFHB2O8J213290', 2, 'Rundofase');
INSERT INTO Parts_Order (VIN, num, vendor_name) VALUES ('DXFJFHB2O8J213290', 3, 'Rundofase');
INSERT INTO Parts_Order (VIN, num, vendor_name) VALUES ('EURVOJ6RTMZ196274', 4, 'Rundofase');
INSERT INTO Parts_Order (VIN, num, vendor_name) VALUES ('FTU4SK7135C710080', 2, 'Rundofase');
INSERT INTO Parts_Order (VIN, num, vendor_name) VALUES ('GUSD5Z52ID6316641', 4, 'Rundofase');
INSERT INTO Parts_Order (VIN, num, vendor_name) VALUES ('JDZCMB67NYJ067633', 4, 'Rundofase');
INSERT INTO Parts_Order (VIN, num, vendor_name) VALUES ('KEQ2CFPH7RO593605', 4, 'Rundofase');
INSERT INTO Parts_Order (VIN, num, vendor_name) VALUES ('MLQIF1Z0TMV429595', 3, 'Rundofase');
INSERT INTO Parts_Order (VIN, num, vendor_name) VALUES ('N7Z650PTGIP247286', 3, 'Rundofase');
INSERT INTO Parts_Order (VIN, num, vendor_name) VALUES ('SAK8I3JJ105230630', 2, 'Rundofase');
INSERT INTO Parts_Order (VIN, num, vendor_name) VALUES ('SJTYF7S2DOK527698', 3, 'Rundofase');
INSERT INTO Parts_Order (VIN, num, vendor_name) VALUES ('TPH6V84MCP2752251', 2, 'Rundofase');
INSERT INTO Parts_Order (VIN, num, vendor_name) VALUES ('TSKEZMWTN2C772047', 1, 'Rundofase');
INSERT INTO Parts_Order (VIN, num, vendor_name) VALUES ('US6XUXEBB7J677669', 1, 'Rundofase');
INSERT INTO Parts_Order (VIN, num, vendor_name) VALUES ('X5MLJ3CUPNB099293', 3, 'Rundofase');
INSERT INTO Parts_Order (VIN, num, vendor_name) VALUES ('ZBSRSJEASBE950499', 1, 'Rundofase');
INSERT INTO Parts_Order (VIN, num, vendor_name) VALUES ('01CHA2S3LWA849979', 1, 'Scottech');
INSERT INTO Parts_Order (VIN, num, vendor_name) VALUES ('02XKB48A5UB828603', 4, 'Scottech');
INSERT INTO Parts_Order (VIN, num, vendor_name) VALUES ('0PT8CVJWV8T188907', 2, 'Scottech');
INSERT INTO Parts_Order (VIN, num, vendor_name) VALUES ('2KJBD48273Y069356', 1, 'Scottech');
INSERT INTO Parts_Order (VIN, num, vendor_name) VALUES ('3FFSR68RD0K441878', 5, 'Scottech');
INSERT INTO Parts_Order (VIN, num, vendor_name) VALUES ('3J6IMNCNYTR099621', 2, 'Scottech');
INSERT INTO Parts_Order (VIN, num, vendor_name) VALUES ('52J1ULU58OB110991', 1, 'Scottech');
INSERT INTO Parts_Order (VIN, num, vendor_name) VALUES ('7HMSLYNNGHJ439820', 1, 'Scottech');
INSERT INTO Parts_Order (VIN, num, vendor_name) VALUES ('7HMSLYNNGHJ439820', 3, 'Scottech');
INSERT INTO Parts_Order (VIN, num, vendor_name) VALUES ('7NZJI4NR80U192007', 3, 'Scottech');
INSERT INTO Parts_Order (VIN, num, vendor_name) VALUES ('8UQ6FLIO3Q2734346', 3, 'Scottech');
INSERT INTO Parts_Order (VIN, num, vendor_name) VALUES ('DTPFWL37FTZ702472', 4, 'Scottech');
INSERT INTO Parts_Order (VIN, num, vendor_name) VALUES ('ECEPA3GAEIK299733', 1, 'Scottech');
INSERT INTO Parts_Order (VIN, num, vendor_name) VALUES ('F7LIAJMEUB4950361', 1, 'Scottech');
INSERT INTO Parts_Order (VIN, num, vendor_name) VALUES ('JDZCMB67NYJ067633', 2, 'Scottech');
INSERT INTO Parts_Order (VIN, num, vendor_name) VALUES ('KZ0SACUMQTT627927', 4, 'Scottech');
INSERT INTO Parts_Order (VIN, num, vendor_name) VALUES ('LLAES6UX7PE080692', 1, 'Scottech');
INSERT INTO Parts_Order (VIN, num, vendor_name) VALUES ('M07I6J8WOKL966353', 3, 'Scottech');
INSERT INTO Parts_Order (VIN, num, vendor_name) VALUES ('M07I6J8WOKL966353', 4, 'Scottech');
INSERT INTO Parts_Order (VIN, num, vendor_name) VALUES ('PPVYLZRPFEV326028', 2, 'Scottech');
INSERT INTO Parts_Order (VIN, num, vendor_name) VALUES ('PPVYLZRPFEV326028', 4, 'Scottech');
INSERT INTO Parts_Order (VIN, num, vendor_name) VALUES ('Q60GMZWT47I158333', 2, 'Scottech');
INSERT INTO Parts_Order (VIN, num, vendor_name) VALUES ('QH3G5SMTWL1655432', 1, 'Scottech');
INSERT INTO Parts_Order (VIN, num, vendor_name) VALUES ('QHAPGD3YQSF045388', 1, 'Scottech');
INSERT INTO Parts_Order (VIN, num, vendor_name) VALUES ('QHAPGD3YQSF045388', 2, 'Scottech');
INSERT INTO Parts_Order (VIN, num, vendor_name) VALUES ('RQT7QTVEXT0674936', 3, 'Scottech');
INSERT INTO Parts_Order (VIN, num, vendor_name) VALUES ('T5C2LPXJ6EV337528', 1, 'Scottech');
INSERT INTO Parts_Order (VIN, num, vendor_name) VALUES ('TPH6V84MCP2752251', 4, 'Scottech');
INSERT INTO Parts_Order (VIN, num, vendor_name) VALUES ('UZMOJESJGYB516120', 1, 'Scottech');
INSERT INTO Parts_Order (VIN, num, vendor_name) VALUES ('Y56Q2GI1LS6727671', 1, 'Scottech');
INSERT INTO Parts_Order (VIN, num, vendor_name) VALUES ('YVMVY2BZAR4435152', 1, 'Scottech');
INSERT INTO Parts_Order (VIN, num, vendor_name) VALUES ('ZZUFHYJV0FI610258', 2, 'Scottech');
INSERT INTO Parts_Order (VIN, num, vendor_name) VALUES ('02XKB48A5UB828603', 2, 'Silis');
INSERT INTO Parts_Order (VIN, num, vendor_name) VALUES ('0GXWO6TK0YG939311', 1, 'Silis');
INSERT INTO Parts_Order (VIN, num, vendor_name) VALUES ('0H6SRXF8EP7967929', 3, 'Silis');
INSERT INTO Parts_Order (VIN, num, vendor_name) VALUES ('1UCBIT5YXDJ919563', 1, 'Silis');
INSERT INTO Parts_Order (VIN, num, vendor_name) VALUES ('1UCBIT5YXDJ919563', 2, 'Silis');
INSERT INTO Parts_Order (VIN, num, vendor_name) VALUES ('24G081632WM888163', 3, 'Silis');
INSERT INTO Parts_Order (VIN, num, vendor_name) VALUES ('2J8FN6TAGEZ924085', 4, 'Silis');
INSERT INTO Parts_Order (VIN, num, vendor_name) VALUES ('3IU2B4ORS6A077319', 1, 'Silis');
INSERT INTO Parts_Order (VIN, num, vendor_name) VALUES ('41DPYVQZCO3181476', 4, 'Silis');
INSERT INTO Parts_Order (VIN, num, vendor_name) VALUES ('5QPBC4N5SPV612486', 1, 'Silis');
INSERT INTO Parts_Order (VIN, num, vendor_name) VALUES ('6O3JWO1Q4FP773157', 5, 'Silis');
INSERT INTO Parts_Order (VIN, num, vendor_name) VALUES ('77YSCOERITP460658', 2, 'Silis');
INSERT INTO Parts_Order (VIN, num, vendor_name) VALUES ('A4LJMRR8IYC935453', 4, 'Silis');
INSERT INTO Parts_Order (VIN, num, vendor_name) VALUES ('AE23FNQ4ECZ859800', 3, 'Silis');
INSERT INTO Parts_Order (VIN, num, vendor_name) VALUES ('AKEXMUEW2XP076382', 1, 'Silis');
INSERT INTO Parts_Order (VIN, num, vendor_name) VALUES ('AKWG2XQFZ8Z338505', 4, 'Silis');
INSERT INTO Parts_Order (VIN, num, vendor_name) VALUES ('CB65LOSQY7V342457', 1, 'Silis');
INSERT INTO Parts_Order (VIN, num, vendor_name) VALUES ('CIKZXLNQWQ3050265', 1, 'Silis');
INSERT INTO Parts_Order (VIN, num, vendor_name) VALUES ('ECEPA3GAEIK299733', 5, 'Silis');
INSERT INTO Parts_Order (VIN, num, vendor_name) VALUES ('GMLZ3HXD33V025329', 1, 'Silis');
INSERT INTO Parts_Order (VIN, num, vendor_name) VALUES ('GUSD5Z52ID6316641', 1, 'Silis');
INSERT INTO Parts_Order (VIN, num, vendor_name) VALUES ('IESD5FO6UYK261715', 1, 'Silis');
INSERT INTO Parts_Order (VIN, num, vendor_name) VALUES ('N5NZQJ4VDI0775398', 3, 'Silis');
INSERT INTO Parts_Order (VIN, num, vendor_name) VALUES ('NG2R81BAMWW204013', 3, 'Silis');
INSERT INTO Parts_Order (VIN, num, vendor_name) VALUES ('NG2R81BAMWW204013', 4, 'Silis');
INSERT INTO Parts_Order (VIN, num, vendor_name) VALUES ('PEFFRGBZ281543143', 1, 'Silis');
INSERT INTO Parts_Order (VIN, num, vendor_name) VALUES ('PZEF1VF3KOO767751', 1, 'Silis');
INSERT INTO Parts_Order (VIN, num, vendor_name) VALUES ('Q2P2LK1ILHI808826', 2, 'Silis');
INSERT INTO Parts_Order (VIN, num, vendor_name) VALUES ('TPH6V84MCP2752251', 5, 'Silis');
INSERT INTO Parts_Order (VIN, num, vendor_name) VALUES ('UOGYWMEC33D484399', 1, 'Silis');
INSERT INTO Parts_Order (VIN, num, vendor_name) VALUES ('VMHK0HNQTW3691881', 2, 'Silis');
INSERT INTO Parts_Order (VIN, num, vendor_name) VALUES ('VZJVASAMKKS604221', 2, 'Silis');
INSERT INTO Parts_Order (VIN, num, vendor_name) VALUES ('ZJ8V6INQOV2978667', 1, 'Silis');
INSERT INTO Parts_Order (VIN, num, vendor_name) VALUES ('01CHA2S3LWA849979', 4, 'Sonron');
INSERT INTO Parts_Order (VIN, num, vendor_name) VALUES ('0H6SRXF8EP7967929', 5, 'Sonron');
INSERT INTO Parts_Order (VIN, num, vendor_name) VALUES ('0K3KCEYO5WR993877', 2, 'Sonron');
INSERT INTO Parts_Order (VIN, num, vendor_name) VALUES ('0K3KCEYO5WR993877', 3, 'Sonron');
INSERT INTO Parts_Order (VIN, num, vendor_name) VALUES ('0OPU81GJG8C160079', 1, 'Sonron');
INSERT INTO Parts_Order (VIN, num, vendor_name) VALUES ('3TJM4LZERLL108705', 2, 'Sonron');
INSERT INTO Parts_Order (VIN, num, vendor_name) VALUES ('52J1ULU58OB110991', 3, 'Sonron');
INSERT INTO Parts_Order (VIN, num, vendor_name) VALUES ('7CY2WHON846872713', 1, 'Sonron');
INSERT INTO Parts_Order (VIN, num, vendor_name) VALUES ('7HMSLYNNGHJ439820', 4, 'Sonron');
INSERT INTO Parts_Order (VIN, num, vendor_name) VALUES ('FC6FEI1DRRR729956', 2, 'Sonron');
INSERT INTO Parts_Order (VIN, num, vendor_name) VALUES ('FPS6SWVNJ46262208', 2, 'Sonron');
INSERT INTO Parts_Order (VIN, num, vendor_name) VALUES ('G3GBYJSRTYT942116', 2, 'Sonron');
INSERT INTO Parts_Order (VIN, num, vendor_name) VALUES ('G4PAVREW7K2826838', 1, 'Sonron');
INSERT INTO Parts_Order (VIN, num, vendor_name) VALUES ('GH8SBHTMEBB721980', 2, 'Sonron');
INSERT INTO Parts_Order (VIN, num, vendor_name) VALUES ('GMBNKKL7OGQ240104', 1, 'Sonron');
INSERT INTO Parts_Order (VIN, num, vendor_name) VALUES ('IQV1YQ3IV7V327698', 1, 'Sonron');
INSERT INTO Parts_Order (VIN, num, vendor_name) VALUES ('ITNTBT3I3K1112168', 2, 'Sonron');
INSERT INTO Parts_Order (VIN, num, vendor_name) VALUES ('JCDM7P6FYYP189674', 1, 'Sonron');
INSERT INTO Parts_Order (VIN, num, vendor_name) VALUES ('JUU4F0TYK4A947289', 1, 'Sonron');
INSERT INTO Parts_Order (VIN, num, vendor_name) VALUES ('KPDR2Q24D25119360', 2, 'Sonron');
INSERT INTO Parts_Order (VIN, num, vendor_name) VALUES ('L7OR57TJ78J722023', 4, 'Sonron');
INSERT INTO Parts_Order (VIN, num, vendor_name) VALUES ('NEWE3K53GY7625960', 4, 'Sonron');
INSERT INTO Parts_Order (VIN, num, vendor_name) VALUES ('PZF7JY7KVUR182613', 2, 'Sonron');
INSERT INTO Parts_Order (VIN, num, vendor_name) VALUES ('Q2P2LK1ILHI808826', 3, 'Sonron');
INSERT INTO Parts_Order (VIN, num, vendor_name) VALUES ('RLDE4ATQ47P565906', 2, 'Sonron');
INSERT INTO Parts_Order (VIN, num, vendor_name) VALUES ('RO4NPMLPRAU291778', 3, 'Sonron');
INSERT INTO Parts_Order (VIN, num, vendor_name) VALUES ('RYY32CGB7QR718629', 1, 'Sonron');
INSERT INTO Parts_Order (VIN, num, vendor_name) VALUES ('S3OPBKGXWAZ659884', 2, 'Sonron');
INSERT INTO Parts_Order (VIN, num, vendor_name) VALUES ('T00X580HYD6011764', 1, 'Sonron');
INSERT INTO Parts_Order (VIN, num, vendor_name) VALUES ('U73PMGHR3NU905301', 1, 'Sonron');
INSERT INTO Parts_Order (VIN, num, vendor_name) VALUES ('U73PMGHR3NU905301', 3, 'Sonron');
INSERT INTO Parts_Order (VIN, num, vendor_name) VALUES ('U8EJ173KSZC747630', 1, 'Sonron');
INSERT INTO Parts_Order (VIN, num, vendor_name) VALUES ('UJXTQIJ6PUG086494', 2, 'Sonron');
INSERT INTO Parts_Order (VIN, num, vendor_name) VALUES ('VLYSREO4D36135371', 1, 'Sonron');
INSERT INTO Parts_Order (VIN, num, vendor_name) VALUES ('WJFKT6K3CDS809623', 1, 'Sonron');
INSERT INTO Parts_Order (VIN, num, vendor_name) VALUES ('XPUC8ERWM0W803922', 4, 'Sonron');
INSERT INTO Parts_Order (VIN, num, vendor_name) VALUES ('XPUC8ERWM0W803922', 5, 'Sonron');
INSERT INTO Parts_Order (VIN, num, vendor_name) VALUES ('0H6SRXF8EP7967929', 2, 'Statholdings');
INSERT INTO Parts_Order (VIN, num, vendor_name) VALUES ('0QFCBGN24Y3098876', 2, 'Statholdings');
INSERT INTO Parts_Order (VIN, num, vendor_name) VALUES ('2PKESKWHCJ4479804', 1, 'Statholdings');
INSERT INTO Parts_Order (VIN, num, vendor_name) VALUES ('5PUIFVQ6V3R308628', 3, 'Statholdings');
INSERT INTO Parts_Order (VIN, num, vendor_name) VALUES ('7D8A8QCVRII360920', 3, 'Statholdings');
INSERT INTO Parts_Order (VIN, num, vendor_name) VALUES ('7JA8DZH7CN4199183', 1, 'Statholdings');
INSERT INTO Parts_Order (VIN, num, vendor_name) VALUES ('A51QFDDJ7J7514581', 1, 'Statholdings');
INSERT INTO Parts_Order (VIN, num, vendor_name) VALUES ('A51QFDDJ7J7514581', 4, 'Statholdings');
INSERT INTO Parts_Order (VIN, num, vendor_name) VALUES ('A67JHQ2EJUP880876', 2, 'Statholdings');
INSERT INTO Parts_Order (VIN, num, vendor_name) VALUES ('A67JHQ2EJUP880876', 4, 'Statholdings');
INSERT INTO Parts_Order (VIN, num, vendor_name) VALUES ('CXQF7TZKIH0415109', 1, 'Statholdings');
INSERT INTO Parts_Order (VIN, num, vendor_name) VALUES ('FBW1SNMBJRO366159', 4, 'Statholdings');
INSERT INTO Parts_Order (VIN, num, vendor_name) VALUES ('FPS6SWVNJ46262208', 1, 'Statholdings');
INSERT INTO Parts_Order (VIN, num, vendor_name) VALUES ('G3GBYJSRTYT942116', 4, 'Statholdings');
INSERT INTO Parts_Order (VIN, num, vendor_name) VALUES ('GHMZYD6YMKB413330', 2, 'Statholdings');
INSERT INTO Parts_Order (VIN, num, vendor_name) VALUES ('IFBMBJ1L600560567', 2, 'Statholdings');
INSERT INTO Parts_Order (VIN, num, vendor_name) VALUES ('IGCYVATVIYZ078682', 1, 'Statholdings');
INSERT INTO Parts_Order (VIN, num, vendor_name) VALUES ('JQA3ZA51WW8465344', 1, 'Statholdings');
INSERT INTO Parts_Order (VIN, num, vendor_name) VALUES ('KEQ2CFPH7RO593605', 3, 'Statholdings');
INSERT INTO Parts_Order (VIN, num, vendor_name) VALUES ('MFCEDCRIYU1438485', 5, 'Statholdings');
INSERT INTO Parts_Order (VIN, num, vendor_name) VALUES ('MO22767RXSI895117', 2, 'Statholdings');
INSERT INTO Parts_Order (VIN, num, vendor_name) VALUES ('N5NZQJ4VDI0775398', 2, 'Statholdings');
INSERT INTO Parts_Order (VIN, num, vendor_name) VALUES ('PEFFRGBZ281543143', 4, 'Statholdings');
INSERT INTO Parts_Order (VIN, num, vendor_name) VALUES ('PEFFRGBZ281543143', 5, 'Statholdings');
INSERT INTO Parts_Order (VIN, num, vendor_name) VALUES ('QEQSOYDPWY5042665', 1, 'Statholdings');
INSERT INTO Parts_Order (VIN, num, vendor_name) VALUES ('RJFS2TGCIQ3754282', 1, 'Statholdings');
INSERT INTO Parts_Order (VIN, num, vendor_name) VALUES ('RLRM7DYGMQU101483', 2, 'Statholdings');
INSERT INTO Parts_Order (VIN, num, vendor_name) VALUES ('SJTYF7S2DOK527698', 1, 'Statholdings');
INSERT INTO Parts_Order (VIN, num, vendor_name) VALUES ('T243JSSHR0A986592', 3, 'Statholdings');
INSERT INTO Parts_Order (VIN, num, vendor_name) VALUES ('T7QN0RYWNOR420799', 2, 'Statholdings');
INSERT INTO Parts_Order (VIN, num, vendor_name) VALUES ('T7QN0RYWNOR420799', 3, 'Statholdings');
INSERT INTO Parts_Order (VIN, num, vendor_name) VALUES ('UHNJLMAYL3Z014146', 2, 'Statholdings');
INSERT INTO Parts_Order (VIN, num, vendor_name) VALUES ('US6XUXEBB7J677669', 2, 'Statholdings');
INSERT INTO Parts_Order (VIN, num, vendor_name) VALUES ('USQTBTRES6C396411', 3, 'Statholdings');
INSERT INTO Parts_Order (VIN, num, vendor_name) VALUES ('WXATONNZWKV888088', 2, 'Statholdings');
INSERT INTO Parts_Order (VIN, num, vendor_name) VALUES ('XFZA0H1LN1P361906', 1, 'Statholdings');
INSERT INTO Parts_Order (VIN, num, vendor_name) VALUES ('Y033F7MCLW5266860', 2, 'Statholdings');
INSERT INTO Parts_Order (VIN, num, vendor_name) VALUES ('Z7I1HGSFYSF704101', 2, 'Statholdings');
INSERT INTO Parts_Order (VIN, num, vendor_name) VALUES ('ZX85QCBBBIP411923', 1, 'Statholdings');
INSERT INTO Parts_Order (VIN, num, vendor_name) VALUES ('02XKB48A5UB828603', 1, 'Toughzap');
INSERT INTO Parts_Order (VIN, num, vendor_name) VALUES ('5RLTD3PDG7P142502', 1, 'Toughzap');
INSERT INTO Parts_Order (VIN, num, vendor_name) VALUES ('60RPWRGZXAL689666', 3, 'Toughzap');
INSERT INTO Parts_Order (VIN, num, vendor_name) VALUES ('A2NH51AUNR4312326', 2, 'Toughzap');
INSERT INTO Parts_Order (VIN, num, vendor_name) VALUES ('A4LJMRR8IYC935453', 2, 'Toughzap');
INSERT INTO Parts_Order (VIN, num, vendor_name) VALUES ('AKWG2XQFZ8Z338505', 1, 'Toughzap');
INSERT INTO Parts_Order (VIN, num, vendor_name) VALUES ('BD1DYEOR4HZ412125', 1, 'Toughzap');
INSERT INTO Parts_Order (VIN, num, vendor_name) VALUES ('CB65LOSQY7V342457', 2, 'Toughzap');
INSERT INTO Parts_Order (VIN, num, vendor_name) VALUES ('CTHLSVQRDHK945534', 3, 'Toughzap');
INSERT INTO Parts_Order (VIN, num, vendor_name) VALUES ('IFBMBJ1L600560567', 3, 'Toughzap');
INSERT INTO Parts_Order (VIN, num, vendor_name) VALUES ('IGCYVATVIYZ078682', 5, 'Toughzap');
INSERT INTO Parts_Order (VIN, num, vendor_name) VALUES ('JCDM7P6FYYP189674', 2, 'Toughzap');
INSERT INTO Parts_Order (VIN, num, vendor_name) VALUES ('JCDM7P6FYYP189674', 4, 'Toughzap');
INSERT INTO Parts_Order (VIN, num, vendor_name) VALUES ('JUU4F0TYK4A947289', 3, 'Toughzap');
INSERT INTO Parts_Order (VIN, num, vendor_name) VALUES ('KZ0SACUMQTT627927', 3, 'Toughzap');
INSERT INTO Parts_Order (VIN, num, vendor_name) VALUES ('L7OR57TJ78J722023', 2, 'Toughzap');
INSERT INTO Parts_Order (VIN, num, vendor_name) VALUES ('MLQIF1Z0TMV429595', 1, 'Toughzap');
INSERT INTO Parts_Order (VIN, num, vendor_name) VALUES ('P6MQEVF1IQJ610623', 4, 'Toughzap');
INSERT INTO Parts_Order (VIN, num, vendor_name) VALUES ('PEFFRGBZ281543143', 3, 'Toughzap');
INSERT INTO Parts_Order (VIN, num, vendor_name) VALUES ('R6O7MCNZEA0553701', 1, 'Toughzap');
INSERT INTO Parts_Order (VIN, num, vendor_name) VALUES ('RLDE4ATQ47P565906', 1, 'Toughzap');
INSERT INTO Parts_Order (VIN, num, vendor_name) VALUES ('RO4NPMLPRAU291778', 2, 'Toughzap');
INSERT INTO Parts_Order (VIN, num, vendor_name) VALUES ('S3OPBKGXWAZ659884', 5, 'Toughzap');
INSERT INTO Parts_Order (VIN, num, vendor_name) VALUES ('TPH6V84MCP2752251', 6, 'Toughzap');
INSERT INTO Parts_Order (VIN, num, vendor_name) VALUES ('UOGYWMEC33D484399', 2, 'Toughzap');
INSERT INTO Parts_Order (VIN, num, vendor_name) VALUES ('USQTBTRES6C396411', 6, 'Toughzap');
INSERT INTO Parts_Order (VIN, num, vendor_name) VALUES ('WA73P2TB0BO402832', 1, 'Toughzap');
INSERT INTO Parts_Order (VIN, num, vendor_name) VALUES ('XPUC8ERWM0W803922', 3, 'Toughzap');
INSERT INTO Parts_Order (VIN, num, vendor_name) VALUES ('ZAGIZGOGIZ6802854', 1, 'Toughzap');
INSERT INTO Parts_Order (VIN, num, vendor_name) VALUES ('ZAGIZGOGIZ6802854', 2, 'Toughzap');
INSERT INTO Parts_Order (VIN, num, vendor_name) VALUES ('4B5O8UZKPBZ854920', 2, 'Zotware');
INSERT INTO Parts_Order (VIN, num, vendor_name) VALUES ('4GHCRLJOKT6083540', 2, 'Zotware');
INSERT INTO Parts_Order (VIN, num, vendor_name) VALUES ('5PUIFVQ6V3R308628', 4, 'Zotware');
INSERT INTO Parts_Order (VIN, num, vendor_name) VALUES ('5QPBC4N5SPV612486', 4, 'Zotware');
INSERT INTO Parts_Order (VIN, num, vendor_name) VALUES ('6YHX7GHFZAR683239', 1, 'Zotware');
INSERT INTO Parts_Order (VIN, num, vendor_name) VALUES ('7D8A8QCVRII360920', 2, 'Zotware');
INSERT INTO Parts_Order (VIN, num, vendor_name) VALUES ('A67JHQ2EJUP880876', 3, 'Zotware');
INSERT INTO Parts_Order (VIN, num, vendor_name) VALUES ('BQS2CJ56IBQ176739', 1, 'Zotware');
INSERT INTO Parts_Order (VIN, num, vendor_name) VALUES ('BQS2CJ56IBQ176739', 3, 'Zotware');
INSERT INTO Parts_Order (VIN, num, vendor_name) VALUES ('G3GBYJSRTYT942116', 3, 'Zotware');
INSERT INTO Parts_Order (VIN, num, vendor_name) VALUES ('IFBMBJ1L600560567', 1, 'Zotware');
INSERT INTO Parts_Order (VIN, num, vendor_name) VALUES ('IVZVZYNIOWU741253', 2, 'Zotware');
INSERT INTO Parts_Order (VIN, num, vendor_name) VALUES ('JDZCMB67NYJ067633', 5, 'Zotware');
INSERT INTO Parts_Order (VIN, num, vendor_name) VALUES ('KEQ2CFPH7RO593605', 6, 'Zotware');
INSERT INTO Parts_Order (VIN, num, vendor_name) VALUES ('MFCEDCRIYU1438485', 2, 'Zotware');
INSERT INTO Parts_Order (VIN, num, vendor_name) VALUES ('MQY15YFZ5CB825109', 1, 'Zotware');
INSERT INTO Parts_Order (VIN, num, vendor_name) VALUES ('NG2R81BAMWW204013', 1, 'Zotware');
INSERT INTO Parts_Order (VIN, num, vendor_name) VALUES ('PLT6LAJER3K107458', 1, 'Zotware');
INSERT INTO Parts_Order (VIN, num, vendor_name) VALUES ('PYPAPD46NJL873425', 2, 'Zotware');
INSERT INTO Parts_Order (VIN, num, vendor_name) VALUES ('PZEF1VF3KOO767751', 2, 'Zotware');
INSERT INTO Parts_Order (VIN, num, vendor_name) VALUES ('QRDJE8YRD8U529603', 2, 'Zotware');
INSERT INTO Parts_Order (VIN, num, vendor_name) VALUES ('R6O7MCNZEA0553701', 2, 'Zotware');
INSERT INTO Parts_Order (VIN, num, vendor_name) VALUES ('R6O7MCNZEA0553701', 3, 'Zotware');
INSERT INTO Parts_Order (VIN, num, vendor_name) VALUES ('SJTYF7S2DOK527698', 4, 'Zotware');
INSERT INTO Parts_Order (VIN, num, vendor_name) VALUES ('T7QN0RYWNOR420799', 5, 'Zotware');
INSERT INTO Parts_Order (VIN, num, vendor_name) VALUES ('TPH6V84MCP2752251', 1, 'Zotware');
INSERT INTO Parts_Order (VIN, num, vendor_name) VALUES ('UJXTQIJ6PUG086494', 1, 'Zotware');
INSERT INTO Parts_Order (VIN, num, vendor_name) VALUES ('UOGYWMEC33D484399', 3, 'Zotware');
INSERT INTO Parts_Order (VIN, num, vendor_name) VALUES ('VZJVASAMKKS604221', 3, 'Zotware');
INSERT INTO Parts_Order (VIN, num, vendor_name) VALUES ('WXATONNZWKV888088', 1, 'Zotware');
INSERT INTO Parts_Order (VIN, num, vendor_name) VALUES ('X5MLJ3CUPNB099293', 1, 'Zotware');
INSERT INTO Parts_Order (VIN, num, vendor_name) VALUES ('0216UZ8NIB3005163', 3, 'Zumgoity');
INSERT INTO Parts_Order (VIN, num, vendor_name) VALUES ('02XKB48A5UB828603', 3, 'Zumgoity');
INSERT INTO Parts_Order (VIN, num, vendor_name) VALUES ('0QFCBGN24Y3098876', 1, 'Zumgoity');
INSERT INTO Parts_Order (VIN, num, vendor_name) VALUES ('11O1YZUFMFN275554', 1, 'Zumgoity');
INSERT INTO Parts_Order (VIN, num, vendor_name) VALUES ('24G081632WM888163', 2, 'Zumgoity');
INSERT INTO Parts_Order (VIN, num, vendor_name) VALUES ('5PUIFVQ6V3R308628', 5, 'Zumgoity');
INSERT INTO Parts_Order (VIN, num, vendor_name) VALUES ('6O3JWO1Q4FP773157', 3, 'Zumgoity');
INSERT INTO Parts_Order (VIN, num, vendor_name) VALUES ('7LOJS05DQA3004955', 1, 'Zumgoity');
INSERT INTO Parts_Order (VIN, num, vendor_name) VALUES ('AKEXMUEW2XP076382', 2, 'Zumgoity');
INSERT INTO Parts_Order (VIN, num, vendor_name) VALUES ('DKYDDY0GPGN009571', 3, 'Zumgoity');
INSERT INTO Parts_Order (VIN, num, vendor_name) VALUES ('FBQBTRRHZVG159504', 1, 'Zumgoity');
INSERT INTO Parts_Order (VIN, num, vendor_name) VALUES ('FTU4SK7135C710080', 3, 'Zumgoity');
INSERT INTO Parts_Order (VIN, num, vendor_name) VALUES ('GDXK0JVJI0R636667', 1, 'Zumgoity');
INSERT INTO Parts_Order (VIN, num, vendor_name) VALUES ('GUSD5Z52ID6316641', 2, 'Zumgoity');
INSERT INTO Parts_Order (VIN, num, vendor_name) VALUES ('IGCYVATVIYZ078682', 4, 'Zumgoity');
INSERT INTO Parts_Order (VIN, num, vendor_name) VALUES ('IVZVZYNIOWU741253', 3, 'Zumgoity');
INSERT INTO Parts_Order (VIN, num, vendor_name) VALUES ('LBOZN1LVD46821421', 1, 'Zumgoity');
INSERT INTO Parts_Order (VIN, num, vendor_name) VALUES ('LLAES6UX7PE080692', 2, 'Zumgoity');
INSERT INTO Parts_Order (VIN, num, vendor_name) VALUES ('M0LLCXP5H7J310101', 5, 'Zumgoity');
INSERT INTO Parts_Order (VIN, num, vendor_name) VALUES ('MLQIF1Z0TMV429595', 2, 'Zumgoity');
INSERT INTO Parts_Order (VIN, num, vendor_name) VALUES ('OPBJWWEIHPI797081', 2, 'Zumgoity');
INSERT INTO Parts_Order (VIN, num, vendor_name) VALUES ('Q7YZUDKENN4246098', 2, 'Zumgoity');
INSERT INTO Parts_Order (VIN, num, vendor_name) VALUES ('Q8DL7A5M6DW706622', 2, 'Zumgoity');
INSERT INTO Parts_Order (VIN, num, vendor_name) VALUES ('RYY32CGB7QR718629', 4, 'Zumgoity');
INSERT INTO Parts_Order (VIN, num, vendor_name) VALUES ('SAK8I3JJ105230630', 3, 'Zumgoity');
INSERT INTO Parts_Order (VIN, num, vendor_name) VALUES ('U73PMGHR3NU905301', 2, 'Zumgoity');
INSERT INTO Parts_Order (VIN, num, vendor_name) VALUES ('UOGYWMEC33D484399', 4, 'Zumgoity');
INSERT INTO Parts_Order (VIN, num, vendor_name) VALUES ('US6XUXEBB7J677669', 3, 'Zumgoity');
INSERT INTO Parts_Order (VIN, num, vendor_name) VALUES ('VWF36GH8UML053642', 2, 'Zumgoity');
INSERT INTO Parts_Order (VIN, num, vendor_name) VALUES ('WA73P2TB0BO402832', 3, 'Zumgoity');
INSERT INTO Parts_Order (VIN, num, vendor_name) VALUES ('WUD6UHNVINU339156', 1, 'Zumgoity');
INSERT INTO Parts_Order (VIN, num, vendor_name) VALUES ('XLQBDQWBZDN084612', 2, 'Zumgoity');
INSERT INTO Parts_Order (VIN, num, vendor_name) VALUES ('Y033F7MCLW5266860', 3, 'Zumgoity');

-- Inserting Part
INSERT INTO Part (VIN, order_number, vendor_part_number, status, description, unit_price, quantity) VALUES ('0216UZ8NIB3005163', '0216UZ8NIB3005163-002', 'BG-BAED0025', 'installed', 'Inner door handle', 503.97, 3);
INSERT INTO Part (VIN, order_number, vendor_part_number, status, description, unit_price, quantity) VALUES ('0216UZ8NIB3005163', '0216UZ8NIB3005163-002', 'BG-EAEM0149', 'installed', 'Transmission computer', 173.35, 1);
INSERT INTO Part (VIN, order_number, vendor_part_number, status, description, unit_price, quantity) VALUES ('0216UZ8NIB3005163', '0216UZ8NIB3005163-002', 'BG-EAESS0115', 'installed', 'Starter', 494.83, 1);
INSERT INTO Part (VIN, order_number, vendor_part_number, status, description, unit_price, quantity) VALUES ('0216UZ8NIB3005163', '0216UZ8NIB3005163-002', 'BG-PACBS0163', 'installed', 'Anti-lock braking system', 103.39, 1);
INSERT INTO Part (VIN, order_number, vendor_part_number, status, description, unit_price, quantity) VALUES ('0H6SRXF8EP7967929', '0H6SRXF8EP7967929-004', 'BG-BAE0004', 'installed', 'Cowl screen', 92.51, 1);
INSERT INTO Part (VIN, order_number, vendor_part_number, status, description, unit_price, quantity) VALUES ('0H6SRXF8EP7967929', '0H6SRXF8EP7967929-004', 'BG-EAECS0052', 'installed', 'Other alternator parts', 33.64, 1);
INSERT INTO Part (VIN, order_number, vendor_part_number, status, description, unit_price, quantity) VALUES ('0KAMFH817HG984940', '0KAMFH817HG984940-001', 'BG-BAEW0037', 'installed', 'Window regulator', 98.16, 1);
INSERT INTO Part (VIN, order_number, vendor_part_number, status, description, unit_price, quantity) VALUES ('0KAMFH817HG984940', '0KAMFH817HG984940-001', 'BG-EAEESS0055', 'installed', 'Battery box', 19.94, 1);
INSERT INTO Part (VIN, order_number, vendor_part_number, status, description, unit_price, quantity) VALUES ('0KAMFH817HG984940', '0KAMFH817HG984940-001', 'BG-EAES0122', 'installed', 'Power window switch', 71.57, 1);
INSERT INTO Part (VIN, order_number, vendor_part_number, status, description, unit_price, quantity) VALUES ('340D7EL25S2404955', '340D7EL25S2404955-003', 'BG-BAE0015', 'installed', 'Roof Rack', 17.52, 1);
INSERT INTO Part (VIN, order_number, vendor_part_number, status, description, unit_price, quantity) VALUES ('340D7EL25S2404955', '340D7EL25S2404955-003', 'BG-EAEIS0076', 'installed', 'Distributor', 3.59, 1);
INSERT INTO Part (VIN, order_number, vendor_part_number, status, description, unit_price, quantity) VALUES ('340D7EL25S2404955', '340D7EL25S2404955-003', 'BG-PACBS0191', 'installed', 'Brake booster hose', 57.67, 4);
INSERT INTO Part (VIN, order_number, vendor_part_number, status, description, unit_price, quantity) VALUES ('41DPYVQZCO3181476', '41DPYVQZCO3181476-002', 'BG-BAEW0039', 'installed', 'Windshield washer motor', 394.61, 2);
INSERT INTO Part (VIN, order_number, vendor_part_number, status, description, unit_price, quantity) VALUES ('41DPYVQZCO3181476', '41DPYVQZCO3181476-002', 'BG-EAELASS0091', 'installed', 'Tail light', 413.2, 1);
INSERT INTO Part (VIN, order_number, vendor_part_number, status, description, unit_price, quantity) VALUES ('41DPYVQZCO3181476', '41DPYVQZCO3181476-002', 'BG-EAEM0138', 'installed', 'Engine computer and management system', 478.16, 1);
INSERT INTO Part (VIN, order_number, vendor_part_number, status, description, unit_price, quantity) VALUES ('447NADHKNTP823552', '447NADHKNTP823552-005', 'BG-EAEESS0057', 'installed', 'Battery cable', 79.77, 1);
INSERT INTO Part (VIN, order_number, vendor_part_number, status, description, unit_price, quantity) VALUES ('447NADHKNTP823552', '447NADHKNTP823552-005', 'BG-EAES0093', 'installed', 'Airbag sensor', 99.49, 1);
INSERT INTO Part (VIN, order_number, vendor_part_number, status, description, unit_price, quantity) VALUES ('447NADHKNTP823552', '447NADHKNTP823552-005', 'BG-EAES0104', 'installed', 'Pressure sensor', 279.26, 4);
INSERT INTO Part (VIN, order_number, vendor_part_number, status, description, unit_price, quantity) VALUES ('52J1ULU58OB110991', '52J1ULU58OB110991-002', 'BG-BAE0002', 'ordered', 'Unexposed bumper', 93.08, 1);
INSERT INTO Part (VIN, order_number, vendor_part_number, status, description, unit_price, quantity) VALUES ('52J1ULU58OB110991', '52J1ULU58OB110991-002', 'BG-BAE0013', 'ordered', 'Radiator core support', 143.83, 1);
INSERT INTO Part (VIN, order_number, vendor_part_number, status, description, unit_price, quantity) VALUES ('52J1ULU58OB110991', '52J1ULU58OB110991-002', 'BG-EAEIS0075', 'received', 'Coil wire', 4.04, 1);
INSERT INTO Part (VIN, order_number, vendor_part_number, status, description, unit_price, quantity) VALUES ('52J1ULU58OB110991', '52J1ULU58OB110991-002', 'BG-IFCAP0151', 'installed', 'Carpet and other floor material', 12.97, 1);
INSERT INTO Part (VIN, order_number, vendor_part_number, status, description, unit_price, quantity) VALUES ('6O3JWO1Q4FP773157', '6O3JWO1Q4FP773157-004', 'BG-BAE0013', 'installed', 'Radiator core support', 189.95, 1);
INSERT INTO Part (VIN, order_number, vendor_part_number, status, description, unit_price, quantity) VALUES ('6O3JWO1Q4FP773157', '6O3JWO1Q4FP773157-004', 'BG-EAEIS0077', 'installed', 'Electronic timing controller', 140.44, 1);
INSERT INTO Part (VIN, order_number, vendor_part_number, status, description, unit_price, quantity) VALUES ('6O3JWO1Q4FP773157', '6O3JWO1Q4FP773157-004', 'BG-EAELASS0084', 'installed', 'Fog Light', 292.8, 1);
INSERT INTO Part (VIN, order_number, vendor_part_number, status, description, unit_price, quantity) VALUES ('6O3JWO1Q4FP773157', '6O3JWO1Q4FP773157-004', 'BG-ICS0161', 'installed', 'Seat cover', 118.28, 1);
INSERT INTO Part (VIN, order_number, vendor_part_number, status, description, unit_price, quantity) VALUES ('7NZJI4NR80U192007', '7NZJI4NR80U192007-002', 'BG-BAE0022', 'received', 'Welded assembly', 98.55, 4);
INSERT INTO Part (VIN, order_number, vendor_part_number, status, description, unit_price, quantity) VALUES ('7NZJI4NR80U192007', '7NZJI4NR80U192007-002', 'BG-EAEAD0046', 'received', 'Tuner', 16.57, 1);
INSERT INTO Part (VIN, order_number, vendor_part_number, status, description, unit_price, quantity) VALUES ('7NZJI4NR80U192007', '7NZJI4NR80U192007-002', 'BG-ICS0157', 'ordered', 'Fastener', 49.89, 1);
INSERT INTO Part (VIN, order_number, vendor_part_number, status, description, unit_price, quantity) VALUES ('7NZJI4NR80U192007', '7NZJI4NR80U192007-002', 'BG-PACBS0194', 'received', 'Hydraulic booster unit', 44.33, 1);
INSERT INTO Part (VIN, order_number, vendor_part_number, status, description, unit_price, quantity) VALUES ('7QRXAX01CS1186500', '7QRXAX01CS1186500-001', 'BG-EAEESS0061', 'received', 'Voltage regulator', 16.4, 1);
INSERT INTO Part (VIN, order_number, vendor_part_number, status, description, unit_price, quantity) VALUES ('7XQ1OO4FTRB936926', '7XQ1OO4FTRB936926-001', 'BG-BAE0013', 'installed', 'Radiator core support', 42.24, 1);
INSERT INTO Part (VIN, order_number, vendor_part_number, status, description, unit_price, quantity) VALUES ('7XQ1OO4FTRB936926', '7XQ1OO4FTRB936926-001', 'BG-EAECS0048', 'received', 'Alternator', 88.89, 1);
INSERT INTO Part (VIN, order_number, vendor_part_number, status, description, unit_price, quantity) VALUES ('7XQ1OO4FTRB936926', '7XQ1OO4FTRB936926-002', 'BG-BAED0032', 'received', 'Centre Locking', 0.06, 1);
INSERT INTO Part (VIN, order_number, vendor_part_number, status, description, unit_price, quantity) VALUES ('7XQ1OO4FTRB936926', '7XQ1OO4FTRB936926-002', 'BG-EAES0093', 'installed', 'Airbag sensor', 25.11, 1);
INSERT INTO Part (VIN, order_number, vendor_part_number, status, description, unit_price, quantity) VALUES ('7XQ1OO4FTRB936926', '7XQ1OO4FTRB936926-002', 'BG-ICS0161', 'installed', 'Seat cover', 74.54, 1);
INSERT INTO Part (VIN, order_number, vendor_part_number, status, description, unit_price, quantity) VALUES ('A35CVWAPCGY561956', 'A35CVWAPCGY561956-005', 'BG-EAECS0051', 'installed', 'Alternator fan', 39.9, 1);
INSERT INTO Part (VIN, order_number, vendor_part_number, status, description, unit_price, quantity) VALUES ('A35CVWAPCGY561956', 'A35CVWAPCGY561956-005', 'BG-EAEESS0057', 'installed', 'Battery cable', 24.86, 1);
INSERT INTO Part (VIN, order_number, vendor_part_number, status, description, unit_price, quantity) VALUES ('A35CVWAPCGY561956', 'A35CVWAPCGY561956-005', 'BG-PACBS0174', 'installed', 'Brake pad', 21.71, 1);
INSERT INTO Part (VIN, order_number, vendor_part_number, status, description, unit_price, quantity) VALUES ('A51QFDDJ7J7514581', 'A51QFDDJ7J7514581-003', 'BG-BAE0017', 'installed', 'Front spoiler', 73.6, 1);
INSERT INTO Part (VIN, order_number, vendor_part_number, status, description, unit_price, quantity) VALUES ('A51QFDDJ7J7514581', 'A51QFDDJ7J7514581-003', 'BG-BAED0031', 'installed', 'Lock', 33.06, 1);
INSERT INTO Part (VIN, order_number, vendor_part_number, status, description, unit_price, quantity) VALUES ('A51QFDDJ7J7514581', 'A51QFDDJ7J7514581-003', 'BG-EAEGAM0068', 'installed', 'Speedometer', 6.89, 1);
INSERT INTO Part (VIN, order_number, vendor_part_number, status, description, unit_price, quantity) VALUES ('AB7D5GUATWA988114', 'AB7D5GUATWA988114-001', 'BG-BAED0023', 'ordered', 'Door beam and panel', 22.17, 1);
INSERT INTO Part (VIN, order_number, vendor_part_number, status, description, unit_price, quantity) VALUES ('AB7D5GUATWA988114', 'AB7D5GUATWA988114-001', 'BG-EAEM0144', 'received', 'Relay connector', 16.49, 1);
INSERT INTO Part (VIN, order_number, vendor_part_number, status, description, unit_price, quantity) VALUES ('AB7D5GUATWA988114', 'AB7D5GUATWA988114-001', 'BG-EAES0099', 'ordered', 'Knock sensor', 33.52, 1);
INSERT INTO Part (VIN, order_number, vendor_part_number, status, description, unit_price, quantity) VALUES ('AB7D5GUATWA988114', 'AB7D5GUATWA988114-001', 'BG-PACBS0186', 'installed', 'Caliper', 19.89, 1);
INSERT INTO Part (VIN, order_number, vendor_part_number, status, description, unit_price, quantity) VALUES ('AG15D1BT811693167', 'AG15D1BT811693167-001', 'BG-EAELASS0083', 'installed', 'Engine bay lighting', 25.86, 1);
INSERT INTO Part (VIN, order_number, vendor_part_number, status, description, unit_price, quantity) VALUES ('BQS2CJ56IBQ176739', 'BQS2CJ56IBQ176739-002', 'BG-EAEGAM0062', 'installed', 'Ammeter', 27.97, 1);
INSERT INTO Part (VIN, order_number, vendor_part_number, status, description, unit_price, quantity) VALUES ('BQS2CJ56IBQ176739', 'BQS2CJ56IBQ176739-002', 'BG-EAELASS0084', 'installed', 'Fog Light', 12.97, 1);
INSERT INTO Part (VIN, order_number, vendor_part_number, status, description, unit_price, quantity) VALUES ('DLCCHFQS6JE933115', 'DLCCHFQS6JE933115-002', 'BG-BAE0010', 'installed', 'Grille', 603.75, 3);
INSERT INTO Part (VIN, order_number, vendor_part_number, status, description, unit_price, quantity) VALUES ('DLCCHFQS6JE933115', 'DLCCHFQS6JE933115-002', 'BG-BAE0017', 'installed', 'Front spoiler', 61.17, 1);
INSERT INTO Part (VIN, order_number, vendor_part_number, status, description, unit_price, quantity) VALUES ('DLCCHFQS6JE933115', 'DLCCHFQS6JE933115-002', 'BG-EAECS0048', 'installed', 'Alternator', 471.37, 4);
INSERT INTO Part (VIN, order_number, vendor_part_number, status, description, unit_price, quantity) VALUES ('DLCCHFQS6JE933115', 'DLCCHFQS6JE933115-002', 'BG-EAEWH0131', 'installed', 'Underfloor harness', 360.9, 1);
INSERT INTO Part (VIN, order_number, vendor_part_number, status, description, unit_price, quantity) VALUES ('DTPFWL37FTZ702472', 'DTPFWL37FTZ702472-001', 'BG-BAE0006', 'installed', 'Fascia rear and support', 218.09, 2);
INSERT INTO Part (VIN, order_number, vendor_part_number, status, description, unit_price, quantity) VALUES ('DTPFWL37FTZ702472', 'DTPFWL37FTZ702472-001', 'BG-BAED0032', 'installed', 'Centre Locking', 205.44, 4);
INSERT INTO Part (VIN, order_number, vendor_part_number, status, description, unit_price, quantity) VALUES ('DTPFWL37FTZ702472', 'DTPFWL37FTZ702472-001', 'BG-EAES0123', 'installed', 'Steering column switch', 204.81, 1);
INSERT INTO Part (VIN, order_number, vendor_part_number, status, description, unit_price, quantity) VALUES ('GMLZ3HXD33V025329', 'GMLZ3HXD33V025329-002', 'BG-EAEESS0053', 'installed', 'Battery', 12.04, 1);
INSERT INTO Part (VIN, order_number, vendor_part_number, status, description, unit_price, quantity) VALUES ('GMLZ3HXD33V025329', 'GMLZ3HXD33V025329-002', 'BG-EAEESS0055', 'installed', 'Battery box', 0.5, 1);
INSERT INTO Part (VIN, order_number, vendor_part_number, status, description, unit_price, quantity) VALUES ('GMLZ3HXD33V025329', 'GMLZ3HXD33V025329-002', 'BG-EAEESS0060', 'installed', 'Battery tray', 28.57, 1);
INSERT INTO Part (VIN, order_number, vendor_part_number, status, description, unit_price, quantity) VALUES ('GMLZ3HXD33V025329', 'GMLZ3HXD33V025329-002', 'BG-EAEGAM0072', 'installed', 'Vacuum gauge', 34.37, 1);
INSERT INTO Part (VIN, order_number, vendor_part_number, status, description, unit_price, quantity) VALUES ('GUSD5Z52ID6316641', 'GUSD5Z52ID6316641-003', 'BG-EAELASS0088', 'installed', 'Interior light and lamp', 170.26, 1);
INSERT INTO Part (VIN, order_number, vendor_part_number, status, description, unit_price, quantity) VALUES ('GUSD5Z52ID6316641', 'GUSD5Z52ID6316641-003', 'BG-EAEM0138', 'installed', 'Engine computer and management system', 59.45, 1);
INSERT INTO Part (VIN, order_number, vendor_part_number, status, description, unit_price, quantity) VALUES ('GUSD5Z52ID6316641', 'GUSD5Z52ID6316641-003', 'BG-PACBS0180', 'installed', 'Brake servo', 108.49, 1);
INSERT INTO Part (VIN, order_number, vendor_part_number, status, description, unit_price, quantity) VALUES ('LEL1EDGLIJB218949', 'LEL1EDGLIJB218949-001', 'BG-EAEESS0056', 'installed', 'Battery cable terminal', 40.59, 2);
INSERT INTO Part (VIN, order_number, vendor_part_number, status, description, unit_price, quantity) VALUES ('LEL1EDGLIJB218949', 'LEL1EDGLIJB218949-001', 'BG-ICS0153', 'installed', 'Armrest', 54.46, 2);
INSERT INTO Part (VIN, order_number, vendor_part_number, status, description, unit_price, quantity) VALUES ('MKBNHXQ0YCV993030', 'MKBNHXQ0YCV993030-001', 'BG-BAEW0033', 'installed', 'Glass', 49.66, 2);
INSERT INTO Part (VIN, order_number, vendor_part_number, status, description, unit_price, quantity) VALUES ('MKBNHXQ0YCV993030', 'MKBNHXQ0YCV993030-001', 'BG-EAEM0132', 'installed', 'Air bag control module', 28.58, 4);
INSERT INTO Part (VIN, order_number, vendor_part_number, status, description, unit_price, quantity) VALUES ('MKBNHXQ0YCV993030', 'MKBNHXQ0YCV993030-001', 'BG-EAES0105', 'installed', 'Rain sensor', 48.31, 1);
INSERT INTO Part (VIN, order_number, vendor_part_number, status, description, unit_price, quantity) VALUES ('MKBNHXQ0YCV993030', 'MKBNHXQ0YCV993030-001', 'BG-PACBS0173', 'installed', 'Brake line', 40.8, 1);
INSERT INTO Part (VIN, order_number, vendor_part_number, status, description, unit_price, quantity) VALUES ('MXQN4LATRKB695732', 'MXQN4LATRKB695732-001', 'BG-EAEESS0058', 'installed', 'Battery control system', 114.47, 1);
INSERT INTO Part (VIN, order_number, vendor_part_number, status, description, unit_price, quantity) VALUES ('MXQN4LATRKB695732', 'MXQN4LATRKB695732-001', 'BG-ICS0160', 'ordered', 'Seat bracket', 21.61, 2);
INSERT INTO Part (VIN, order_number, vendor_part_number, status, description, unit_price, quantity) VALUES ('NR0UX0H7C2C321461', 'NR0UX0H7C2C321461-001', 'BG-BAED0026', 'installed', 'Door control module', 125.22, 1);
INSERT INTO Part (VIN, order_number, vendor_part_number, status, description, unit_price, quantity) VALUES ('NR0UX0H7C2C321461', 'NR0UX0H7C2C321461-001', 'BG-EAEGAM0064', 'installed', 'Dynamometer', 157.47, 1);
INSERT INTO Part (VIN, order_number, vendor_part_number, status, description, unit_price, quantity) VALUES ('NR0UX0H7C2C321461', 'NR0UX0H7C2C321461-001', 'BG-EAEM0135', 'installed', 'Chassis control computer', 109.6, 1);
INSERT INTO Part (VIN, order_number, vendor_part_number, status, description, unit_price, quantity) VALUES ('Q8DL7A5M6DW706622', 'Q8DL7A5M6DW706622-004', 'BG-EAES0106', 'installed', 'Rotational sensor', 38.09, 1);
INSERT INTO Part (VIN, order_number, vendor_part_number, status, description, unit_price, quantity) VALUES ('UOGYWMEC33D484399', 'UOGYWMEC33D484399-005', 'BG-ICS0161', 'installed', 'Seat cover', 47.16, 1);
INSERT INTO Part (VIN, order_number, vendor_part_number, status, description, unit_price, quantity) VALUES ('US6XUXEBB7J677669', 'US6XUXEBB7J677669-006', 'BG-BAEW0033', 'ordered', 'Glass', 79.9, 2);
INSERT INTO Part (VIN, order_number, vendor_part_number, status, description, unit_price, quantity) VALUES ('US6XUXEBB7J677669', 'US6XUXEBB7J677669-006', 'BG-PACBS0163', 'installed', 'Anti-lock braking system', 74.2, 1);
INSERT INTO Part (VIN, order_number, vendor_part_number, status, description, unit_price, quantity) VALUES ('USQTBTRES6C396411', 'USQTBTRES6C396411-005', 'BG-EAES0093', 'ordered', 'Airbag sensor', 114.51, 1);
INSERT INTO Part (VIN, order_number, vendor_part_number, status, description, unit_price, quantity) VALUES ('V1NVZM13MTZ321642', 'V1NVZM13MTZ321642-003', 'BG-BAED0027', 'installed', 'Door seal', 42.24, 1);
INSERT INTO Part (VIN, order_number, vendor_part_number, status, description, unit_price, quantity) VALUES ('V1NVZM13MTZ321642', 'V1NVZM13MTZ321642-003', 'BG-EAEIS0081', 'installed', 'Ignition controller', 12.81, 1);
INSERT INTO Part (VIN, order_number, vendor_part_number, status, description, unit_price, quantity) VALUES ('V1NVZM13MTZ321642', 'V1NVZM13MTZ321642-003', 'BG-PACBS0171', 'installed', 'Brake disc', 28.04, 1);
INSERT INTO Part (VIN, order_number, vendor_part_number, status, description, unit_price, quantity) VALUES ('WJFKT6K3CDS809623', 'WJFKT6K3CDS809623-002', 'BG-EAEWH0130', 'installed', 'Interior harness', 241.44, 1);
INSERT INTO Part (VIN, order_number, vendor_part_number, status, description, unit_price, quantity) VALUES ('X5MLJ3CUPNB099293', 'X5MLJ3CUPNB099293-002', 'BG-BAEW0033', 'installed', 'Glass', 374.72, 1);
INSERT INTO Part (VIN, order_number, vendor_part_number, status, description, unit_price, quantity) VALUES ('X5MLJ3CUPNB099293', 'X5MLJ3CUPNB099293-002', 'BG-BAEW0037', 'installed', 'Window regulator', 21.32, 1);
INSERT INTO Part (VIN, order_number, vendor_part_number, status, description, unit_price, quantity) VALUES ('XEGBS0XOI2N387757', 'XEGBS0XOI2N387757-001', 'BG-BAE0008', 'installed', 'Front clip', 12.81, 1);
INSERT INTO Part (VIN, order_number, vendor_part_number, status, description, unit_price, quantity) VALUES ('XEGBS0XOI2N387757', 'XEGBS0XOI2N387757-001', 'BG-BAEW0034', 'installed', 'Sunroof', 26.69, 1);
INSERT INTO Part (VIN, order_number, vendor_part_number, status, description, unit_price, quantity) VALUES ('XEGBS0XOI2N387757', 'XEGBS0XOI2N387757-001', 'BG-EAES0095', 'installed', 'Camshaft position sensor', 366.74, 1);
INSERT INTO Part (VIN, order_number, vendor_part_number, status, description, unit_price, quantity) VALUES ('XEGBS0XOI2N387757', 'XEGBS0XOI2N387757-001', 'BG-PACBS0187', 'installed', 'Combination valve', 339.05, 1);
INSERT INTO Part (VIN, order_number, vendor_part_number, status, description, unit_price, quantity) VALUES ('Y56Q2GI1LS6727671', 'Y56Q2GI1LS6727671-002', 'BG-EAEM0139', 'received', 'Engine control unit', 44.74, 1);
INSERT INTO Part (VIN, order_number, vendor_part_number, status, description, unit_price, quantity) VALUES ('Y56Q2GI1LS6727671', 'Y56Q2GI1LS6727671-002', 'BG-PACBS0173', 'installed', 'Brake line', 133.2, 1);
INSERT INTO Part (VIN, order_number, vendor_part_number, status, description, unit_price, quantity) VALUES ('Z1AKLYZDZLY858148', 'Z1AKLYZDZLY858148-002', 'BG-EAEGAM0062', 'installed', 'Ammeter', 131.19, 1);
INSERT INTO Part (VIN, order_number, vendor_part_number, status, description, unit_price, quantity) VALUES ('ZTFFYASAAMG348199', 'ZTFFYASAAMG348199-001', 'BG-BAE0010', 'installed', 'Grille', 251.5, 4);
INSERT INTO Part (VIN, order_number, vendor_part_number, status, description, unit_price, quantity) VALUES ('ZTFFYASAAMG348199', 'ZTFFYASAAMG348199-001', 'BG-BAEW0034', 'installed', 'Sunroof', 134.47, 1);
INSERT INTO Part (VIN, order_number, vendor_part_number, status, description, unit_price, quantity) VALUES ('ZTFFYASAAMG348199', 'ZTFFYASAAMG348199-001', 'BG-EAEESS0060', 'installed', 'Battery tray', 240.89, 1);
INSERT INTO Part (VIN, order_number, vendor_part_number, status, description, unit_price, quantity) VALUES ('ZTFFYASAAMG348199', 'ZTFFYASAAMG348199-001', 'BG-PACBS0196', 'installed', 'Master Cylinder', 318.56, 1);
INSERT INTO Part (VIN, order_number, vendor_part_number, status, description, unit_price, quantity) VALUES ('2LBKYDFHTK3034814', '2LBKYDFHTK3034814-001', 'DE-EAEGAM0065', 'installed', 'Fuel gauge', 247.33, 2);
INSERT INTO Part (VIN, order_number, vendor_part_number, status, description, unit_price, quantity) VALUES ('2LBKYDFHTK3034814', '2LBKYDFHTK3034814-001', 'DE-EAES0103', 'installed', 'Power-steering pressure sensor', 229.4, 1);
INSERT INTO Part (VIN, order_number, vendor_part_number, status, description, unit_price, quantity) VALUES ('2LBKYDFHTK3034814', '2LBKYDFHTK3034814-001', 'DE-ICS0159', 'installed', 'Seat Belt', 29.54, 1);
INSERT INTO Part (VIN, order_number, vendor_part_number, status, description, unit_price, quantity) VALUES ('340D7EL25S2404955', '340D7EL25S2404955-001', 'DE-BAE0016', 'installed', 'Spoiler', 1.25, 4);
INSERT INTO Part (VIN, order_number, vendor_part_number, status, description, unit_price, quantity) VALUES ('340D7EL25S2404955', '340D7EL25S2404955-001', 'DE-EAEAD0043', 'installed', 'Radio and media player', 58.99, 1);
INSERT INTO Part (VIN, order_number, vendor_part_number, status, description, unit_price, quantity) VALUES ('340D7EL25S2404955', '340D7EL25S2404955-001', 'DE-EAEIS0076', 'installed', 'Distributor', 69.33, 1);
INSERT INTO Part (VIN, order_number, vendor_part_number, status, description, unit_price, quantity) VALUES ('340D7EL25S2404955', '340D7EL25S2404955-002', 'DE-EAEM0145', 'installed', 'Remote lock', 15.07, 3);
INSERT INTO Part (VIN, order_number, vendor_part_number, status, description, unit_price, quantity) VALUES ('4B5O8UZKPBZ854920', '4B5O8UZKPBZ854920-001', 'DE-BAED0031', 'installed', 'Lock', 42.34, 1);
INSERT INTO Part (VIN, order_number, vendor_part_number, status, description, unit_price, quantity) VALUES ('4B5O8UZKPBZ854920', '4B5O8UZKPBZ854920-001', 'DE-EAEESS0053', 'installed', 'Battery', 21.3, 1);
INSERT INTO Part (VIN, order_number, vendor_part_number, status, description, unit_price, quantity) VALUES ('4B5O8UZKPBZ854920', '4B5O8UZKPBZ854920-001', 'DE-EAEM0145', 'installed', 'Remote lock', 44.24, 1);
INSERT INTO Part (VIN, order_number, vendor_part_number, status, description, unit_price, quantity) VALUES ('4B5O8UZKPBZ854920', '4B5O8UZKPBZ854920-001', 'DE-PACBS0165', 'installed', 'Adjusting mechanism', 58.45, 1);
INSERT INTO Part (VIN, order_number, vendor_part_number, status, description, unit_price, quantity) VALUES ('5QPBC4N5SPV612486', '5QPBC4N5SPV612486-003', 'DE-BAED0026', 'received', 'Door control module', 100.53, 1);
INSERT INTO Part (VIN, order_number, vendor_part_number, status, description, unit_price, quantity) VALUES ('5QPBC4N5SPV612486', '5QPBC4N5SPV612486-003', 'DE-EAEM0144', 'installed', 'Relay connector', 105.33, 1);
INSERT INTO Part (VIN, order_number, vendor_part_number, status, description, unit_price, quantity) VALUES ('60RPWRGZXAL689666', '60RPWRGZXAL689666-001', 'DE-EAEM0147', 'ordered', 'Speed controller', 3.59, 1);
INSERT INTO Part (VIN, order_number, vendor_part_number, status, description, unit_price, quantity) VALUES ('60RPWRGZXAL689666', '60RPWRGZXAL689666-002', 'DE-EAEGAM0064', 'installed', 'Dynamometer', 8.17, 1);
INSERT INTO Part (VIN, order_number, vendor_part_number, status, description, unit_price, quantity) VALUES ('60RPWRGZXAL689666', '60RPWRGZXAL689666-002', 'DE-EAEIS0081', 'ordered', 'Ignition controller', 62.32, 1);
INSERT INTO Part (VIN, order_number, vendor_part_number, status, description, unit_price, quantity) VALUES ('60RPWRGZXAL689666', '60RPWRGZXAL689666-002', 'DE-EAES0125', 'installed', 'Switch panel', 47.9, 2);
INSERT INTO Part (VIN, order_number, vendor_part_number, status, description, unit_price, quantity) VALUES ('60RPWRGZXAL689666', '60RPWRGZXAL689666-002', 'DE-EAES0127', 'ordered', 'Frame Switch', 89.08, 1);
INSERT INTO Part (VIN, order_number, vendor_part_number, status, description, unit_price, quantity) VALUES ('6O3JWO1Q4FP773157', '6O3JWO1Q4FP773157-002', 'DE-EAEESS0056', 'installed', 'Battery cable terminal', 98.96, 1);
INSERT INTO Part (VIN, order_number, vendor_part_number, status, description, unit_price, quantity) VALUES ('6O3JWO1Q4FP773157', '6O3JWO1Q4FP773157-002', 'DE-EAEM0148', 'installed', 'Speedometer calibrator', 370.95, 1);
INSERT INTO Part (VIN, order_number, vendor_part_number, status, description, unit_price, quantity) VALUES ('6O3JWO1Q4FP773157', '6O3JWO1Q4FP773157-002', 'DE-ICS0158', 'installed', 'Headrest', 418.08, 2);
INSERT INTO Part (VIN, order_number, vendor_part_number, status, description, unit_price, quantity) VALUES ('77YSCOERITP460658', '77YSCOERITP460658-001', 'DE-EAELASS0088', 'ordered', 'Interior light and lamp', 189.46, 1);
INSERT INTO Part (VIN, order_number, vendor_part_number, status, description, unit_price, quantity) VALUES ('77YSCOERITP460658', '77YSCOERITP460658-001', 'DE-PACBS0188', 'received', 'Dual circuit brake system', 92.16, 1);
INSERT INTO Part (VIN, order_number, vendor_part_number, status, description, unit_price, quantity) VALUES ('7L2HF63NS64790085', '7L2HF63NS64790085-001', 'DE-BAEW0037', 'ordered', 'Window regulator', 30.92, 3);
INSERT INTO Part (VIN, order_number, vendor_part_number, status, description, unit_price, quantity) VALUES ('7L2HF63NS64790085', '7L2HF63NS64790085-001', 'DE-EAEIS0082', 'received', 'Magneto', 30.01, 1);
INSERT INTO Part (VIN, order_number, vendor_part_number, status, description, unit_price, quantity) VALUES ('7L2HF63NS64790085', '7L2HF63NS64790085-001', 'DE-PACBS0182', 'installed', 'Brake lining', 58.08, 3);
INSERT INTO Part (VIN, order_number, vendor_part_number, status, description, unit_price, quantity) VALUES ('7NZJI4NR80U192007', '7NZJI4NR80U192007-001', 'DE-EAEGAM0064', 'ordered', 'Dynamometer', 61.07, 3);
INSERT INTO Part (VIN, order_number, vendor_part_number, status, description, unit_price, quantity) VALUES ('7NZJI4NR80U192007', '7NZJI4NR80U192007-001', 'DE-EAEM0132', 'ordered', 'Air bag control module', 65.62, 1);
INSERT INTO Part (VIN, order_number, vendor_part_number, status, description, unit_price, quantity) VALUES ('A35CVWAPCGY561956', 'A35CVWAPCGY561956-004', 'DE-EAECS0049', 'installed', 'Alternator bearing', 30.97, 1);
INSERT INTO Part (VIN, order_number, vendor_part_number, status, description, unit_price, quantity) VALUES ('A35CVWAPCGY561956', 'A35CVWAPCGY561956-004', 'DE-PACBS0177', 'installed', 'Brake pump', 3.67, 1);
INSERT INTO Part (VIN, order_number, vendor_part_number, status, description, unit_price, quantity) VALUES ('AUP647YMZFB601236', 'AUP647YMZFB601236-002', 'DE-BAE0021', 'ordered', 'Valance', 60.06, 1);
INSERT INTO Part (VIN, order_number, vendor_part_number, status, description, unit_price, quantity) VALUES ('AUP647YMZFB601236', 'AUP647YMZFB601236-002', 'DE-BAED0024', 'received', 'Outer door handle', 58.99, 1);
INSERT INTO Part (VIN, order_number, vendor_part_number, status, description, unit_price, quantity) VALUES ('AUP647YMZFB601236', 'AUP647YMZFB601236-002', 'DE-EAES0096', 'ordered', 'Crankshaft position sensor', 49.87, 1);
INSERT INTO Part (VIN, order_number, vendor_part_number, status, description, unit_price, quantity) VALUES ('FBQBTRRHZVG159504', 'FBQBTRRHZVG159504-003', 'DE-EAEM0138', 'installed', 'Engine computer and management system', 24.25, 2);
INSERT INTO Part (VIN, order_number, vendor_part_number, status, description, unit_price, quantity) VALUES ('FBQBTRRHZVG159504', 'FBQBTRRHZVG159504-003', 'DE-EAES0097', 'installed', 'Engine sensor', 6.53, 1);
INSERT INTO Part (VIN, order_number, vendor_part_number, status, description, unit_price, quantity) VALUES ('FBQBTRRHZVG159504', 'FBQBTRRHZVG159504-003', 'DE-EAEWH0129', 'installed', 'Engine compartment harness', 22.48, 4);
INSERT INTO Part (VIN, order_number, vendor_part_number, status, description, unit_price, quantity) VALUES ('FBQBTRRHZVG159504', 'FBQBTRRHZVG159504-003', 'DE-PACBS0171', 'installed', 'Brake disc', 86.32, 1);
INSERT INTO Part (VIN, order_number, vendor_part_number, status, description, unit_price, quantity) VALUES ('FC6FEI1DRRR729956', 'FC6FEI1DRRR729956-001', 'DE-BAED0028', 'installed', 'Door watershield', 75.11, 1);
INSERT INTO Part (VIN, order_number, vendor_part_number, status, description, unit_price, quantity) VALUES ('FC6FEI1DRRR729956', 'FC6FEI1DRRR729956-001', 'DE-EAEESS0059', 'installed', 'Battery plate', 105.83, 4);
INSERT INTO Part (VIN, order_number, vendor_part_number, status, description, unit_price, quantity) VALUES ('FC6FEI1DRRR729956', 'FC6FEI1DRRR729956-001', 'DE-IFCAP0152', 'installed', 'Center console', 45.05, 1);
INSERT INTO Part (VIN, order_number, vendor_part_number, status, description, unit_price, quantity) VALUES ('GTBYGLSYL1E755778', 'GTBYGLSYL1E755778-001', 'DE-EAECS0050', 'installed', 'Alternator bracket', 18.3, 2);
INSERT INTO Part (VIN, order_number, vendor_part_number, status, description, unit_price, quantity) VALUES ('HD1EA820DKW043837', 'HD1EA820DKW043837-001', 'DE-EAEAD0041', 'installed', 'Antenna assembly', 58.94, 1);
INSERT INTO Part (VIN, order_number, vendor_part_number, status, description, unit_price, quantity) VALUES ('HD1EA820DKW043837', 'HD1EA820DKW043837-001', 'DE-EAECS0052', 'received', 'Other alternator parts', 244.2, 1);
INSERT INTO Part (VIN, order_number, vendor_part_number, status, description, unit_price, quantity) VALUES ('HD1EA820DKW043837', 'HD1EA820DKW043837-001', 'DE-EAEESS0055', 'ordered', 'Battery box', 198.13, 1);
INSERT INTO Part (VIN, order_number, vendor_part_number, status, description, unit_price, quantity) VALUES ('HSJNIY2UV32447249', 'HSJNIY2UV32447249-003', 'DE-ICS0156', 'installed', 'Children and baby car seat', 272.2, 1);
INSERT INTO Part (VIN, order_number, vendor_part_number, status, description, unit_price, quantity) VALUES ('HSJNIY2UV32447249', 'HSJNIY2UV32447249-003', 'DE-PACBS0168', 'installed', 'Brake backing plate', 3.84, 4);
INSERT INTO Part (VIN, order_number, vendor_part_number, status, description, unit_price, quantity) VALUES ('KLE3XPYFTO6494665', 'KLE3XPYFTO6494665-001', 'DE-EAEAD0046', 'ordered', 'Tuner', 9.64, 3);
INSERT INTO Part (VIN, order_number, vendor_part_number, status, description, unit_price, quantity) VALUES ('KLE3XPYFTO6494665', 'KLE3XPYFTO6494665-001', 'DE-ICS0160', 'received', 'Seat bracket', 30.76, 1);
INSERT INTO Part (VIN, order_number, vendor_part_number, status, description, unit_price, quantity) VALUES ('LEDF5CRGFJL596318', 'LEDF5CRGFJL596318-001', 'DE-EAECS0049', 'ordered', 'Alternator bearing', 79.03, 2);
INSERT INTO Part (VIN, order_number, vendor_part_number, status, description, unit_price, quantity) VALUES ('LEDF5CRGFJL596318', 'LEDF5CRGFJL596318-001', 'DE-EAELASS0092', 'installed', 'Tail light cover', 13.23, 2);
INSERT INTO Part (VIN, order_number, vendor_part_number, status, description, unit_price, quantity) VALUES ('LEDF5CRGFJL596318', 'LEDF5CRGFJL596318-001', 'DE-PACBS0168', 'installed', 'Brake backing plate', 10.36, 1);
INSERT INTO Part (VIN, order_number, vendor_part_number, status, description, unit_price, quantity) VALUES ('MD18NLSWMB4832949', 'MD18NLSWMB4832949-001', 'DE-EAEGAM0063', 'installed', 'Clinometer', 99.44, 1);
INSERT INTO Part (VIN, order_number, vendor_part_number, status, description, unit_price, quantity) VALUES ('N6N74WLAP33523834', 'N6N74WLAP33523834-001', 'DE-BAE0013', 'installed', 'Radiator core support', 20.11, 2);
INSERT INTO Part (VIN, order_number, vendor_part_number, status, description, unit_price, quantity) VALUES ('N6N74WLAP33523834', 'N6N74WLAP33523834-001', 'DE-PACBS0182', 'installed', 'Brake lining', 71.58, 3);
INSERT INTO Part (VIN, order_number, vendor_part_number, status, description, unit_price, quantity) VALUES ('PPL8CACMUCW104005', 'PPL8CACMUCW104005-002', 'DE-BAE0004', 'received', 'Cowl screen', 111.08, 2);
INSERT INTO Part (VIN, order_number, vendor_part_number, status, description, unit_price, quantity) VALUES ('PPL8CACMUCW104005', 'PPL8CACMUCW104005-002', 'DE-EAEGAM0063', 'received', 'Clinometer', 105.08, 1);
INSERT INTO Part (VIN, order_number, vendor_part_number, status, description, unit_price, quantity) VALUES ('PPL8CACMUCW104005', 'PPL8CACMUCW104005-002', 'DE-EAEGAM0067', 'received', 'Odometer', 205.17, 1);
INSERT INTO Part (VIN, order_number, vendor_part_number, status, description, unit_price, quantity) VALUES ('Q2P2LK1ILHI808826', 'Q2P2LK1ILHI808826-001', 'DE-EAEM0142', 'installed', 'Performance chip', 47.62, 1);
INSERT INTO Part (VIN, order_number, vendor_part_number, status, description, unit_price, quantity) VALUES ('Q2P2LK1ILHI808826', 'Q2P2LK1ILHI808826-001', 'DE-EAESS0118', 'installed', 'Starter solenoid', 6.94, 1);
INSERT INTO Part (VIN, order_number, vendor_part_number, status, description, unit_price, quantity) VALUES ('SDRDJVHRDEY589102', 'SDRDJVHRDEY589102-002', 'DE-EAES0103', 'ordered', 'Power-steering pressure sensor', 47.11, 1);
INSERT INTO Part (VIN, order_number, vendor_part_number, status, description, unit_price, quantity) VALUES ('T4ZU00SL0FM541576', 'T4ZU00SL0FM541576-002', 'DE-BAE0006', 'installed', 'Fascia rear and support', 105.99, 1);
INSERT INTO Part (VIN, order_number, vendor_part_number, status, description, unit_price, quantity) VALUES ('T4ZU00SL0FM541576', 'T4ZU00SL0FM541576-002', 'DE-EAEIS0080', 'installed', 'Ignition coil parts', 25.83, 1);
INSERT INTO Part (VIN, order_number, vendor_part_number, status, description, unit_price, quantity) VALUES ('T4ZU00SL0FM541576', 'T4ZU00SL0FM541576-002', 'DE-EAEM0132', 'installed', 'Air bag control module', 48.94, 1);
INSERT INTO Part (VIN, order_number, vendor_part_number, status, description, unit_price, quantity) VALUES ('U73PMGHR3NU905301', 'U73PMGHR3NU905301-005', 'DE-BAE0013', 'installed', 'Radiator core support', 36.24, 1);
INSERT INTO Part (VIN, order_number, vendor_part_number, status, description, unit_price, quantity) VALUES ('U73PMGHR3NU905301', 'U73PMGHR3NU905301-005', 'DE-EAEIS0075', 'installed', 'Coil wire', 46.22, 1);
INSERT INTO Part (VIN, order_number, vendor_part_number, status, description, unit_price, quantity) VALUES ('UHNJLMAYL3Z014146', 'UHNJLMAYL3Z014146-001', 'DE-EAEIS0076', 'installed', 'Distributor', 203.43, 1);
INSERT INTO Part (VIN, order_number, vendor_part_number, status, description, unit_price, quantity) VALUES ('US6XUXEBB7J677669', 'US6XUXEBB7J677669-004', 'DE-EAES0095', 'ordered', 'Camshaft position sensor', 160.08, 1);
INSERT INTO Part (VIN, order_number, vendor_part_number, status, description, unit_price, quantity) VALUES ('US6XUXEBB7J677669', 'US6XUXEBB7J677669-004', 'DE-EAES0099', 'received', 'Knock sensor', 137.41, 1);
INSERT INTO Part (VIN, order_number, vendor_part_number, status, description, unit_price, quantity) VALUES ('US6XUXEBB7J677669', 'US6XUXEBB7J677669-004', 'DE-PACBS0197', 'installed', 'Metering valve', 35.48, 1);
INSERT INTO Part (VIN, order_number, vendor_part_number, status, description, unit_price, quantity) VALUES ('US6XUXEBB7J677669', 'US6XUXEBB7J677669-004', 'DE-PACBS0198', 'ordered', 'Other braking system parts', 212.4, 1);
INSERT INTO Part (VIN, order_number, vendor_part_number, status, description, unit_price, quantity) VALUES ('USQTBTRES6C396411', 'USQTBTRES6C396411-001', 'DE-EAELASS0092', 'ordered', 'Tail light cover', 50.03, 1);
INSERT INTO Part (VIN, order_number, vendor_part_number, status, description, unit_price, quantity) VALUES ('USQTBTRES6C396411', 'USQTBTRES6C396411-001', 'DE-EAES0100', 'ordered', 'Light sensor', 65.16, 1);
INSERT INTO Part (VIN, order_number, vendor_part_number, status, description, unit_price, quantity) VALUES ('USQTBTRES6C396411', 'USQTBTRES6C396411-001', 'DE-ICS0154', 'installed', 'Bench Seat', 77.07, 1);
INSERT INTO Part (VIN, order_number, vendor_part_number, status, description, unit_price, quantity) VALUES ('V1NVZM13MTZ321642', 'V1NVZM13MTZ321642-001', 'DE-EAES0110', 'installed', 'TDC sensor', 0.58, 1);
INSERT INTO Part (VIN, order_number, vendor_part_number, status, description, unit_price, quantity) VALUES ('VMHK0HNQTW3691881', 'VMHK0HNQTW3691881-001', 'DE-EAEM0148', 'received', 'Speedometer calibrator', 165.32, 1);
INSERT INTO Part (VIN, order_number, vendor_part_number, status, description, unit_price, quantity) VALUES ('VMHK0HNQTW3691881', 'VMHK0HNQTW3691881-001', 'DE-PACBS0163', 'received', 'Anti-lock braking system', 140.2, 1);
INSERT INTO Part (VIN, order_number, vendor_part_number, status, description, unit_price, quantity) VALUES ('VMHK0HNQTW3691881', 'VMHK0HNQTW3691881-001', 'DE-PACBS0184', 'installed', 'Brake warning light', 207.07, 1);
INSERT INTO Part (VIN, order_number, vendor_part_number, status, description, unit_price, quantity) VALUES ('W2TZ8TM4KYP471843', 'W2TZ8TM4KYP471843-001', 'DE-EAEM0132', 'installed', 'Air bag control module', 199.48, 3);
INSERT INTO Part (VIN, order_number, vendor_part_number, status, description, unit_price, quantity) VALUES ('W2TZ8TM4KYP471843', 'W2TZ8TM4KYP471843-001', 'DE-EAES0124', 'installed', 'Switch cover', 197.44, 1);
INSERT INTO Part (VIN, order_number, vendor_part_number, status, description, unit_price, quantity) VALUES ('2J8FN6TAGEZ924085', '2J8FN6TAGEZ924085-005', 'GN-BAED0024', 'ordered', 'Outer door handle', 36.6, 1);
INSERT INTO Part (VIN, order_number, vendor_part_number, status, description, unit_price, quantity) VALUES ('2J8FN6TAGEZ924085', '2J8FN6TAGEZ924085-005', 'GN-EAES0110', 'received', 'TDC sensor', 52.41, 1);
INSERT INTO Part (VIN, order_number, vendor_part_number, status, description, unit_price, quantity) VALUES ('3NO8BO4OGTL807840', '3NO8BO4OGTL807840-003', 'GN-EAECS0051', 'ordered', 'Alternator fan', 264.11, 1);
INSERT INTO Part (VIN, order_number, vendor_part_number, status, description, unit_price, quantity) VALUES ('3NO8BO4OGTL807840', '3NO8BO4OGTL807840-003', 'GN-EAES0098', 'received', 'Fuel level sensor', 207.64, 1);
INSERT INTO Part (VIN, order_number, vendor_part_number, status, description, unit_price, quantity) VALUES ('41DPYVQZCO3181476', '41DPYVQZCO3181476-001', 'GN-EAELASS0084', 'installed', 'Fog Light', 4.54, 1);
INSERT INTO Part (VIN, order_number, vendor_part_number, status, description, unit_price, quantity) VALUES ('41DPYVQZCO3181476', '41DPYVQZCO3181476-001', 'GN-EAEM0148', 'installed', 'Speedometer calibrator', 176.23, 1);
INSERT INTO Part (VIN, order_number, vendor_part_number, status, description, unit_price, quantity) VALUES ('41DPYVQZCO3181476', '41DPYVQZCO3181476-001', 'GN-PACBS0197', 'installed', 'Metering valve', 251.63, 1);
INSERT INTO Part (VIN, order_number, vendor_part_number, status, description, unit_price, quantity) VALUES ('42JDWI0F3D2375784', '42JDWI0F3D2375784-002', 'GN-BAE0011', 'installed', 'Pillar and hard trim', 178.13, 1);
INSERT INTO Part (VIN, order_number, vendor_part_number, status, description, unit_price, quantity) VALUES ('42JDWI0F3D2375784', '42JDWI0F3D2375784-002', 'GN-ICS0160', 'installed', 'Seat bracket', 177.52, 4);
INSERT INTO Part (VIN, order_number, vendor_part_number, status, description, unit_price, quantity) VALUES ('42JDWI0F3D2375784', '42JDWI0F3D2375784-002', 'GN-IFCAP0152', 'installed', 'Center console', 68.65, 1);
INSERT INTO Part (VIN, order_number, vendor_part_number, status, description, unit_price, quantity) VALUES ('42JDWI0F3D2375784', '42JDWI0F3D2375784-002', 'GN-PACBS0170', 'installed', 'Brake cooling duct', 276.59, 1);
INSERT INTO Part (VIN, order_number, vendor_part_number, status, description, unit_price, quantity) VALUES ('5QPBC4N5SPV612486', '5QPBC4N5SPV612486-002', 'GN-BAE0018', 'ordered', 'Rear spoiler', 73.62, 2);
INSERT INTO Part (VIN, order_number, vendor_part_number, status, description, unit_price, quantity) VALUES ('5QPBC4N5SPV612486', '5QPBC4N5SPV612486-002', 'GN-BAEW0036', 'installed', 'Window motor', 67.66, 1);
INSERT INTO Part (VIN, order_number, vendor_part_number, status, description, unit_price, quantity) VALUES ('5QPBC4N5SPV612486', '5QPBC4N5SPV612486-002', 'GN-EAEESS0053', 'received', 'Battery', 116.28, 1);
INSERT INTO Part (VIN, order_number, vendor_part_number, status, description, unit_price, quantity) VALUES ('5QPBC4N5SPV612486', '5QPBC4N5SPV612486-002', 'GN-PACBS0178', 'received', 'Brake roll', 14.66, 1);
INSERT INTO Part (VIN, order_number, vendor_part_number, status, description, unit_price, quantity) VALUES ('5RLTD3PDG7P142502', '5RLTD3PDG7P142502-002', 'GN-BAE0002', 'received', 'Unexposed bumper', 119.57, 1);
INSERT INTO Part (VIN, order_number, vendor_part_number, status, description, unit_price, quantity) VALUES ('7JA8DZH7CN4199183', '7JA8DZH7CN4199183-002', 'GN-BAEW0040', 'received', 'Window seal', 117.2, 4);
INSERT INTO Part (VIN, order_number, vendor_part_number, status, description, unit_price, quantity) VALUES ('7JA8DZH7CN4199183', '7JA8DZH7CN4199183-002', 'GN-EAEGAM0066', 'ordered', 'Hydrometer', 162.56, 1);
INSERT INTO Part (VIN, order_number, vendor_part_number, status, description, unit_price, quantity) VALUES ('7JA8DZH7CN4199183', '7JA8DZH7CN4199183-002', 'GN-EAEM0144', 'received', 'Relay connector', 139.71, 1);
INSERT INTO Part (VIN, order_number, vendor_part_number, status, description, unit_price, quantity) VALUES ('7JA8DZH7CN4199183', '7JA8DZH7CN4199183-002', 'GN-EAEM0145', 'received', 'Remote lock', 66.36, 1);
INSERT INTO Part (VIN, order_number, vendor_part_number, status, description, unit_price, quantity) VALUES ('A35CVWAPCGY561956', 'A35CVWAPCGY561956-006', 'GN-EAEM0146', 'installed', 'Shift improver', 37.96, 1);
INSERT INTO Part (VIN, order_number, vendor_part_number, status, description, unit_price, quantity) VALUES ('A46MVF2CB4I965254', 'A46MVF2CB4I965254-002', 'GN-EAEGAM0070', 'ordered', 'Temperature gauge', 162.38, 1);
INSERT INTO Part (VIN, order_number, vendor_part_number, status, description, unit_price, quantity) VALUES ('AE23FNQ4ECZ859800', 'AE23FNQ4ECZ859800-002', 'GN-BAE0005', 'ordered', 'Decklid', 90.27, 1);
INSERT INTO Part (VIN, order_number, vendor_part_number, status, description, unit_price, quantity) VALUES ('AE23FNQ4ECZ859800', 'AE23FNQ4ECZ859800-002', 'GN-EAEAD0045', 'installed', 'Speaker', 83.64, 1);
INSERT INTO Part (VIN, order_number, vendor_part_number, status, description, unit_price, quantity) VALUES ('AE23FNQ4ECZ859800', 'AE23FNQ4ECZ859800-002', 'GN-EAEESS0061', 'ordered', 'Voltage regulator', 10.14, 1);
INSERT INTO Part (VIN, order_number, vendor_part_number, status, description, unit_price, quantity) VALUES ('AE23FNQ4ECZ859800', 'AE23FNQ4ECZ859800-002', 'GN-EAES0112', 'ordered', 'IMA sensor', 49.97, 1);
INSERT INTO Part (VIN, order_number, vendor_part_number, status, description, unit_price, quantity) VALUES ('AG15D1BT811693167', 'AG15D1BT811693167-002', 'GN-BAED0027', 'installed', 'Door seal', 131.29, 1);
INSERT INTO Part (VIN, order_number, vendor_part_number, status, description, unit_price, quantity) VALUES ('AG15D1BT811693167', 'AG15D1BT811693167-002', 'GN-BAEW0036', 'installed', 'Window motor', 29.41, 1);
INSERT INTO Part (VIN, order_number, vendor_part_number, status, description, unit_price, quantity) VALUES ('AG15D1BT811693167', 'AG15D1BT811693167-002', 'GN-EAEM0148', 'installed', 'Speedometer calibrator', 106.32, 1);
INSERT INTO Part (VIN, order_number, vendor_part_number, status, description, unit_price, quantity) VALUES ('AG15D1BT811693167', 'AG15D1BT811693167-002', 'GN-PACBS0176', 'installed', 'Brake piston', 6.7, 2);
INSERT INTO Part (VIN, order_number, vendor_part_number, status, description, unit_price, quantity) VALUES ('CN2YIBCUFSQ512071', 'CN2YIBCUFSQ512071-004', 'GN-BAE0001', 'installed', 'Bumper', 110.97, 1);
INSERT INTO Part (VIN, order_number, vendor_part_number, status, description, unit_price, quantity) VALUES ('CN2YIBCUFSQ512071', 'CN2YIBCUFSQ512071-004', 'GN-EAEGAM0062', 'installed', 'Ammeter', 226.64, 1);
INSERT INTO Part (VIN, order_number, vendor_part_number, status, description, unit_price, quantity) VALUES ('CN2YIBCUFSQ512071', 'CN2YIBCUFSQ512071-004', 'GN-EAEGAM0074', 'installed', 'Water temperature meter', 192.15, 1);
INSERT INTO Part (VIN, order_number, vendor_part_number, status, description, unit_price, quantity) VALUES ('CN2YIBCUFSQ512071', 'CN2YIBCUFSQ512071-004', 'GN-EAEWH0128', 'installed', 'Air conditioning harness', 184.08, 4);
INSERT INTO Part (VIN, order_number, vendor_part_number, status, description, unit_price, quantity) VALUES ('CTHLSVQRDHK945534', 'CTHLSVQRDHK945534-005', 'GN-BAED0030', 'installed', 'Door and bonnet', 163.14, 1);
INSERT INTO Part (VIN, order_number, vendor_part_number, status, description, unit_price, quantity) VALUES ('GHMZYD6YMKB413330', 'GHMZYD6YMKB413330-001', 'GN-BAE0000', 'ordered', 'Bonnet/hood', 74.59, 1);
INSERT INTO Part (VIN, order_number, vendor_part_number, status, description, unit_price, quantity) VALUES ('GHMZYD6YMKB413330', 'GHMZYD6YMKB413330-001', 'GN-EAEGAM0070', 'installed', 'Temperature gauge', 74.07, 1);
INSERT INTO Part (VIN, order_number, vendor_part_number, status, description, unit_price, quantity) VALUES ('GHMZYD6YMKB413330', 'GHMZYD6YMKB413330-001', 'GN-ICS0161', 'ordered', 'Seat cover', 35.88, 1);
INSERT INTO Part (VIN, order_number, vendor_part_number, status, description, unit_price, quantity) VALUES ('GJWDBBORYJD234673', 'GJWDBBORYJD234673-002', 'GN-BAE0007', 'installed', 'Fender Musical Instruments Corporation', 24.85, 1);
INSERT INTO Part (VIN, order_number, vendor_part_number, status, description, unit_price, quantity) VALUES ('GJWDBBORYJD234673', 'GJWDBBORYJD234673-002', 'GN-EAEESS0054', 'installed', 'Performance battery', 232.79, 1);
INSERT INTO Part (VIN, order_number, vendor_part_number, status, description, unit_price, quantity) VALUES ('GJWDBBORYJD234673', 'GJWDBBORYJD234673-002', 'GN-EAEGAM0062', 'installed', 'Ammeter', 213.98, 1);
INSERT INTO Part (VIN, order_number, vendor_part_number, status, description, unit_price, quantity) VALUES ('H3NLVG1FUZX147919', 'H3NLVG1FUZX147919-001', 'GN-PACBS0173', 'installed', 'Brake line', 187.39, 1);
INSERT INTO Part (VIN, order_number, vendor_part_number, status, description, unit_price, quantity) VALUES ('H3NLVG1FUZX147919', 'H3NLVG1FUZX147919-001', 'GN-PACBS0196', 'installed', 'Master Cylinder', 273.45, 2);
INSERT INTO Part (VIN, order_number, vendor_part_number, status, description, unit_price, quantity) VALUES ('HSJNIY2UV32447249', 'HSJNIY2UV32447249-002', 'GN-EAES0121', 'installed', 'Ignition Switch', 155.38, 1);
INSERT INTO Part (VIN, order_number, vendor_part_number, status, description, unit_price, quantity) VALUES ('JCDM7P6FYYP189674', 'JCDM7P6FYYP189674-003', 'GN-BAE0015', 'received', 'Roof Rack', 39.96, 1);
INSERT INTO Part (VIN, order_number, vendor_part_number, status, description, unit_price, quantity) VALUES ('JCDM7P6FYYP189674', 'JCDM7P6FYYP189674-003', 'GN-BAE0019', 'ordered', 'Trim package', 62.62, 1);
INSERT INTO Part (VIN, order_number, vendor_part_number, status, description, unit_price, quantity) VALUES ('JCDM7P6FYYP189674', 'JCDM7P6FYYP189674-003', 'GN-EAES0096', 'installed', 'Crankshaft position sensor', 59.76, 1);
INSERT INTO Part (VIN, order_number, vendor_part_number, status, description, unit_price, quantity) VALUES ('JCDM7P6FYYP189674', 'JCDM7P6FYYP189674-003', 'GN-PACBS0182', 'ordered', 'Brake lining', 49.62, 1);
INSERT INTO Part (VIN, order_number, vendor_part_number, status, description, unit_price, quantity) VALUES ('KZ0SACUMQTT627927', 'KZ0SACUMQTT627927-005', 'GN-EAEGAM0065', 'installed', 'Fuel gauge', 109.28, 1);
INSERT INTO Part (VIN, order_number, vendor_part_number, status, description, unit_price, quantity) VALUES ('LLUBKYOAHHE880633', 'LLUBKYOAHHE880633-002', 'GN-BAED0027', 'received', 'Door seal', 19.03, 1);
INSERT INTO Part (VIN, order_number, vendor_part_number, status, description, unit_price, quantity) VALUES ('LLUBKYOAHHE880633', 'LLUBKYOAHHE880633-002', 'GN-EAEGAM0064', 'received', 'Dynamometer', 74.98, 1);
INSERT INTO Part (VIN, order_number, vendor_part_number, status, description, unit_price, quantity) VALUES ('LLUBKYOAHHE880633', 'LLUBKYOAHHE880633-002', 'GN-EAES0097', 'ordered', 'Engine sensor', 65.69, 1);
INSERT INTO Part (VIN, order_number, vendor_part_number, status, description, unit_price, quantity) VALUES ('M0LLCXP5H7J310101', 'M0LLCXP5H7J310101-001', 'GN-BAE0021', 'installed', 'Valance', 26.74, 2);
INSERT INTO Part (VIN, order_number, vendor_part_number, status, description, unit_price, quantity) VALUES ('M0LLCXP5H7J310101', 'M0LLCXP5H7J310101-001', 'GN-EAES0106', 'installed', 'Rotational sensor', 59.7, 4);
INSERT INTO Part (VIN, order_number, vendor_part_number, status, description, unit_price, quantity) VALUES ('M0LLCXP5H7J310101', 'M0LLCXP5H7J310101-001', 'GN-EAES0127', 'installed', 'Frame Switch', 45.35, 1);
INSERT INTO Part (VIN, order_number, vendor_part_number, status, description, unit_price, quantity) VALUES ('M1HFENPSVSL450248', 'M1HFENPSVSL450248-002', 'GN-EAECS0048', 'installed', 'Alternator', 280.99, 2);
INSERT INTO Part (VIN, order_number, vendor_part_number, status, description, unit_price, quantity) VALUES ('M1HFENPSVSL450248', 'M1HFENPSVSL450248-002', 'GN-EAES0113', 'installed', 'Oil level sensor', 175.12, 1);
INSERT INTO Part (VIN, order_number, vendor_part_number, status, description, unit_price, quantity) VALUES ('M1HFENPSVSL450248', 'M1HFENPSVSL450248-002', 'GN-PACBS0181', 'installed', 'Brake shoe', 153.52, 1);
INSERT INTO Part (VIN, order_number, vendor_part_number, status, description, unit_price, quantity) VALUES ('M1VVHWPORQR461359', 'M1VVHWPORQR461359-001', 'GN-BAE0003', 'installed', 'Exposed bumper', 345.24, 1);
INSERT INTO Part (VIN, order_number, vendor_part_number, status, description, unit_price, quantity) VALUES ('MD18NLSWMB4832949', 'MD18NLSWMB4832949-003', 'GN-EAEIS0076', 'installed', 'Distributor', 26.26, 4);
INSERT INTO Part (VIN, order_number, vendor_part_number, status, description, unit_price, quantity) VALUES ('MD18NLSWMB4832949', 'MD18NLSWMB4832949-003', 'GN-PACBS0172', 'installed', 'Brake drum', 4.01, 2);
INSERT INTO Part (VIN, order_number, vendor_part_number, status, description, unit_price, quantity) VALUES ('MD18NLSWMB4832949', 'MD18NLSWMB4832949-003', 'GN-PACBS0189', 'installed', 'Hold-down springs', 89.06, 1);
INSERT INTO Part (VIN, order_number, vendor_part_number, status, description, unit_price, quantity) VALUES ('NEWE3K53GY7625960', 'NEWE3K53GY7625960-003', 'GN-EAEIS0082', 'installed', 'Magneto', 14.16, 1);
INSERT INTO Part (VIN, order_number, vendor_part_number, status, description, unit_price, quantity) VALUES ('NEWE3K53GY7625960', 'NEWE3K53GY7625960-003', 'GN-ICS0156', 'received', 'Children and baby car seat', 2.85, 1);
INSERT INTO Part (VIN, order_number, vendor_part_number, status, description, unit_price, quantity) VALUES ('NEWE3K53GY7625960', 'NEWE3K53GY7625960-003', 'GN-PACBS0185', 'installed', 'Calibrated friction brake', 53.12, 1);
INSERT INTO Part (VIN, order_number, vendor_part_number, status, description, unit_price, quantity) VALUES ('OQ11DGF6RTF163062', 'OQ11DGF6RTF163062-001', 'GN-EAELASS0084', 'ordered', 'Fog Light', 44.04, 1);
INSERT INTO Part (VIN, order_number, vendor_part_number, status, description, unit_price, quantity) VALUES ('OQ11DGF6RTF163062', 'OQ11DGF6RTF163062-001', 'GN-EAEM0137', 'installed', 'Door contact', 17.85, 1);
INSERT INTO Part (VIN, order_number, vendor_part_number, status, description, unit_price, quantity) VALUES ('PBESRWYTH82112725', 'PBESRWYTH82112725-003', 'GN-BAED0029', 'installed', 'Hinge', 66.93, 4);
INSERT INTO Part (VIN, order_number, vendor_part_number, status, description, unit_price, quantity) VALUES ('PBESRWYTH82112725', 'PBESRWYTH82112725-003', 'GN-EAEGAM0062', 'installed', 'Ammeter', 42.95, 1);
INSERT INTO Part (VIN, order_number, vendor_part_number, status, description, unit_price, quantity) VALUES ('PBESRWYTH82112725', 'PBESRWYTH82112725-003', 'GN-EAELASS0090', 'installed', 'Side lighting', 45.04, 1);
INSERT INTO Part (VIN, order_number, vendor_part_number, status, description, unit_price, quantity) VALUES ('QRDJE8YRD8U529603', 'QRDJE8YRD8U529603-001', 'GN-BAEW0040', 'installed', 'Window seal', 372.73, 1);
INSERT INTO Part (VIN, order_number, vendor_part_number, status, description, unit_price, quantity) VALUES ('QRDJE8YRD8U529603', 'QRDJE8YRD8U529603-001', 'GN-EAEIS0078', 'installed', 'Ignition box', 78.02, 1);
INSERT INTO Part (VIN, order_number, vendor_part_number, status, description, unit_price, quantity) VALUES ('RBSQUJWFZ4A708786', 'RBSQUJWFZ4A708786-001', 'GN-EAES0100', 'installed', 'Light sensor', 28.87, 3);
INSERT INTO Part (VIN, order_number, vendor_part_number, status, description, unit_price, quantity) VALUES ('RBSQUJWFZ4A708786', 'RBSQUJWFZ4A708786-001', 'GN-IFCAP0152', 'installed', 'Center console', 60.0, 4);
INSERT INTO Part (VIN, order_number, vendor_part_number, status, description, unit_price, quantity) VALUES ('RBSQUJWFZ4A708786', 'RBSQUJWFZ4A708786-001', 'GN-PACBS0172', 'installed', 'Brake drum', 67.03, 1);
INSERT INTO Part (VIN, order_number, vendor_part_number, status, description, unit_price, quantity) VALUES ('RO4NPMLPRAU291778', 'RO4NPMLPRAU291778-001', 'GN-EAELASS0084', 'installed', 'Fog Light', 260.7, 1);
INSERT INTO Part (VIN, order_number, vendor_part_number, status, description, unit_price, quantity) VALUES ('RO4NPMLPRAU291778', 'RO4NPMLPRAU291778-001', 'GN-EAESS0115', 'installed', 'Starter', 73.61, 1);
INSERT INTO Part (VIN, order_number, vendor_part_number, status, description, unit_price, quantity) VALUES ('SJTYF7S2DOK527698', 'SJTYF7S2DOK527698-002', 'GN-EAES0109', 'installed', 'ABS brack sensor', 9.14, 1);
INSERT INTO Part (VIN, order_number, vendor_part_number, status, description, unit_price, quantity) VALUES ('SJTYF7S2DOK527698', 'SJTYF7S2DOK527698-005', 'GN-PACBS0166', 'ordered', 'Anchor', 158.25, 1);
INSERT INTO Part (VIN, order_number, vendor_part_number, status, description, unit_price, quantity) VALUES ('YVMVY2BZAR4435152', 'YVMVY2BZAR4435152-002', 'GN-BAED0024', 'installed', 'Outer door handle', 80.92, 4);
INSERT INTO Part (VIN, order_number, vendor_part_number, status, description, unit_price, quantity) VALUES ('YVMVY2BZAR4435152', 'YVMVY2BZAR4435152-002', 'GN-EAELASS0085', 'ordered', 'Halogen', 30.95, 1);
INSERT INTO Part (VIN, order_number, vendor_part_number, status, description, unit_price, quantity) VALUES ('YVMVY2BZAR4435152', 'YVMVY2BZAR4435152-002', 'GN-EAEWH0128', 'received', 'Air conditioning harness', 53.9, 1);
INSERT INTO Part (VIN, order_number, vendor_part_number, status, description, unit_price, quantity) VALUES ('0KSVK7T0HVD586286', '0KSVK7T0HVD586286-001', 'HI-ICS0154', 'received', 'Bench Seat', 25.84, 1);
INSERT INTO Part (VIN, order_number, vendor_part_number, status, description, unit_price, quantity) VALUES ('0KSVK7T0HVD586286', '0KSVK7T0HVD586286-001', 'HI-ICS0161', 'ordered', 'Seat cover', 66.59, 1);
INSERT INTO Part (VIN, order_number, vendor_part_number, status, description, unit_price, quantity) VALUES ('0KSVK7T0HVD586286', '0KSVK7T0HVD586286-001', 'HI-PACBS0167', 'received', 'Bleed nipple', 4.78, 1);
INSERT INTO Part (VIN, order_number, vendor_part_number, status, description, unit_price, quantity) VALUES ('0KSVK7T0HVD586286', '0KSVK7T0HVD586286-001', 'HI-PACBS0183', 'installed', 'Shoe web', 3.46, 1);
INSERT INTO Part (VIN, order_number, vendor_part_number, status, description, unit_price, quantity) VALUES ('0MRJ620G5FE640131', '0MRJ620G5FE640131-001', 'HI-BAE0000', 'received', 'Bonnet/hood', 7.73, 1);
INSERT INTO Part (VIN, order_number, vendor_part_number, status, description, unit_price, quantity) VALUES ('0MRJ620G5FE640131', '0MRJ620G5FE640131-001', 'HI-EAES0095', 'received', 'Camshaft position sensor', 13.07, 3);
INSERT INTO Part (VIN, order_number, vendor_part_number, status, description, unit_price, quantity) VALUES ('0MRJ620G5FE640131', '0MRJ620G5FE640131-001', 'HI-PACBS0191', 'ordered', 'Brake booster hose', 58.31, 1);
INSERT INTO Part (VIN, order_number, vendor_part_number, status, description, unit_price, quantity) VALUES ('0MRJ620G5FE640131', '0MRJ620G5FE640131-001', 'HI-PACBS0198', 'installed', 'Other braking system parts', 34.61, 1);
INSERT INTO Part (VIN, order_number, vendor_part_number, status, description, unit_price, quantity) VALUES ('2KJBD48273Y069356', '2KJBD48273Y069356-002', 'HI-EAES0104', 'installed', 'Pressure sensor', 216.78, 1);
INSERT INTO Part (VIN, order_number, vendor_part_number, status, description, unit_price, quantity) VALUES ('2KJBD48273Y069356', '2KJBD48273Y069356-002', 'HI-PACBS0191', 'installed', 'Brake booster hose', 91.27, 1);
INSERT INTO Part (VIN, order_number, vendor_part_number, status, description, unit_price, quantity) VALUES ('3NO8BO4OGTL807840', '3NO8BO4OGTL807840-002', 'HI-EAECS0051', 'received', 'Alternator fan', 246.3, 1);
INSERT INTO Part (VIN, order_number, vendor_part_number, status, description, unit_price, quantity) VALUES ('3NO8BO4OGTL807840', '3NO8BO4OGTL807840-002', 'HI-EAEESS0053', 'ordered', 'Battery', 19.72, 1);
INSERT INTO Part (VIN, order_number, vendor_part_number, status, description, unit_price, quantity) VALUES ('3NO8BO4OGTL807840', '3NO8BO4OGTL807840-002', 'HI-EAES0114', 'ordered', 'ABS sensor', 334.02, 1);
INSERT INTO Part (VIN, order_number, vendor_part_number, status, description, unit_price, quantity) VALUES ('3NO8BO4OGTL807840', '3NO8BO4OGTL807840-002', 'HI-PACBS0169', 'received', 'Brake backing pad', 70.81, 2);
INSERT INTO Part (VIN, order_number, vendor_part_number, status, description, unit_price, quantity) VALUES ('4GHCRLJOKT6083540', '4GHCRLJOKT6083540-001', 'HI-EAESS0118', 'installed', 'Starter solenoid', 213.81, 1);
INSERT INTO Part (VIN, order_number, vendor_part_number, status, description, unit_price, quantity) VALUES ('4GHCRLJOKT6083540', '4GHCRLJOKT6083540-001', 'HI-PACBS0181', 'installed', 'Brake shoe', 452.99, 1);
INSERT INTO Part (VIN, order_number, vendor_part_number, status, description, unit_price, quantity) VALUES ('5OU82GIFAQ3021868', '5OU82GIFAQ3021868-002', 'HI-BAED0028', 'installed', 'Door watershield', 120.48, 2);
INSERT INTO Part (VIN, order_number, vendor_part_number, status, description, unit_price, quantity) VALUES ('5OU82GIFAQ3021868', '5OU82GIFAQ3021868-002', 'HI-EAEWH0131', 'installed', 'Underfloor harness', 14.21, 2);
INSERT INTO Part (VIN, order_number, vendor_part_number, status, description, unit_price, quantity) VALUES ('5PUIFVQ6V3R308628', '5PUIFVQ6V3R308628-001', 'HI-BAE0013', 'received', 'Radiator core support', 79.67, 1);
INSERT INTO Part (VIN, order_number, vendor_part_number, status, description, unit_price, quantity) VALUES ('5PUIFVQ6V3R308628', '5PUIFVQ6V3R308628-001', 'HI-EAELASS0089', 'received', 'License plate lamp', 98.86, 1);
INSERT INTO Part (VIN, order_number, vendor_part_number, status, description, unit_price, quantity) VALUES ('5PUIFVQ6V3R308628', '5PUIFVQ6V3R308628-001', 'HI-ICS0160', 'installed', 'Seat bracket', 9.69, 2);
INSERT INTO Part (VIN, order_number, vendor_part_number, status, description, unit_price, quantity) VALUES ('5PUIFVQ6V3R308628', '5PUIFVQ6V3R308628-002', 'HI-BAE0021', 'ordered', 'Valance', 61.48, 1);
INSERT INTO Part (VIN, order_number, vendor_part_number, status, description, unit_price, quantity) VALUES ('5PUIFVQ6V3R308628', '5PUIFVQ6V3R308628-002', 'HI-EAEGAM0073', 'received', 'Voltmeter', 4.71, 1);
INSERT INTO Part (VIN, order_number, vendor_part_number, status, description, unit_price, quantity) VALUES ('5PUIFVQ6V3R308628', '5PUIFVQ6V3R308628-002', 'HI-EAEM0150', 'installed', 'Wiring connector', 98.53, 1);
INSERT INTO Part (VIN, order_number, vendor_part_number, status, description, unit_price, quantity) VALUES ('5PUIFVQ6V3R308628', '5PUIFVQ6V3R308628-002', 'HI-PACBS0174', 'received', 'Brake pad', 32.53, 3);
INSERT INTO Part (VIN, order_number, vendor_part_number, status, description, unit_price, quantity) VALUES ('6KAIF8AC3KG769914', '6KAIF8AC3KG769914-001', 'HI-BAEW0037', 'installed', 'Window regulator', 37.58, 1);
INSERT INTO Part (VIN, order_number, vendor_part_number, status, description, unit_price, quantity) VALUES ('6KAIF8AC3KG769914', '6KAIF8AC3KG769914-001', 'HI-EAEGAM0065', 'installed', 'Fuel gauge', 184.95, 4);
INSERT INTO Part (VIN, order_number, vendor_part_number, status, description, unit_price, quantity) VALUES ('6KAIF8AC3KG769914', '6KAIF8AC3KG769914-001', 'HI-EAEM0135', 'installed', 'Chassis control computer', 196.43, 2);
INSERT INTO Part (VIN, order_number, vendor_part_number, status, description, unit_price, quantity) VALUES ('6KAIF8AC3KG769914', '6KAIF8AC3KG769914-001', 'HI-PACBS0196', 'installed', 'Master Cylinder', 285.57, 1);
INSERT INTO Part (VIN, order_number, vendor_part_number, status, description, unit_price, quantity) VALUES ('77YSCOERITP460658', '77YSCOERITP460658-004', 'HI-BAE0020', 'installed', 'Trunk', 20.35, 1);
INSERT INTO Part (VIN, order_number, vendor_part_number, status, description, unit_price, quantity) VALUES ('A2NH51AUNR4312326', 'A2NH51AUNR4312326-001', 'HI-EAEGAM0068', 'installed', 'Speedometer', 189.83, 1);
INSERT INTO Part (VIN, order_number, vendor_part_number, status, description, unit_price, quantity) VALUES ('AKWG2XQFZ8Z338505', 'AKWG2XQFZ8Z338505-003', 'HI-EAEGAM0073', 'received', 'Voltmeter', 64.95, 1);
INSERT INTO Part (VIN, order_number, vendor_part_number, status, description, unit_price, quantity) VALUES ('CN2YIBCUFSQ512071', 'CN2YIBCUFSQ512071-001', 'HI-BAE0006', 'installed', 'Fascia rear and support', 54.69, 4);
INSERT INTO Part (VIN, order_number, vendor_part_number, status, description, unit_price, quantity) VALUES ('CN2YIBCUFSQ512071', 'CN2YIBCUFSQ512071-001', 'HI-EAEWH0130', 'installed', 'Interior harness', 11.07, 2);
INSERT INTO Part (VIN, order_number, vendor_part_number, status, description, unit_price, quantity) VALUES ('CO7AJWOLKX5663458', 'CO7AJWOLKX5663458-001', 'HI-BAEW0036', 'received', 'Window motor', 7.15, 1);
INSERT INTO Part (VIN, order_number, vendor_part_number, status, description, unit_price, quantity) VALUES ('ECEPA3GAEIK299733', 'ECEPA3GAEIK299733-002', 'HI-BAE0015', 'installed', 'Roof Rack', 78.6, 2);
INSERT INTO Part (VIN, order_number, vendor_part_number, status, description, unit_price, quantity) VALUES ('ECEPA3GAEIK299733', 'ECEPA3GAEIK299733-002', 'HI-EAEESS0061', 'installed', 'Voltage regulator', 70.79, 3);
INSERT INTO Part (VIN, order_number, vendor_part_number, status, description, unit_price, quantity) VALUES ('FBW1SNMBJRO366159', 'FBW1SNMBJRO366159-001', 'HI-BAE0022', 'installed', 'Welded assembly', 9.76, 1);
INSERT INTO Part (VIN, order_number, vendor_part_number, status, description, unit_price, quantity) VALUES ('FBW1SNMBJRO366159', 'FBW1SNMBJRO366159-001', 'HI-EAES0106', 'installed', 'Rotational sensor', 36.32, 1);
INSERT INTO Part (VIN, order_number, vendor_part_number, status, description, unit_price, quantity) VALUES ('GR0RVMPW4XI181018', 'GR0RVMPW4XI181018-001', 'HI-BAED0030', 'installed', 'Door and bonnet', 10.78, 1);
INSERT INTO Part (VIN, order_number, vendor_part_number, status, description, unit_price, quantity) VALUES ('GR0RVMPW4XI181018', 'GR0RVMPW4XI181018-001', 'HI-PACBS0170', 'installed', 'Brake cooling duct', 48.59, 1);
INSERT INTO Part (VIN, order_number, vendor_part_number, status, description, unit_price, quantity) VALUES ('HV4CWSMM84O846378', 'HV4CWSMM84O846378-002', 'HI-PACBS0163', 'installed', 'Anti-lock braking system', 412.02, 1);
INSERT INTO Part (VIN, order_number, vendor_part_number, status, description, unit_price, quantity) VALUES ('ITNTBT3I3K1112168', 'ITNTBT3I3K1112168-001', 'HI-BAED0027', 'installed', 'Door seal', 328.12, 1);
INSERT INTO Part (VIN, order_number, vendor_part_number, status, description, unit_price, quantity) VALUES ('ITNTBT3I3K1112168', 'ITNTBT3I3K1112168-001', 'HI-EAES0106', 'installed', 'Rotational sensor', 252.88, 1);
INSERT INTO Part (VIN, order_number, vendor_part_number, status, description, unit_price, quantity) VALUES ('ITNTBT3I3K1112168', 'ITNTBT3I3K1112168-001', 'HI-PACBS0195', 'installed', 'Load-sensing valve', 74.28, 1);
INSERT INTO Part (VIN, order_number, vendor_part_number, status, description, unit_price, quantity) VALUES ('LBOZN1LVD46821421', 'LBOZN1LVD46821421-003', 'HI-BAEW0035', 'installed', 'Sunroof motor', 118.81, 1);
INSERT INTO Part (VIN, order_number, vendor_part_number, status, description, unit_price, quantity) VALUES ('LBOZN1LVD46821421', 'LBOZN1LVD46821421-003', 'HI-EAEGAM0066', 'installed', 'Hydrometer', 276.11, 1);
INSERT INTO Part (VIN, order_number, vendor_part_number, status, description, unit_price, quantity) VALUES ('LBOZN1LVD46821421', 'LBOZN1LVD46821421-003', 'HI-EAES0099', 'installed', 'Knock sensor', 323.47, 1);
INSERT INTO Part (VIN, order_number, vendor_part_number, status, description, unit_price, quantity) VALUES ('LBOZN1LVD46821421', 'LBOZN1LVD46821421-003', 'HI-PACBS0192', 'installed', 'Air brake nylon hose', 373.12, 2);
INSERT INTO Part (VIN, order_number, vendor_part_number, status, description, unit_price, quantity) VALUES ('M07I6J8WOKL966353', 'M07I6J8WOKL966353-001', 'HI-BAE0016', 'received', 'Spoiler', 71.15, 1);
INSERT INTO Part (VIN, order_number, vendor_part_number, status, description, unit_price, quantity) VALUES ('M07I6J8WOKL966353', 'M07I6J8WOKL966353-001', 'HI-BAED0026', 'installed', 'Door control module', 80.72, 1);
INSERT INTO Part (VIN, order_number, vendor_part_number, status, description, unit_price, quantity) VALUES ('M07I6J8WOKL966353', 'M07I6J8WOKL966353-001', 'HI-EAELASS0087', 'ordered', 'Headlight motor', 44.55, 1);
INSERT INTO Part (VIN, order_number, vendor_part_number, status, description, unit_price, quantity) VALUES ('M07I6J8WOKL966353', 'M07I6J8WOKL966353-001', 'HI-EAES0120', 'installed', 'Door switch', 90.68, 2);
INSERT INTO Part (VIN, order_number, vendor_part_number, status, description, unit_price, quantity) VALUES ('MFCEDCRIYU1438485', 'MFCEDCRIYU1438485-001', 'HI-EAEM0143', 'installed', 'Performance Monitor', 32.05, 1);
INSERT INTO Part (VIN, order_number, vendor_part_number, status, description, unit_price, quantity) VALUES ('PBESRWYTH82112725', 'PBESRWYTH82112725-002', 'HI-EAES0107', 'installed', 'Temperature sensor', 65.54, 1);
INSERT INTO Part (VIN, order_number, vendor_part_number, status, description, unit_price, quantity) VALUES ('PBESRWYTH82112725', 'PBESRWYTH82112725-002', 'HI-EAES0126', 'installed', 'Thermostat', 17.16, 1);
INSERT INTO Part (VIN, order_number, vendor_part_number, status, description, unit_price, quantity) VALUES ('PBESRWYTH82112725', 'PBESRWYTH82112725-002', 'HI-EAESS0119', 'installed', 'Spark Plug', 62.92, 1);
INSERT INTO Part (VIN, order_number, vendor_part_number, status, description, unit_price, quantity) VALUES ('PIA08DCAJZT422690', 'PIA08DCAJZT422690-001', 'HI-EAEAD0041', 'installed', 'Antenna assembly', 114.85, 1);
INSERT INTO Part (VIN, order_number, vendor_part_number, status, description, unit_price, quantity) VALUES ('PIA08DCAJZT422690', 'PIA08DCAJZT422690-001', 'HI-EAELASS0085', 'installed', 'Halogen', 41.66, 1);
INSERT INTO Part (VIN, order_number, vendor_part_number, status, description, unit_price, quantity) VALUES ('PIA08DCAJZT422690', 'PIA08DCAJZT422690-001', 'HI-EAES0108', 'installed', 'Transmission input and output sensor', 7.03, 1);
INSERT INTO Part (VIN, order_number, vendor_part_number, status, description, unit_price, quantity) VALUES ('PLT6LAJER3K107458', 'PLT6LAJER3K107458-002', 'HI-PACBS0164', 'installed', 'ABS steel pin', 121.53, 1);
INSERT INTO Part (VIN, order_number, vendor_part_number, status, description, unit_price, quantity) VALUES ('PLT6LAJER3K107458', 'PLT6LAJER3K107458-002', 'HI-PACBS0166', 'installed', 'Anchor', 84.51, 1);
INSERT INTO Part (VIN, order_number, vendor_part_number, status, description, unit_price, quantity) VALUES ('Q7YZUDKENN4246098', 'Q7YZUDKENN4246098-001', 'HI-EAEGAM0062', 'installed', 'Ammeter', 1.78, 1);
INSERT INTO Part (VIN, order_number, vendor_part_number, status, description, unit_price, quantity) VALUES ('Q7YZUDKENN4246098', 'Q7YZUDKENN4246098-001', 'HI-EAEM0136', 'ordered', 'Cruise control computer', 74.45, 3);
INSERT INTO Part (VIN, order_number, vendor_part_number, status, description, unit_price, quantity) VALUES ('Q7YZUDKENN4246098', 'Q7YZUDKENN4246098-001', 'HI-PACBS0179', 'received', 'Brake rotor', 23.1, 1);
INSERT INTO Part (VIN, order_number, vendor_part_number, status, description, unit_price, quantity) VALUES ('RLRM7DYGMQU101483', 'RLRM7DYGMQU101483-001', 'HI-BAEW0039', 'installed', 'Windshield washer motor', 145.15, 1);
INSERT INTO Part (VIN, order_number, vendor_part_number, status, description, unit_price, quantity) VALUES ('RLRM7DYGMQU101483', 'RLRM7DYGMQU101483-001', 'HI-ICS0157', 'received', 'Fastener', 134.5, 1);
INSERT INTO Part (VIN, order_number, vendor_part_number, status, description, unit_price, quantity) VALUES ('RLRM7DYGMQU101483', 'RLRM7DYGMQU101483-001', 'HI-PACBS0195', 'ordered', 'Load-sensing valve', 142.65, 3);
INSERT INTO Part (VIN, order_number, vendor_part_number, status, description, unit_price, quantity) VALUES ('RLRM7DYGMQU101483', 'RLRM7DYGMQU101483-001', 'HI-PACBS0197', 'received', 'Metering valve', 44.22, 1);
INSERT INTO Part (VIN, order_number, vendor_part_number, status, description, unit_price, quantity) VALUES ('T243JSSHR0A986592', 'T243JSSHR0A986592-002', 'HI-BAE0018', 'installed', 'Rear spoiler', 30.91, 1);
INSERT INTO Part (VIN, order_number, vendor_part_number, status, description, unit_price, quantity) VALUES ('T243JSSHR0A986592', 'T243JSSHR0A986592-002', 'HI-EAEGAM0068', 'installed', 'Speedometer', 22.68, 1);
INSERT INTO Part (VIN, order_number, vendor_part_number, status, description, unit_price, quantity) VALUES ('UZMOJESJGYB516120', 'UZMOJESJGYB516120-002', 'HI-BAED0023', 'installed', 'Door beam and panel', 53.63, 1);
INSERT INTO Part (VIN, order_number, vendor_part_number, status, description, unit_price, quantity) VALUES ('UZMOJESJGYB516120', 'UZMOJESJGYB516120-002', 'HI-BAEW0037', 'installed', 'Window regulator', 1.04, 1);
INSERT INTO Part (VIN, order_number, vendor_part_number, status, description, unit_price, quantity) VALUES ('UZMOJESJGYB516120', 'UZMOJESJGYB516120-002', 'HI-EAEWH0128', 'installed', 'Air conditioning harness', 134.15, 1);
INSERT INTO Part (VIN, order_number, vendor_part_number, status, description, unit_price, quantity) VALUES ('VZJVASAMKKS604221', 'VZJVASAMKKS604221-004', 'HI-BAE0014', 'installed', 'Rocker panel', 162.79, 2);
INSERT INTO Part (VIN, order_number, vendor_part_number, status, description, unit_price, quantity) VALUES ('VZJVASAMKKS604221', 'VZJVASAMKKS604221-004', 'HI-BAE0022', 'installed', 'Welded assembly', 172.67, 4);
INSERT INTO Part (VIN, order_number, vendor_part_number, status, description, unit_price, quantity) VALUES ('VZJVASAMKKS604221', 'VZJVASAMKKS604221-004', 'HI-EAES0108', 'installed', 'Transmission input and output sensor', 159.32, 1);
INSERT INTO Part (VIN, order_number, vendor_part_number, status, description, unit_price, quantity) VALUES ('VZJVASAMKKS604221', 'VZJVASAMKKS604221-004', 'HI-PACBS0171', 'installed', 'Brake disc', 69.47, 1);
INSERT INTO Part (VIN, order_number, vendor_part_number, status, description, unit_price, quantity) VALUES ('W2TZ8TM4KYP471843', 'W2TZ8TM4KYP471843-002', 'HI-EAELASS0092', 'installed', 'Tail light cover', 75.55, 1);
INSERT INTO Part (VIN, order_number, vendor_part_number, status, description, unit_price, quantity) VALUES ('X5MLJ3CUPNB099293', 'X5MLJ3CUPNB099293-004', 'HI-BAE0004', 'installed', 'Cowl screen', 433.98, 1);
INSERT INTO Part (VIN, order_number, vendor_part_number, status, description, unit_price, quantity) VALUES ('X5MLJ3CUPNB099293', 'X5MLJ3CUPNB099293-004', 'HI-BAE0005', 'installed', 'Decklid', 233.28, 2);
INSERT INTO Part (VIN, order_number, vendor_part_number, status, description, unit_price, quantity) VALUES ('X5MLJ3CUPNB099293', 'X5MLJ3CUPNB099293-004', 'HI-BAE0012', 'installed', 'Quarter panel', 117.15, 1);
INSERT INTO Part (VIN, order_number, vendor_part_number, status, description, unit_price, quantity) VALUES ('X5MLJ3CUPNB099293', 'X5MLJ3CUPNB099293-004', 'HI-EAESS0118', 'installed', 'Starter solenoid', 105.69, 1);
INSERT INTO Part (VIN, order_number, vendor_part_number, status, description, unit_price, quantity) VALUES ('YL8S255YJYA054546', 'YL8S255YJYA054546-002', 'HI-EAEGAM0063', 'installed', 'Clinometer', 50.81, 2);
INSERT INTO Part (VIN, order_number, vendor_part_number, status, description, unit_price, quantity) VALUES ('ZKE5A1ZF45J937308', 'ZKE5A1ZF45J937308-001', 'HI-EAEM0135', 'installed', 'Chassis control computer', 25.19, 1);
INSERT INTO Part (VIN, order_number, vendor_part_number, status, description, unit_price, quantity) VALUES ('ZKE5A1ZF45J937308', 'ZKE5A1ZF45J937308-001', 'HI-EAES0125', 'installed', 'Switch panel', 19.76, 2);
INSERT INTO Part (VIN, order_number, vendor_part_number, status, description, unit_price, quantity) VALUES ('ZZUFHYJV0FI610258', 'ZZUFHYJV0FI610258-001', 'HI-EAES0106', 'installed', 'Rotational sensor', 476.58, 1);
INSERT INTO Part (VIN, order_number, vendor_part_number, status, description, unit_price, quantity) VALUES ('ZZUFHYJV0FI610258', 'ZZUFHYJV0FI610258-001', 'HI-EAES0108', 'installed', 'Transmission input and output sensor', 219.38, 1);
INSERT INTO Part (VIN, order_number, vendor_part_number, status, description, unit_price, quantity) VALUES ('ZZUFHYJV0FI610258', 'ZZUFHYJV0FI610258-001', 'HI-EAEWH0128', 'installed', 'Air conditioning harness', 3.72, 1);
INSERT INTO Part (VIN, order_number, vendor_part_number, status, description, unit_price, quantity) VALUES ('ZZUFHYJV0FI610258', 'ZZUFHYJV0FI610258-001', 'HI-PACBS0193', 'installed', 'Brake duct hose', 430.94, 1);
INSERT INTO Part (VIN, order_number, vendor_part_number, status, description, unit_price, quantity) VALUES ('0216UZ8NIB3005163', '0216UZ8NIB3005163-001', 'JN-ICS0153', 'installed', 'Armrest', 334.71, 1);
INSERT INTO Part (VIN, order_number, vendor_part_number, status, description, unit_price, quantity) VALUES ('0K3KCEYO5WR993877', '0K3KCEYO5WR993877-001', 'JN-BAE0015', 'installed', 'Roof Rack', 19.22, 2);
INSERT INTO Part (VIN, order_number, vendor_part_number, status, description, unit_price, quantity) VALUES ('0K3KCEYO5WR993877', '0K3KCEYO5WR993877-001', 'JN-BAED0031', 'installed', 'Lock', 5.12, 1);
INSERT INTO Part (VIN, order_number, vendor_part_number, status, description, unit_price, quantity) VALUES ('0K3KCEYO5WR993877', '0K3KCEYO5WR993877-001', 'JN-EAELASS0091', 'installed', 'Tail light', 86.75, 1);
INSERT INTO Part (VIN, order_number, vendor_part_number, status, description, unit_price, quantity) VALUES ('0K3KCEYO5WR993877', '0K3KCEYO5WR993877-001', 'JN-EAESS0116', 'installed', 'Starter drive', 97.98, 2);
INSERT INTO Part (VIN, order_number, vendor_part_number, status, description, unit_price, quantity) VALUES ('0PT8CVJWV8T188907', '0PT8CVJWV8T188907-003', 'JN-BAE0008', 'ordered', 'Front clip', 33.28, 1);
INSERT INTO Part (VIN, order_number, vendor_part_number, status, description, unit_price, quantity) VALUES ('0PT8CVJWV8T188907', '0PT8CVJWV8T188907-003', 'JN-BAEW0033', 'installed', 'Glass', 23.67, 1);
INSERT INTO Part (VIN, order_number, vendor_part_number, status, description, unit_price, quantity) VALUES ('0PT8CVJWV8T188907', '0PT8CVJWV8T188907-003', 'JN-EAEAD0045', 'installed', 'Speaker', 27.9, 1);
INSERT INTO Part (VIN, order_number, vendor_part_number, status, description, unit_price, quantity) VALUES ('0PT8CVJWV8T188907', '0PT8CVJWV8T188907-003', 'JN-EAEM0136', 'ordered', 'Cruise control computer', 12.92, 5);
INSERT INTO Part (VIN, order_number, vendor_part_number, status, description, unit_price, quantity) VALUES ('2KJBD48273Y069356', '2KJBD48273Y069356-003', 'JN-EAEM0138', 'installed', 'Engine computer and management system', 134.43, 2);
INSERT INTO Part (VIN, order_number, vendor_part_number, status, description, unit_price, quantity) VALUES ('2KJBD48273Y069356', '2KJBD48273Y069356-003', 'JN-EAEWH0129', 'installed', 'Engine compartment harness', 93.47, 1);
INSERT INTO Part (VIN, order_number, vendor_part_number, status, description, unit_price, quantity) VALUES ('2KJBD48273Y069356', '2KJBD48273Y069356-003', 'JN-PACBS0192', 'installed', 'Air brake nylon hose', 237.81, 4);
INSERT INTO Part (VIN, order_number, vendor_part_number, status, description, unit_price, quantity) VALUES ('6O3JWO1Q4FP773157', '6O3JWO1Q4FP773157-001', 'JN-EAEAD0041', 'installed', 'Antenna assembly', 34.44, 5);
INSERT INTO Part (VIN, order_number, vendor_part_number, status, description, unit_price, quantity) VALUES ('6O3JWO1Q4FP773157', '6O3JWO1Q4FP773157-001', 'JN-EAEESS0057', 'installed', 'Battery cable', 369.14, 1);
INSERT INTO Part (VIN, order_number, vendor_part_number, status, description, unit_price, quantity) VALUES ('6O3JWO1Q4FP773157', '6O3JWO1Q4FP773157-001', 'JN-EAES0125', 'installed', 'Switch panel', 93.14, 2);
INSERT INTO Part (VIN, order_number, vendor_part_number, status, description, unit_price, quantity) VALUES ('7JA8DZH7CN4199183', '7JA8DZH7CN4199183-003', 'JN-BAED0027', 'installed', 'Door seal', 124.32, 1);
INSERT INTO Part (VIN, order_number, vendor_part_number, status, description, unit_price, quantity) VALUES ('7JA8DZH7CN4199183', '7JA8DZH7CN4199183-003', 'JN-PACBS0164', 'ordered', 'ABS steel pin', 130.77, 2);
INSERT INTO Part (VIN, order_number, vendor_part_number, status, description, unit_price, quantity) VALUES ('8VB5KTBJX2A046744', '8VB5KTBJX2A046744-001', 'JN-EAEAD0045', 'installed', 'Speaker', 64.45, 4);
INSERT INTO Part (VIN, order_number, vendor_part_number, status, description, unit_price, quantity) VALUES ('AA0LZIX8DGI937291', 'AA0LZIX8DGI937291-002', 'JN-EAEWH0130', 'installed', 'Interior harness', 29.14, 1);
INSERT INTO Part (VIN, order_number, vendor_part_number, status, description, unit_price, quantity) VALUES ('AE23FNQ4ECZ859800', 'AE23FNQ4ECZ859800-001', 'JN-EAES0121', 'ordered', 'Ignition Switch', 21.45, 1);
INSERT INTO Part (VIN, order_number, vendor_part_number, status, description, unit_price, quantity) VALUES ('AE23FNQ4ECZ859800', 'AE23FNQ4ECZ859800-001', 'JN-EAES0124', 'ordered', 'Switch cover', 23.13, 5);
INSERT INTO Part (VIN, order_number, vendor_part_number, status, description, unit_price, quantity) VALUES ('AE23FNQ4ECZ859800', 'AE23FNQ4ECZ859800-001', 'JN-PACBS0167', 'ordered', 'Bleed nipple', 58.61, 1);
INSERT INTO Part (VIN, order_number, vendor_part_number, status, description, unit_price, quantity) VALUES ('CSNPRAPWVLK077155', 'CSNPRAPWVLK077155-001', 'JN-BAE0014', 'installed', 'Rocker panel', 37.53, 1);
INSERT INTO Part (VIN, order_number, vendor_part_number, status, description, unit_price, quantity) VALUES ('CSNPRAPWVLK077155', 'CSNPRAPWVLK077155-001', 'JN-BAE0021', 'installed', 'Valance', 50.94, 2);
INSERT INTO Part (VIN, order_number, vendor_part_number, status, description, unit_price, quantity) VALUES ('CSNPRAPWVLK077155', 'CSNPRAPWVLK077155-001', 'JN-EAELASS0087', 'ordered', 'Headlight motor', 167.64, 1);
INSERT INTO Part (VIN, order_number, vendor_part_number, status, description, unit_price, quantity) VALUES ('CSNPRAPWVLK077155', 'CSNPRAPWVLK077155-001', 'JN-PACBS0177', 'installed', 'Brake pump', 205.45, 1);
INSERT INTO Part (VIN, order_number, vendor_part_number, status, description, unit_price, quantity) VALUES ('CTHLSVQRDHK945534', 'CTHLSVQRDHK945534-001', 'JN-EAES0098', 'installed', 'Fuel level sensor', 113.83, 2);
INSERT INTO Part (VIN, order_number, vendor_part_number, status, description, unit_price, quantity) VALUES ('DXFJFHB2O8J213290', 'DXFJFHB2O8J213290-001', 'JN-EAEESS0053', 'installed', 'Battery', 37.97, 4);
INSERT INTO Part (VIN, order_number, vendor_part_number, status, description, unit_price, quantity) VALUES ('DXFJFHB2O8J213290', 'DXFJFHB2O8J213290-001', 'JN-PACBS0168', 'installed', 'Brake backing plate', 71.29, 1);
INSERT INTO Part (VIN, order_number, vendor_part_number, status, description, unit_price, quantity) VALUES ('ECEPA3GAEIK299733', 'ECEPA3GAEIK299733-004', 'JN-EAECS0049', 'installed', 'Alternator bearing', 104.3, 1);
INSERT INTO Part (VIN, order_number, vendor_part_number, status, description, unit_price, quantity) VALUES ('ECEPA3GAEIK299733', 'ECEPA3GAEIK299733-004', 'JN-EAES0094', 'installed', 'Anti-pinch sensor', 39.59, 1);
INSERT INTO Part (VIN, order_number, vendor_part_number, status, description, unit_price, quantity) VALUES ('ECEPA3GAEIK299733', 'ECEPA3GAEIK299733-004', 'JN-EAESS0115', 'installed', 'Starter', 79.47, 1);
INSERT INTO Part (VIN, order_number, vendor_part_number, status, description, unit_price, quantity) VALUES ('ECEPA3GAEIK299733', 'ECEPA3GAEIK299733-004', 'JN-PACBS0180', 'installed', 'Brake servo', 82.24, 2);
INSERT INTO Part (VIN, order_number, vendor_part_number, status, description, unit_price, quantity) VALUES ('EIA3R8DZFZH945841', 'EIA3R8DZFZH945841-001', 'JN-BAE0000', 'installed', 'Bonnet/hood', 127.22, 1);
INSERT INTO Part (VIN, order_number, vendor_part_number, status, description, unit_price, quantity) VALUES ('EIA3R8DZFZH945841', 'EIA3R8DZFZH945841-001', 'JN-EAEESS0057', 'installed', 'Battery cable', 86.0, 2);
INSERT INTO Part (VIN, order_number, vendor_part_number, status, description, unit_price, quantity) VALUES ('EIA3R8DZFZH945841', 'EIA3R8DZFZH945841-001', 'JN-EAEGAM0069', 'installed', 'Tachometer', 96.56, 1);
INSERT INTO Part (VIN, order_number, vendor_part_number, status, description, unit_price, quantity) VALUES ('EIA3R8DZFZH945841', 'EIA3R8DZFZH945841-004', 'JN-BAED0026', 'installed', 'Door control module', 27.41, 1);
INSERT INTO Part (VIN, order_number, vendor_part_number, status, description, unit_price, quantity) VALUES ('EURVOJ6RTMZ196274', 'EURVOJ6RTMZ196274-001', 'JN-BAED0028', 'received', 'Door watershield', 14.57, 1);
INSERT INTO Part (VIN, order_number, vendor_part_number, status, description, unit_price, quantity) VALUES ('EURVOJ6RTMZ196274', 'EURVOJ6RTMZ196274-001', 'JN-EAELASS0083', 'received', 'Engine bay lighting', 151.63, 2);
INSERT INTO Part (VIN, order_number, vendor_part_number, status, description, unit_price, quantity) VALUES ('EURVOJ6RTMZ196274', 'EURVOJ6RTMZ196274-001', 'JN-ICS0158', 'installed', 'Headrest', 212.38, 1);
INSERT INTO Part (VIN, order_number, vendor_part_number, status, description, unit_price, quantity) VALUES ('EURVOJ6RTMZ196274', 'EURVOJ6RTMZ196274-001', 'JN-PACBS0164', 'received', 'ABS steel pin', 224.55, 1);
INSERT INTO Part (VIN, order_number, vendor_part_number, status, description, unit_price, quantity) VALUES ('FBQBTRRHZVG159504', 'FBQBTRRHZVG159504-002', 'JN-BAEW0036', 'installed', 'Window motor', 34.93, 1);
INSERT INTO Part (VIN, order_number, vendor_part_number, status, description, unit_price, quantity) VALUES ('FBQBTRRHZVG159504', 'FBQBTRRHZVG159504-002', 'JN-EAES0112', 'installed', 'IMA sensor', 76.33, 1);
INSERT INTO Part (VIN, order_number, vendor_part_number, status, description, unit_price, quantity) VALUES ('FBW1SNMBJRO366159', 'FBW1SNMBJRO366159-002', 'JN-BAE0015', 'installed', 'Roof Rack', 16.12, 2);
INSERT INTO Part (VIN, order_number, vendor_part_number, status, description, unit_price, quantity) VALUES ('FBW1SNMBJRO366159', 'FBW1SNMBJRO366159-002', 'JN-EAEAD0047', 'installed', 'Subwoofer', 143.43, 1);
INSERT INTO Part (VIN, order_number, vendor_part_number, status, description, unit_price, quantity) VALUES ('FLTEHVIT7TR845477', 'FLTEHVIT7TR845477-001', 'JN-EAES0123', 'installed', 'Steering column switch', 116.19, 1);
INSERT INTO Part (VIN, order_number, vendor_part_number, status, description, unit_price, quantity) VALUES ('KLE3XPYFTO6494665', 'KLE3XPYFTO6494665-002', 'JN-EAEESS0055', 'ordered', 'Battery box', 45.58, 1);
INSERT INTO Part (VIN, order_number, vendor_part_number, status, description, unit_price, quantity) VALUES ('LGC76I73Q43597619', 'LGC76I73Q43597619-001', 'JN-BAE0000', 'installed', 'Bonnet/hood', 128.25, 1);
INSERT INTO Part (VIN, order_number, vendor_part_number, status, description, unit_price, quantity) VALUES ('LGC76I73Q43597619', 'LGC76I73Q43597619-001', 'JN-EAES0109', 'installed', 'ABS brack sensor', 42.73, 1);
INSERT INTO Part (VIN, order_number, vendor_part_number, status, description, unit_price, quantity) VALUES ('LLUBKYOAHHE880633', 'LLUBKYOAHHE880633-001', 'JN-BAED0027', 'installed', 'Door seal', 46.12, 1);
INSERT INTO Part (VIN, order_number, vendor_part_number, status, description, unit_price, quantity) VALUES ('LLUBKYOAHHE880633', 'LLUBKYOAHHE880633-001', 'JN-PACBS0169', 'received', 'Brake backing pad', 87.42, 2);
INSERT INTO Part (VIN, order_number, vendor_part_number, status, description, unit_price, quantity) VALUES ('M07I6J8WOKL966353', 'M07I6J8WOKL966353-002', 'JN-EAEM0135', 'ordered', 'Chassis control computer', 89.16, 2);
INSERT INTO Part (VIN, order_number, vendor_part_number, status, description, unit_price, quantity) VALUES ('M07I6J8WOKL966353', 'M07I6J8WOKL966353-002', 'JN-EAES0109', 'installed', 'ABS brack sensor', 84.49, 1);
INSERT INTO Part (VIN, order_number, vendor_part_number, status, description, unit_price, quantity) VALUES ('M0LLCXP5H7J310101', 'M0LLCXP5H7J310101-002', 'JN-BAED0023', 'installed', 'Door beam and panel', 13.03, 1);
INSERT INTO Part (VIN, order_number, vendor_part_number, status, description, unit_price, quantity) VALUES ('M0LLCXP5H7J310101', 'M0LLCXP5H7J310101-002', 'JN-EAEM0139', 'installed', 'Engine control unit', 77.77, 1);
INSERT INTO Part (VIN, order_number, vendor_part_number, status, description, unit_price, quantity) VALUES ('M0LLCXP5H7J310101', 'M0LLCXP5H7J310101-002', 'JN-PACBS0165', 'installed', 'Adjusting mechanism', 8.26, 1);
INSERT INTO Part (VIN, order_number, vendor_part_number, status, description, unit_price, quantity) VALUES ('MO22767RXSI895117', 'MO22767RXSI895117-001', 'JN-ICS0158', 'installed', 'Headrest', 17.98, 1);
INSERT INTO Part (VIN, order_number, vendor_part_number, status, description, unit_price, quantity) VALUES ('N6N74WLAP33523834', 'N6N74WLAP33523834-003', 'JN-EAEM0132', 'installed', 'Air bag control module', 55.11, 1);
INSERT INTO Part (VIN, order_number, vendor_part_number, status, description, unit_price, quantity) VALUES ('N6N74WLAP33523834', 'N6N74WLAP33523834-003', 'JN-EAES0100', 'installed', 'Light sensor', 38.02, 1);
INSERT INTO Part (VIN, order_number, vendor_part_number, status, description, unit_price, quantity) VALUES ('N6N74WLAP33523834', 'N6N74WLAP33523834-003', 'JN-PACBS0193', 'installed', 'Brake duct hose', 56.31, 1);
INSERT INTO Part (VIN, order_number, vendor_part_number, status, description, unit_price, quantity) VALUES ('N7Z650PTGIP247286', 'N7Z650PTGIP247286-001', 'JN-BAE0005', 'installed', 'Decklid', 16.76, 1);
INSERT INTO Part (VIN, order_number, vendor_part_number, status, description, unit_price, quantity) VALUES ('N7Z650PTGIP247286', 'N7Z650PTGIP247286-001', 'JN-BAE0017', 'installed', 'Front spoiler', 6.97, 1);
INSERT INTO Part (VIN, order_number, vendor_part_number, status, description, unit_price, quantity) VALUES ('N7Z650PTGIP247286', 'N7Z650PTGIP247286-001', 'JN-EAEESS0053', 'installed', 'Battery', 44.23, 1);
INSERT INTO Part (VIN, order_number, vendor_part_number, status, description, unit_price, quantity) VALUES ('N7Z650PTGIP247286', 'N7Z650PTGIP247286-001', 'JN-EAES0094', 'installed', 'Anti-pinch sensor', 21.34, 1);
INSERT INTO Part (VIN, order_number, vendor_part_number, status, description, unit_price, quantity) VALUES ('NR8MRVX5E8D221451', 'NR8MRVX5E8D221451-001', 'JN-EAES0093', 'installed', 'Airbag sensor', 40.77, 1);
INSERT INTO Part (VIN, order_number, vendor_part_number, status, description, unit_price, quantity) VALUES ('NR8MRVX5E8D221451', 'NR8MRVX5E8D221451-001', 'JN-EAES0105', 'received', 'Rain sensor', 116.54, 1);
INSERT INTO Part (VIN, order_number, vendor_part_number, status, description, unit_price, quantity) VALUES ('NR8MRVX5E8D221451', 'NR8MRVX5E8D221451-004', 'JN-EAES0096', 'ordered', 'Crankshaft position sensor', 69.27, 3);
INSERT INTO Part (VIN, order_number, vendor_part_number, status, description, unit_price, quantity) VALUES ('NR8MRVX5E8D221451', 'NR8MRVX5E8D221451-004', 'JN-ICS0160', 'ordered', 'Seat bracket', 68.67, 1);
INSERT INTO Part (VIN, order_number, vendor_part_number, status, description, unit_price, quantity) VALUES ('NR8MRVX5E8D221451', 'NR8MRVX5E8D221451-004', 'JN-PACBS0170', 'ordered', 'Brake cooling duct', 117.92, 1);
INSERT INTO Part (VIN, order_number, vendor_part_number, status, description, unit_price, quantity) VALUES ('PEFFRGBZ281543143', 'PEFFRGBZ281543143-002', 'JN-BAED0026', 'installed', 'Door control module', 35.23, 1);
INSERT INTO Part (VIN, order_number, vendor_part_number, status, description, unit_price, quantity) VALUES ('PEFFRGBZ281543143', 'PEFFRGBZ281543143-002', 'JN-EAEESS0060', 'installed', 'Battery tray', 62.57, 3);
INSERT INTO Part (VIN, order_number, vendor_part_number, status, description, unit_price, quantity) VALUES ('PEFFRGBZ281543143', 'PEFFRGBZ281543143-002', 'JN-PACBS0179', 'installed', 'Brake rotor', 4.71, 4);
INSERT INTO Part (VIN, order_number, vendor_part_number, status, description, unit_price, quantity) VALUES ('PPL8CACMUCW104005', 'PPL8CACMUCW104005-001', 'JN-EAEIS0079', 'received', 'Ignition Coil', 96.19, 1);
INSERT INTO Part (VIN, order_number, vendor_part_number, status, description, unit_price, quantity) VALUES ('PZF7JY7KVUR182613', 'PZF7JY7KVUR182613-003', 'JN-BAE0006', 'received', 'Fascia rear and support', 4.59, 1);
INSERT INTO Part (VIN, order_number, vendor_part_number, status, description, unit_price, quantity) VALUES ('PZF7JY7KVUR182613', 'PZF7JY7KVUR182613-003', 'JN-ICS0156', 'received', 'Children and baby car seat', 39.58, 1);
INSERT INTO Part (VIN, order_number, vendor_part_number, status, description, unit_price, quantity) VALUES ('Q2P2LK1ILHI808826', 'Q2P2LK1ILHI808826-004', 'JN-EAEGAM0064', 'installed', 'Dynamometer', 11.1, 1);
INSERT INTO Part (VIN, order_number, vendor_part_number, status, description, unit_price, quantity) VALUES ('Q2P2LK1ILHI808826', 'Q2P2LK1ILHI808826-004', 'JN-EAEGAM0068', 'installed', 'Speedometer', 39.0, 1);
INSERT INTO Part (VIN, order_number, vendor_part_number, status, description, unit_price, quantity) VALUES ('Q2P2LK1ILHI808826', 'Q2P2LK1ILHI808826-004', 'JN-EAEIS0082', 'installed', 'Magneto', 179.53, 1);
INSERT INTO Part (VIN, order_number, vendor_part_number, status, description, unit_price, quantity) VALUES ('Q2P2LK1ILHI808826', 'Q2P2LK1ILHI808826-004', 'JN-EAES0104', 'installed', 'Pressure sensor', 87.84, 1);
INSERT INTO Part (VIN, order_number, vendor_part_number, status, description, unit_price, quantity) VALUES ('S3OPBKGXWAZ659884', 'S3OPBKGXWAZ659884-004', 'JN-EAEIS0081', 'installed', 'Ignition controller', 69.26, 1);
INSERT INTO Part (VIN, order_number, vendor_part_number, status, description, unit_price, quantity) VALUES ('S3OPBKGXWAZ659884', 'S3OPBKGXWAZ659884-004', 'JN-EAELASS0092', 'ordered', 'Tail light cover', 36.89, 1);
INSERT INTO Part (VIN, order_number, vendor_part_number, status, description, unit_price, quantity) VALUES ('SDRDJVHRDEY589102', 'SDRDJVHRDEY589102-001', 'JN-BAEW0035', 'ordered', 'Sunroof motor', 38.75, 1);
INSERT INTO Part (VIN, order_number, vendor_part_number, status, description, unit_price, quantity) VALUES ('SDRDJVHRDEY589102', 'SDRDJVHRDEY589102-001', 'JN-EAEGAM0070', 'ordered', 'Temperature gauge', 13.12, 1);
INSERT INTO Part (VIN, order_number, vendor_part_number, status, description, unit_price, quantity) VALUES ('US6XUXEBB7J677669', 'US6XUXEBB7J677669-005', 'JN-BAE0016', 'received', 'Spoiler', 27.68, 1);
INSERT INTO Part (VIN, order_number, vendor_part_number, status, description, unit_price, quantity) VALUES ('US6XUXEBB7J677669', 'US6XUXEBB7J677669-005', 'JN-EAEM0146', 'received', 'Shift improver', 3.93, 2);
INSERT INTO Part (VIN, order_number, vendor_part_number, status, description, unit_price, quantity) VALUES ('US6XUXEBB7J677669', 'US6XUXEBB7J677669-005', 'JN-EAES0112', 'installed', 'IMA sensor', 14.49, 1);
INSERT INTO Part (VIN, order_number, vendor_part_number, status, description, unit_price, quantity) VALUES ('USQTBTRES6C396411', 'USQTBTRES6C396411-004', 'JN-EAEESS0056', 'installed', 'Battery cable terminal', 90.85, 1);
INSERT INTO Part (VIN, order_number, vendor_part_number, status, description, unit_price, quantity) VALUES ('YL8S255YJYA054546', 'YL8S255YJYA054546-004', 'JN-EAEIS0082', 'installed', 'Magneto', 28.99, 1);
INSERT INTO Part (VIN, order_number, vendor_part_number, status, description, unit_price, quantity) VALUES ('ZJ8V6INQOV2978667', 'ZJ8V6INQOV2978667-003', 'JN-EAECS0052', 'installed', 'Other alternator parts', 44.1, 1);
INSERT INTO Part (VIN, order_number, vendor_part_number, status, description, unit_price, quantity) VALUES ('11O1YZUFMFN275554', '11O1YZUFMFN275554-002', 'KE-EAECS0049', 'installed', 'Alternator bearing', 175.21, 1);
INSERT INTO Part (VIN, order_number, vendor_part_number, status, description, unit_price, quantity) VALUES ('11O1YZUFMFN275554', '11O1YZUFMFN275554-002', 'KE-EAECS0051', 'installed', 'Alternator fan', 38.48, 1);
INSERT INTO Part (VIN, order_number, vendor_part_number, status, description, unit_price, quantity) VALUES ('11O1YZUFMFN275554', '11O1YZUFMFN275554-002', 'KE-EAESS0118', 'installed', 'Starter solenoid', 216.39, 1);
INSERT INTO Part (VIN, order_number, vendor_part_number, status, description, unit_price, quantity) VALUES ('201DHVWO70I456603', '201DHVWO70I456603-001', 'KE-EAEAD0042', 'installed', 'Antenna cable', 319.63, 1);
INSERT INTO Part (VIN, order_number, vendor_part_number, status, description, unit_price, quantity) VALUES ('201DHVWO70I456603', '201DHVWO70I456603-001', 'KE-EAEESS0056', 'installed', 'Battery cable terminal', 29.48, 1);
INSERT INTO Part (VIN, order_number, vendor_part_number, status, description, unit_price, quantity) VALUES ('201DHVWO70I456603', '201DHVWO70I456603-001', 'KE-EAES0105', 'installed', 'Rain sensor', 16.03, 2);
INSERT INTO Part (VIN, order_number, vendor_part_number, status, description, unit_price, quantity) VALUES ('24G081632WM888163', '24G081632WM888163-004', 'KE-BAED0026', 'installed', 'Door control module', 42.89, 1);
INSERT INTO Part (VIN, order_number, vendor_part_number, status, description, unit_price, quantity) VALUES ('24G081632WM888163', '24G081632WM888163-004', 'KE-EAEM0137', 'installed', 'Door contact', 97.87, 1);
INSERT INTO Part (VIN, order_number, vendor_part_number, status, description, unit_price, quantity) VALUES ('2J8FN6TAGEZ924085', '2J8FN6TAGEZ924085-003', 'KE-ICS0161', 'received', 'Seat cover', 31.79, 1);
INSERT INTO Part (VIN, order_number, vendor_part_number, status, description, unit_price, quantity) VALUES ('447NADHKNTP823552', '447NADHKNTP823552-003', 'KE-EAEESS0056', 'installed', 'Battery cable terminal', 12.25, 1);
INSERT INTO Part (VIN, order_number, vendor_part_number, status, description, unit_price, quantity) VALUES ('447NADHKNTP823552', '447NADHKNTP823552-003', 'KE-EAEGAM0063', 'installed', 'Clinometer', 203.25, 1);
INSERT INTO Part (VIN, order_number, vendor_part_number, status, description, unit_price, quantity) VALUES ('447NADHKNTP823552', '447NADHKNTP823552-003', 'KE-ICS0157', 'installed', 'Fastener', 326.17, 1);
INSERT INTO Part (VIN, order_number, vendor_part_number, status, description, unit_price, quantity) VALUES ('447NADHKNTP823552', '447NADHKNTP823552-003', 'KE-PACBS0171', 'installed', 'Brake disc', 99.3, 1);
INSERT INTO Part (VIN, order_number, vendor_part_number, status, description, unit_price, quantity) VALUES ('8UQ6FLIO3Q2734346', '8UQ6FLIO3Q2734346-001', 'KE-BAEW0039', 'received', 'Windshield washer motor', 2.17, 1);
INSERT INTO Part (VIN, order_number, vendor_part_number, status, description, unit_price, quantity) VALUES ('8UQ6FLIO3Q2734346', '8UQ6FLIO3Q2734346-001', 'KE-EAELASS0084', 'ordered', 'Fog Light', 101.09, 1);
INSERT INTO Part (VIN, order_number, vendor_part_number, status, description, unit_price, quantity) VALUES ('A35CVWAPCGY561956', 'A35CVWAPCGY561956-002', 'KE-EAES0097', 'installed', 'Engine sensor', 20.62, 5);
INSERT INTO Part (VIN, order_number, vendor_part_number, status, description, unit_price, quantity) VALUES ('AKWG2XQFZ8Z338505', 'AKWG2XQFZ8Z338505-002', 'KE-BAEW0035', 'received', 'Sunroof motor', 48.94, 1);
INSERT INTO Part (VIN, order_number, vendor_part_number, status, description, unit_price, quantity) VALUES ('AKWG2XQFZ8Z338505', 'AKWG2XQFZ8Z338505-002', 'KE-EAEESS0056', 'ordered', 'Battery cable terminal', 136.11, 1);
INSERT INTO Part (VIN, order_number, vendor_part_number, status, description, unit_price, quantity) VALUES ('AKWG2XQFZ8Z338505', 'AKWG2XQFZ8Z338505-002', 'KE-EAEM0140', 'installed', 'Fuse', 51.97, 1);
INSERT INTO Part (VIN, order_number, vendor_part_number, status, description, unit_price, quantity) VALUES ('AKWG2XQFZ8Z338505', 'AKWG2XQFZ8Z338505-002', 'KE-PACBS0164', 'installed', 'ABS steel pin', 3.65, 1);
INSERT INTO Part (VIN, order_number, vendor_part_number, status, description, unit_price, quantity) VALUES ('CTHLSVQRDHK945534', 'CTHLSVQRDHK945534-002', 'KE-EAEM0143', 'installed', 'Performance Monitor', 171.93, 1);
INSERT INTO Part (VIN, order_number, vendor_part_number, status, description, unit_price, quantity) VALUES ('CTHLSVQRDHK945534', 'CTHLSVQRDHK945534-002', 'KE-EAES0100', 'installed', 'Light sensor', 12.65, 1);
INSERT INTO Part (VIN, order_number, vendor_part_number, status, description, unit_price, quantity) VALUES ('CTHLSVQRDHK945534', 'CTHLSVQRDHK945534-002', 'KE-EAES0108', 'installed', 'Transmission input and output sensor', 21.59, 1);
INSERT INTO Part (VIN, order_number, vendor_part_number, status, description, unit_price, quantity) VALUES ('CTHLSVQRDHK945534', 'CTHLSVQRDHK945534-006', 'KE-EAESS0117', 'installed', 'Starter Motor', 56.81, 1);
INSERT INTO Part (VIN, order_number, vendor_part_number, status, description, unit_price, quantity) VALUES ('EURVOJ6RTMZ196274', 'EURVOJ6RTMZ196274-005', 'KE-EAEIS0075', 'installed', 'Coil wire', 10.88, 1);
INSERT INTO Part (VIN, order_number, vendor_part_number, status, description, unit_price, quantity) VALUES ('EURVOJ6RTMZ196274', 'EURVOJ6RTMZ196274-005', 'KE-EAEM0149', 'ordered', 'Transmission computer', 87.69, 2);
INSERT INTO Part (VIN, order_number, vendor_part_number, status, description, unit_price, quantity) VALUES ('EURVOJ6RTMZ196274', 'EURVOJ6RTMZ196274-005', 'KE-ICS0153', 'received', 'Armrest', 207.05, 1);
INSERT INTO Part (VIN, order_number, vendor_part_number, status, description, unit_price, quantity) VALUES ('EURVOJ6RTMZ196274', 'EURVOJ6RTMZ196274-005', 'KE-PACBS0188', 'installed', 'Dual circuit brake system', 225.9, 1);
INSERT INTO Part (VIN, order_number, vendor_part_number, status, description, unit_price, quantity) VALUES ('H2032G2DS5D863208', 'H2032G2DS5D863208-002', 'KE-BAE0004', 'installed', 'Cowl screen', 209.59, 1);
INSERT INTO Part (VIN, order_number, vendor_part_number, status, description, unit_price, quantity) VALUES ('H2032G2DS5D863208', 'H2032G2DS5D863208-002', 'KE-EAESS0118', 'received', 'Starter solenoid', 68.64, 1);
INSERT INTO Part (VIN, order_number, vendor_part_number, status, description, unit_price, quantity) VALUES ('H2032G2DS5D863208', 'H2032G2DS5D863208-002', 'KE-ICS0153', 'received', 'Armrest', 158.58, 1);
INSERT INTO Part (VIN, order_number, vendor_part_number, status, description, unit_price, quantity) VALUES ('IVZVZYNIOWU741253', 'IVZVZYNIOWU741253-001', 'KE-BAE0017', 'ordered', 'Front spoiler', 213.35, 1);
INSERT INTO Part (VIN, order_number, vendor_part_number, status, description, unit_price, quantity) VALUES ('JDZCMB67NYJ067633', 'JDZCMB67NYJ067633-001', 'KE-BAED0032', 'installed', 'Centre Locking', 43.97, 1);
INSERT INTO Part (VIN, order_number, vendor_part_number, status, description, unit_price, quantity) VALUES ('JDZCMB67NYJ067633', 'JDZCMB67NYJ067633-001', 'KE-PACBS0194', 'installed', 'Hydraulic booster unit', 49.41, 1);
INSERT INTO Part (VIN, order_number, vendor_part_number, status, description, unit_price, quantity) VALUES ('KEQ2CFPH7RO593605', 'KEQ2CFPH7RO593605-005', 'KE-EAEIS0082', 'installed', 'Magneto', 62.6, 4);
INSERT INTO Part (VIN, order_number, vendor_part_number, status, description, unit_price, quantity) VALUES ('KEQ2CFPH7RO593605', 'KEQ2CFPH7RO593605-005', 'KE-EAES0126', 'installed', 'Thermostat', 81.27, 1);
INSERT INTO Part (VIN, order_number, vendor_part_number, status, description, unit_price, quantity) VALUES ('KEQ2CFPH7RO593605', 'KEQ2CFPH7RO593605-005', 'KE-ICS0153', 'installed', 'Armrest', 85.88, 2);
INSERT INTO Part (VIN, order_number, vendor_part_number, status, description, unit_price, quantity) VALUES ('KPDR2Q24D25119360', 'KPDR2Q24D25119360-001', 'KE-BAE0009', 'installed', 'Front fascia and header panel', 158.06, 1);
INSERT INTO Part (VIN, order_number, vendor_part_number, status, description, unit_price, quantity) VALUES ('KPDR2Q24D25119360', 'KPDR2Q24D25119360-001', 'KE-BAED0029', 'installed', 'Hinge', 160.93, 1);
INSERT INTO Part (VIN, order_number, vendor_part_number, status, description, unit_price, quantity) VALUES ('KPDR2Q24D25119360', 'KPDR2Q24D25119360-001', 'KE-EAES0097', 'installed', 'Engine sensor', 95.78, 1);
INSERT INTO Part (VIN, order_number, vendor_part_number, status, description, unit_price, quantity) VALUES ('KPDR2Q24D25119360', 'KPDR2Q24D25119360-001', 'KE-EAES0120', 'installed', 'Door switch', 13.98, 1);
INSERT INTO Part (VIN, order_number, vendor_part_number, status, description, unit_price, quantity) VALUES ('KUG7KOVDXOY323266', 'KUG7KOVDXOY323266-001', 'KE-PACBS0167', 'installed', 'Bleed nipple', 133.21, 1);
INSERT INTO Part (VIN, order_number, vendor_part_number, status, description, unit_price, quantity) VALUES ('KZ0SACUMQTT627927', 'KZ0SACUMQTT627927-001', 'KE-BAE0017', 'installed', 'Front spoiler', 43.67, 2);
INSERT INTO Part (VIN, order_number, vendor_part_number, status, description, unit_price, quantity) VALUES ('KZ0SACUMQTT627927', 'KZ0SACUMQTT627927-001', 'KE-BAED0024', 'installed', 'Outer door handle', 42.52, 2);
INSERT INTO Part (VIN, order_number, vendor_part_number, status, description, unit_price, quantity) VALUES ('KZ0SACUMQTT627927', 'KZ0SACUMQTT627927-001', 'KE-BAEW0035', 'installed', 'Sunroof motor', 93.55, 1);
INSERT INTO Part (VIN, order_number, vendor_part_number, status, description, unit_price, quantity) VALUES ('KZ0SACUMQTT627927', 'KZ0SACUMQTT627927-001', 'KE-EAES0098', 'installed', 'Fuel level sensor', 101.46, 1);
INSERT INTO Part (VIN, order_number, vendor_part_number, status, description, unit_price, quantity) VALUES ('KZ0SACUMQTT627927', 'KZ0SACUMQTT627927-002', 'KE-EAEAD0041', 'installed', 'Antenna assembly', 82.22, 2);
INSERT INTO Part (VIN, order_number, vendor_part_number, status, description, unit_price, quantity) VALUES ('KZ0SACUMQTT627927', 'KZ0SACUMQTT627927-002', 'KE-EAEGAM0063', 'installed', 'Clinometer', 99.59, 1);
INSERT INTO Part (VIN, order_number, vendor_part_number, status, description, unit_price, quantity) VALUES ('KZ0SACUMQTT627927', 'KZ0SACUMQTT627927-002', 'KE-EAEM0142', 'installed', 'Performance chip', 104.64, 1);
INSERT INTO Part (VIN, order_number, vendor_part_number, status, description, unit_price, quantity) VALUES ('KZ0SACUMQTT627927', 'KZ0SACUMQTT627927-002', 'KE-EAEM0143', 'installed', 'Performance Monitor', 67.86, 3);
INSERT INTO Part (VIN, order_number, vendor_part_number, status, description, unit_price, quantity) VALUES ('LLAES6UX7PE080692', 'LLAES6UX7PE080692-003', 'KE-EAEESS0054', 'received', 'Performance battery', 429.52, 3);
INSERT INTO Part (VIN, order_number, vendor_part_number, status, description, unit_price, quantity) VALUES ('LLAES6UX7PE080692', 'LLAES6UX7PE080692-003', 'KE-EAEESS0056', 'installed', 'Battery cable terminal', 127.22, 1);
INSERT INTO Part (VIN, order_number, vendor_part_number, status, description, unit_price, quantity) VALUES ('M0LLCXP5H7J310101', 'M0LLCXP5H7J310101-003', 'KE-EAEM0139', 'installed', 'Engine control unit', 27.04, 1);
INSERT INTO Part (VIN, order_number, vendor_part_number, status, description, unit_price, quantity) VALUES ('M0LLCXP5H7J310101', 'M0LLCXP5H7J310101-003', 'KE-EAES0125', 'installed', 'Switch panel', 39.49, 2);
INSERT INTO Part (VIN, order_number, vendor_part_number, status, description, unit_price, quantity) VALUES ('M0LLCXP5H7J310101', 'M0LLCXP5H7J310101-003', 'KE-PACBS0174', 'installed', 'Brake pad', 65.11, 1);
INSERT INTO Part (VIN, order_number, vendor_part_number, status, description, unit_price, quantity) VALUES ('MQY15YFZ5CB825109', 'MQY15YFZ5CB825109-002', 'KE-EAEWH0130', 'ordered', 'Interior harness', 424.15, 3);
INSERT INTO Part (VIN, order_number, vendor_part_number, status, description, unit_price, quantity) VALUES ('N6SHU6PIZHU230217', 'N6SHU6PIZHU230217-002', 'KE-BAE0016', 'installed', 'Spoiler', 8.63, 1);
INSERT INTO Part (VIN, order_number, vendor_part_number, status, description, unit_price, quantity) VALUES ('N6SHU6PIZHU230217', 'N6SHU6PIZHU230217-002', 'KE-PACBS0164', 'installed', 'ABS steel pin', 185.45, 1);
INSERT INTO Part (VIN, order_number, vendor_part_number, status, description, unit_price, quantity) VALUES ('OPBJWWEIHPI797081', 'OPBJWWEIHPI797081-001', 'KE-BAED0029', 'installed', 'Hinge', 41.52, 1);
INSERT INTO Part (VIN, order_number, vendor_part_number, status, description, unit_price, quantity) VALUES ('OQ11DGF6RTF163062', 'OQ11DGF6RTF163062-002', 'KE-EAEAD0042', 'ordered', 'Antenna cable', 18.16, 1);
INSERT INTO Part (VIN, order_number, vendor_part_number, status, description, unit_price, quantity) VALUES ('OQ11DGF6RTF163062', 'OQ11DGF6RTF163062-002', 'KE-ICS0154', 'received', 'Bench Seat', 57.49, 1);
INSERT INTO Part (VIN, order_number, vendor_part_number, status, description, unit_price, quantity) VALUES ('PYPAPD46NJL873425', 'PYPAPD46NJL873425-001', 'KE-EAEGAM0066', 'installed', 'Hydrometer', 183.71, 1);
INSERT INTO Part (VIN, order_number, vendor_part_number, status, description, unit_price, quantity) VALUES ('PYPAPD46NJL873425', 'PYPAPD46NJL873425-001', 'KE-EAEIS0076', 'installed', 'Distributor', 146.8, 1);
INSERT INTO Part (VIN, order_number, vendor_part_number, status, description, unit_price, quantity) VALUES ('PYPAPD46NJL873425', 'PYPAPD46NJL873425-001', 'KE-EAES0106', 'installed', 'Rotational sensor', 95.86, 3);
INSERT INTO Part (VIN, order_number, vendor_part_number, status, description, unit_price, quantity) VALUES ('RYY32CGB7QR718629', 'RYY32CGB7QR718629-003', 'KE-BAE0000', 'installed', 'Bonnet/hood', 175.58, 1);
INSERT INTO Part (VIN, order_number, vendor_part_number, status, description, unit_price, quantity) VALUES ('RYY32CGB7QR718629', 'RYY32CGB7QR718629-003', 'KE-EAELASS0088', 'installed', 'Interior light and lamp', 203.65, 1);
INSERT INTO Part (VIN, order_number, vendor_part_number, status, description, unit_price, quantity) VALUES ('RYY32CGB7QR718629', 'RYY32CGB7QR718629-003', 'KE-PACBS0181', 'installed', 'Brake shoe', 98.89, 1);
INSERT INTO Part (VIN, order_number, vendor_part_number, status, description, unit_price, quantity) VALUES ('SAK8I3JJ105230630', 'SAK8I3JJ105230630-004', 'KE-EAEGAM0064', 'installed', 'Dynamometer', 201.84, 1);
INSERT INTO Part (VIN, order_number, vendor_part_number, status, description, unit_price, quantity) VALUES ('SAK8I3JJ105230630', 'SAK8I3JJ105230630-004', 'KE-EAES0100', 'installed', 'Light sensor', 44.19, 3);
INSERT INTO Part (VIN, order_number, vendor_part_number, status, description, unit_price, quantity) VALUES ('T243JSSHR0A986592', 'T243JSSHR0A986592-001', 'KE-BAE0013', 'installed', 'Radiator core support', 74.89, 1);
INSERT INTO Part (VIN, order_number, vendor_part_number, status, description, unit_price, quantity) VALUES ('T243JSSHR0A986592', 'T243JSSHR0A986592-001', 'KE-EAEGAM0069', 'installed', 'Tachometer', 5.9, 1);
INSERT INTO Part (VIN, order_number, vendor_part_number, status, description, unit_price, quantity) VALUES ('T243JSSHR0A986592', 'T243JSSHR0A986592-001', 'KE-EAEWH0131', 'installed', 'Underfloor harness', 77.62, 1);
INSERT INTO Part (VIN, order_number, vendor_part_number, status, description, unit_price, quantity) VALUES ('T243JSSHR0A986592', 'T243JSSHR0A986592-001', 'KE-ICS0156', 'installed', 'Children and baby car seat', 44.97, 4);
INSERT INTO Part (VIN, order_number, vendor_part_number, status, description, unit_price, quantity) VALUES ('T4ZU00SL0FM541576', 'T4ZU00SL0FM541576-003', 'KE-EAECS0050', 'installed', 'Alternator bracket', 36.29, 4);
INSERT INTO Part (VIN, order_number, vendor_part_number, status, description, unit_price, quantity) VALUES ('T4ZU00SL0FM541576', 'T4ZU00SL0FM541576-003', 'KE-EAES0101', 'installed', 'Manifold absolute pressure sensor', 75.65, 1);
INSERT INTO Part (VIN, order_number, vendor_part_number, status, description, unit_price, quantity) VALUES ('T4ZU00SL0FM541576', 'T4ZU00SL0FM541576-003', 'KE-EAES0109', 'installed', 'ABS brack sensor', 134.03, 1);
INSERT INTO Part (VIN, order_number, vendor_part_number, status, description, unit_price, quantity) VALUES ('T4ZU00SL0FM541576', 'T4ZU00SL0FM541576-003', 'KE-EAES0127', 'installed', 'Frame Switch', 19.23, 2);
INSERT INTO Part (VIN, order_number, vendor_part_number, status, description, unit_price, quantity) VALUES ('VZJVASAMKKS604221', 'VZJVASAMKKS604221-001', 'KE-EAEAD0042', 'installed', 'Antenna cable', 76.72, 2);
INSERT INTO Part (VIN, order_number, vendor_part_number, status, description, unit_price, quantity) VALUES ('01CHA2S3LWA849979', '01CHA2S3LWA849979-003', 'LX-EAES0095', 'installed', 'Camshaft position sensor', 764.7, 1);
INSERT INTO Part (VIN, order_number, vendor_part_number, status, description, unit_price, quantity) VALUES ('01CHA2S3LWA849979', '01CHA2S3LWA849979-003', 'LX-EAESS0117', 'installed', 'Starter Motor', 434.8, 1);
INSERT INTO Part (VIN, order_number, vendor_part_number, status, description, unit_price, quantity) VALUES ('01CHA2S3LWA849979', '01CHA2S3LWA849979-005', 'LX-EAES0102', 'installed', 'Oxygen sensor', 398.72, 1);
INSERT INTO Part (VIN, order_number, vendor_part_number, status, description, unit_price, quantity) VALUES ('0PT8CVJWV8T188907', '0PT8CVJWV8T188907-005', 'LX-EAEGAM0068', 'installed', 'Speedometer', 7.54, 1);
INSERT INTO Part (VIN, order_number, vendor_part_number, status, description, unit_price, quantity) VALUES ('0PT8CVJWV8T188907', '0PT8CVJWV8T188907-005', 'LX-EAES0103', 'installed', 'Power-steering pressure sensor', 11.36, 4);
INSERT INTO Part (VIN, order_number, vendor_part_number, status, description, unit_price, quantity) VALUES ('0PT8CVJWV8T188907', '0PT8CVJWV8T188907-005', 'LX-EAESS0116', 'received', 'Starter drive', 28.11, 4);
INSERT INTO Part (VIN, order_number, vendor_part_number, status, description, unit_price, quantity) VALUES ('2PKESKWHCJ4479804', '2PKESKWHCJ4479804-002', 'LX-EAEESS0054', 'installed', 'Performance battery', 201.73, 1);
INSERT INTO Part (VIN, order_number, vendor_part_number, status, description, unit_price, quantity) VALUES ('2PKESKWHCJ4479804', '2PKESKWHCJ4479804-002', 'LX-ICS0159', 'installed', 'Seat Belt', 90.09, 1);
INSERT INTO Part (VIN, order_number, vendor_part_number, status, description, unit_price, quantity) VALUES ('2PKESKWHCJ4479804', '2PKESKWHCJ4479804-002', 'LX-PACBS0178', 'installed', 'Brake roll', 209.24, 1);
INSERT INTO Part (VIN, order_number, vendor_part_number, status, description, unit_price, quantity) VALUES ('2UWYFE50XIB423887', '2UWYFE50XIB423887-002', 'LX-BAE0017', 'installed', 'Front spoiler', 140.77, 1);
INSERT INTO Part (VIN, order_number, vendor_part_number, status, description, unit_price, quantity) VALUES ('2UWYFE50XIB423887', '2UWYFE50XIB423887-002', 'LX-EAEM0140', 'ordered', 'Fuse', 170.89, 1);
INSERT INTO Part (VIN, order_number, vendor_part_number, status, description, unit_price, quantity) VALUES ('2UWYFE50XIB423887', '2UWYFE50XIB423887-002', 'LX-EAEM0148', 'installed', 'Speedometer calibrator', 169.99, 1);
INSERT INTO Part (VIN, order_number, vendor_part_number, status, description, unit_price, quantity) VALUES ('3TJM4LZERLL108705', '3TJM4LZERLL108705-001', 'LX-EAELASS0083', 'installed', 'Engine bay lighting', 162.61, 1);
INSERT INTO Part (VIN, order_number, vendor_part_number, status, description, unit_price, quantity) VALUES ('3TJM4LZERLL108705', '3TJM4LZERLL108705-001', 'LX-EAEWH0130', 'installed', 'Interior harness', 181.98, 2);
INSERT INTO Part (VIN, order_number, vendor_part_number, status, description, unit_price, quantity) VALUES ('41DPYVQZCO3181476', '41DPYVQZCO3181476-005', 'LX-10141', 'installed', 'Fuse Box: The Alternative Tribute', 107.35, 1);
INSERT INTO Part (VIN, order_number, vendor_part_number, status, description, unit_price, quantity) VALUES ('41DPYVQZCO3181476', '41DPYVQZCO3181476-005', 'LX-EAEIS0079', 'installed', 'Ignition Coil', 419.08, 1);
INSERT INTO Part (VIN, order_number, vendor_part_number, status, description, unit_price, quantity) VALUES ('4GHCRLJOKT6083540', '4GHCRLJOKT6083540-004', 'LX-PACBS0176', 'installed', 'Brake piston', 471.49, 1);
INSERT INTO Part (VIN, order_number, vendor_part_number, status, description, unit_price, quantity) VALUES ('52J1ULU58OB110991', '52J1ULU58OB110991-004', 'LX-BAEW0039', 'installed', 'Windshield washer motor', 56.49, 1);
INSERT INTO Part (VIN, order_number, vendor_part_number, status, description, unit_price, quantity) VALUES ('52J1ULU58OB110991', '52J1ULU58OB110991-004', 'LX-EAEESS0061', 'ordered', 'Voltage regulator', 59.09, 2);
INSERT INTO Part (VIN, order_number, vendor_part_number, status, description, unit_price, quantity) VALUES ('52J1ULU58OB110991', '52J1ULU58OB110991-004', 'LX-EAES0105', 'received', 'Rain sensor', 62.69, 1);
INSERT INTO Part (VIN, order_number, vendor_part_number, status, description, unit_price, quantity) VALUES ('77YSCOERITP460658', '77YSCOERITP460658-003', 'LX-EAES0121', 'received', 'Ignition Switch', 187.08, 1);
INSERT INTO Part (VIN, order_number, vendor_part_number, status, description, unit_price, quantity) VALUES ('77YSCOERITP460658', '77YSCOERITP460658-003', 'LX-ICS0155', 'ordered', 'Bucket Seat', 72.87, 2);
INSERT INTO Part (VIN, order_number, vendor_part_number, status, description, unit_price, quantity) VALUES ('77YSCOERITP460658', '77YSCOERITP460658-003', 'LX-PACBS0196', 'received', 'Master Cylinder', 19.19, 2);
INSERT INTO Part (VIN, order_number, vendor_part_number, status, description, unit_price, quantity) VALUES ('7HMSLYNNGHJ439820', '7HMSLYNNGHJ439820-002', 'LX-EAES0097', 'ordered', 'Engine sensor', 49.77, 1);
INSERT INTO Part (VIN, order_number, vendor_part_number, status, description, unit_price, quantity) VALUES ('7L2HF63NS64790085', '7L2HF63NS64790085-002', 'LX-EAELASS0090', 'received', 'Side lighting', 13.89, 1);
INSERT INTO Part (VIN, order_number, vendor_part_number, status, description, unit_price, quantity) VALUES ('7L2HF63NS64790085', '7L2HF63NS64790085-002', 'LX-EAEM0149', 'installed', 'Transmission computer', 4.79, 1);
INSERT INTO Part (VIN, order_number, vendor_part_number, status, description, unit_price, quantity) VALUES ('7L2HF63NS64790085', '7L2HF63NS64790085-002', 'LX-EAESS0119', 'received', 'Spark Plug', 20.82, 1);
INSERT INTO Part (VIN, order_number, vendor_part_number, status, description, unit_price, quantity) VALUES ('7QRXAX01CS1186500', '7QRXAX01CS1186500-002', 'LX-EAES0097', 'received', 'Engine sensor', 18.77, 4);
INSERT INTO Part (VIN, order_number, vendor_part_number, status, description, unit_price, quantity) VALUES ('7QRXAX01CS1186500', '7QRXAX01CS1186500-002', 'LX-EAEWH0131', 'received', 'Underfloor harness', 74.66, 1);
INSERT INTO Part (VIN, order_number, vendor_part_number, status, description, unit_price, quantity) VALUES ('7QRXAX01CS1186500', '7QRXAX01CS1186500-002', 'LX-PACBS0182', 'ordered', 'Brake lining', 50.67, 1);
INSERT INTO Part (VIN, order_number, vendor_part_number, status, description, unit_price, quantity) VALUES ('7TQARECS56V791799', '7TQARECS56V791799-002', 'LX-BAED0030', 'installed', 'Door and bonnet', 92.33, 1);
INSERT INTO Part (VIN, order_number, vendor_part_number, status, description, unit_price, quantity) VALUES ('8H3HKCNSFNN008758', '8H3HKCNSFNN008758-001', 'LX-EAEGAM0064', 'installed', 'Dynamometer', 387.19, 1);
INSERT INTO Part (VIN, order_number, vendor_part_number, status, description, unit_price, quantity) VALUES ('8VB5KTBJX2A046744', '8VB5KTBJX2A046744-002', 'LX-EAEAD0045', 'installed', 'Speaker', 33.55, 1);
INSERT INTO Part (VIN, order_number, vendor_part_number, status, description, unit_price, quantity) VALUES ('8VB5KTBJX2A046744', '8VB5KTBJX2A046744-002', 'LX-EAES0111', 'installed', 'MAP sensor', 53.34, 1);
INSERT INTO Part (VIN, order_number, vendor_part_number, status, description, unit_price, quantity) VALUES ('8VB5KTBJX2A046744', '8VB5KTBJX2A046744-002', 'LX-EAEWH0128', 'installed', 'Air conditioning harness', 0.21, 1);
INSERT INTO Part (VIN, order_number, vendor_part_number, status, description, unit_price, quantity) VALUES ('8VB5KTBJX2A046744', '8VB5KTBJX2A046744-002', 'LX-PACBS0192', 'installed', 'Air brake nylon hose', 21.41, 1);
INSERT INTO Part (VIN, order_number, vendor_part_number, status, description, unit_price, quantity) VALUES ('8VB5KTBJX2A046744', '8VB5KTBJX2A046744-003', 'LX-BAE0014', 'installed', 'Rocker panel', 57.0, 1);
INSERT INTO Part (VIN, order_number, vendor_part_number, status, description, unit_price, quantity) VALUES ('8VB5KTBJX2A046744', '8VB5KTBJX2A046744-003', 'LX-EAEM0143', 'installed', 'Performance Monitor', 38.8, 1);
INSERT INTO Part (VIN, order_number, vendor_part_number, status, description, unit_price, quantity) VALUES ('A67JHQ2EJUP880876', 'A67JHQ2EJUP880876-001', 'LX-BAED0023', 'installed', 'Door beam and panel', 1.26, 1);
INSERT INTO Part (VIN, order_number, vendor_part_number, status, description, unit_price, quantity) VALUES ('A67JHQ2EJUP880876', 'A67JHQ2EJUP880876-001', 'LX-EAEGAM0065', 'installed', 'Fuel gauge', 89.78, 3);
INSERT INTO Part (VIN, order_number, vendor_part_number, status, description, unit_price, quantity) VALUES ('AA0LZIX8DGI937291', 'AA0LZIX8DGI937291-001', 'LX-BAE0020', 'installed', 'Trunk', 28.98, 3);
INSERT INTO Part (VIN, order_number, vendor_part_number, status, description, unit_price, quantity) VALUES ('AA0LZIX8DGI937291', 'AA0LZIX8DGI937291-001', 'LX-EAEESS0053', 'installed', 'Battery', 12.22, 1);
INSERT INTO Part (VIN, order_number, vendor_part_number, status, description, unit_price, quantity) VALUES ('AA0LZIX8DGI937291', 'AA0LZIX8DGI937291-001', 'LX-EAESS0115', 'installed', 'Starter', 41.68, 1);
INSERT INTO Part (VIN, order_number, vendor_part_number, status, description, unit_price, quantity) VALUES ('BQS2CJ56IBQ176739', 'BQS2CJ56IBQ176739-004', 'LX-BAE0003', 'installed', 'Exposed bumper', 49.89, 2);
INSERT INTO Part (VIN, order_number, vendor_part_number, status, description, unit_price, quantity) VALUES ('BQS2CJ56IBQ176739', 'BQS2CJ56IBQ176739-004', 'LX-EAEM0136', 'installed', 'Cruise control computer', 57.83, 1);
INSERT INTO Part (VIN, order_number, vendor_part_number, status, description, unit_price, quantity) VALUES ('BQS2CJ56IBQ176739', 'BQS2CJ56IBQ176739-004', 'LX-PACBS0164', 'installed', 'ABS steel pin', 31.71, 1);
INSERT INTO Part (VIN, order_number, vendor_part_number, status, description, unit_price, quantity) VALUES ('CSNPRAPWVLK077155', 'CSNPRAPWVLK077155-002', 'LX-PACBS0169', 'ordered', 'Brake backing pad', 1.4, 1);
INSERT INTO Part (VIN, order_number, vendor_part_number, status, description, unit_price, quantity) VALUES ('CSNPRAPWVLK077155', 'CSNPRAPWVLK077155-004', 'LX-BAE0021', 'installed', 'Valance', 57.61, 2);
INSERT INTO Part (VIN, order_number, vendor_part_number, status, description, unit_price, quantity) VALUES ('CSNPRAPWVLK077155', 'CSNPRAPWVLK077155-004', 'LX-BAEW0040', 'installed', 'Window seal', 63.52, 1);
INSERT INTO Part (VIN, order_number, vendor_part_number, status, description, unit_price, quantity) VALUES ('CSNPRAPWVLK077155', 'CSNPRAPWVLK077155-004', 'LX-ICS0157', 'received', 'Fastener', 129.75, 1);
INSERT INTO Part (VIN, order_number, vendor_part_number, status, description, unit_price, quantity) VALUES ('CSNPRAPWVLK077155', 'CSNPRAPWVLK077155-004', 'LX-ICS0158', 'received', 'Headrest', 197.49, 1);
INSERT INTO Part (VIN, order_number, vendor_part_number, status, description, unit_price, quantity) VALUES ('CYQY2QF8RNA506595', 'CYQY2QF8RNA506595-001', 'LX-EAEGAM0072', 'ordered', 'Vacuum gauge', 127.55, 1);
INSERT INTO Part (VIN, order_number, vendor_part_number, status, description, unit_price, quantity) VALUES ('CYQY2QF8RNA506595', 'CYQY2QF8RNA506595-001', 'LX-EAEM0149', 'installed', 'Transmission computer', 89.4, 4);
INSERT INTO Part (VIN, order_number, vendor_part_number, status, description, unit_price, quantity) VALUES ('CYQY2QF8RNA506595', 'CYQY2QF8RNA506595-001', 'LX-EAES0093', 'installed', 'Airbag sensor', 42.42, 1);
INSERT INTO Part (VIN, order_number, vendor_part_number, status, description, unit_price, quantity) VALUES ('CYQY2QF8RNA506595', 'CYQY2QF8RNA506595-001', 'LX-EAEWH0128', 'received', 'Air conditioning harness', 125.91, 1);
INSERT INTO Part (VIN, order_number, vendor_part_number, status, description, unit_price, quantity) VALUES ('FBQBTRRHZVG159504', 'FBQBTRRHZVG159504-004', 'LX-EAES0111', 'installed', 'MAP sensor', 59.94, 1);
INSERT INTO Part (VIN, order_number, vendor_part_number, status, description, unit_price, quantity) VALUES ('GJWDBBORYJD234673', 'GJWDBBORYJD234673-001', 'LX-BAE0021', 'installed', 'Valance', 129.92, 2);
INSERT INTO Part (VIN, order_number, vendor_part_number, status, description, unit_price, quantity) VALUES ('GJWDBBORYJD234673', 'GJWDBBORYJD234673-001', 'LX-BAEW0036', 'installed', 'Window motor', 140.51, 1);
INSERT INTO Part (VIN, order_number, vendor_part_number, status, description, unit_price, quantity) VALUES ('GJWDBBORYJD234673', 'GJWDBBORYJD234673-001', 'LX-EAES0103', 'installed', 'Power-steering pressure sensor', 137.95, 1);
INSERT INTO Part (VIN, order_number, vendor_part_number, status, description, unit_price, quantity) VALUES ('GJWDBBORYJD234673', 'GJWDBBORYJD234673-001', 'LX-PACBS0171', 'installed', 'Brake disc', 198.59, 1);
INSERT INTO Part (VIN, order_number, vendor_part_number, status, description, unit_price, quantity) VALUES ('HV4CWSMM84O846378', 'HV4CWSMM84O846378-001', 'LX-EAECS0050', 'installed', 'Alternator bracket', 491.7, 1);
INSERT INTO Part (VIN, order_number, vendor_part_number, status, description, unit_price, quantity) VALUES ('HV4CWSMM84O846378', 'HV4CWSMM84O846378-001', 'LX-EAEESS0055', 'installed', 'Battery box', 227.74, 1);
INSERT INTO Part (VIN, order_number, vendor_part_number, status, description, unit_price, quantity) VALUES ('HV4CWSMM84O846378', 'HV4CWSMM84O846378-001', 'LX-EAESS0118', 'installed', 'Starter solenoid', 299.41, 1);
INSERT INTO Part (VIN, order_number, vendor_part_number, status, description, unit_price, quantity) VALUES ('HV4CWSMM84O846378', 'HV4CWSMM84O846378-001', 'LX-ICS0154', 'installed', 'Bench Seat', 290.64, 4);
INSERT INTO Part (VIN, order_number, vendor_part_number, status, description, unit_price, quantity) VALUES ('I3M7NWUR0GJ946930', 'I3M7NWUR0GJ946930-001', 'LX-BAE0015', 'installed', 'Roof Rack', 23.39, 1);
INSERT INTO Part (VIN, order_number, vendor_part_number, status, description, unit_price, quantity) VALUES ('I3M7NWUR0GJ946930', 'I3M7NWUR0GJ946930-001', 'LX-EAEESS0054', 'ordered', 'Performance battery', 20.73, 1);
INSERT INTO Part (VIN, order_number, vendor_part_number, status, description, unit_price, quantity) VALUES ('I3M7NWUR0GJ946930', 'I3M7NWUR0GJ946930-001', 'LX-EAEGAM0074', 'ordered', 'Water temperature meter', 25.98, 1);
INSERT INTO Part (VIN, order_number, vendor_part_number, status, description, unit_price, quantity) VALUES ('I3M7NWUR0GJ946930', 'I3M7NWUR0GJ946930-001', 'LX-EAEM0132', 'installed', 'Air bag control module', 22.42, 1);
INSERT INTO Part (VIN, order_number, vendor_part_number, status, description, unit_price, quantity) VALUES ('KG8BHN0NTUF642399', 'KG8BHN0NTUF642399-001', 'LX-BAE0012', 'received', 'Quarter panel', 25.49, 1);
INSERT INTO Part (VIN, order_number, vendor_part_number, status, description, unit_price, quantity) VALUES ('LEQEZHIL372503269', 'LEQEZHIL372503269-001', 'LX-BAE0021', 'ordered', 'Valance', 61.81, 1);
INSERT INTO Part (VIN, order_number, vendor_part_number, status, description, unit_price, quantity) VALUES ('LEQEZHIL372503269', 'LEQEZHIL372503269-001', 'LX-EAECS0052', 'ordered', 'Other alternator parts', 21.78, 1);
INSERT INTO Part (VIN, order_number, vendor_part_number, status, description, unit_price, quantity) VALUES ('LEQEZHIL372503269', 'LEQEZHIL372503269-001', 'LX-EAES0094', 'received', 'Anti-pinch sensor', 252.41, 1);
INSERT INTO Part (VIN, order_number, vendor_part_number, status, description, unit_price, quantity) VALUES ('LEQEZHIL372503269', 'LEQEZHIL372503269-001', 'LX-PACBS0191', 'installed', 'Brake booster hose', 77.4, 4);
INSERT INTO Part (VIN, order_number, vendor_part_number, status, description, unit_price, quantity) VALUES ('MFCEDCRIYU1438485', 'MFCEDCRIYU1438485-003', 'LX-BAE0007', 'installed', 'Fender Musical Instruments Corporation', 33.89, 1);
INSERT INTO Part (VIN, order_number, vendor_part_number, status, description, unit_price, quantity) VALUES ('MFCEDCRIYU1438485', 'MFCEDCRIYU1438485-003', 'LX-EAEM0136', 'installed', 'Cruise control computer', 42.54, 1);
INSERT INTO Part (VIN, order_number, vendor_part_number, status, description, unit_price, quantity) VALUES ('MFCEDCRIYU1438485', 'MFCEDCRIYU1438485-003', 'LX-EAEM0147', 'installed', 'Speed controller', 39.85, 2);
INSERT INTO Part (VIN, order_number, vendor_part_number, status, description, unit_price, quantity) VALUES ('MFCEDCRIYU1438485', 'MFCEDCRIYU1438485-003', 'LX-EAEWH0129', 'installed', 'Engine compartment harness', 41.69, 1);
INSERT INTO Part (VIN, order_number, vendor_part_number, status, description, unit_price, quantity) VALUES ('N6N74WLAP33523834', 'N6N74WLAP33523834-002', 'LX-BAED0032', 'installed', 'Centre Locking', 23.65, 1);
INSERT INTO Part (VIN, order_number, vendor_part_number, status, description, unit_price, quantity) VALUES ('N6N74WLAP33523834', 'N6N74WLAP33523834-002', 'LX-EAES0112', 'installed', 'IMA sensor', 31.84, 1);
INSERT INTO Part (VIN, order_number, vendor_part_number, status, description, unit_price, quantity) VALUES ('N6N74WLAP33523834', 'N6N74WLAP33523834-002', 'LX-PACBS0191', 'installed', 'Brake booster hose', 86.62, 1);
INSERT INTO Part (VIN, order_number, vendor_part_number, status, description, unit_price, quantity) VALUES ('N6SHU6PIZHU230217', 'N6SHU6PIZHU230217-001', 'LX-BAE0003', 'installed', 'Exposed bumper', 97.46, 1);
INSERT INTO Part (VIN, order_number, vendor_part_number, status, description, unit_price, quantity) VALUES ('N6SHU6PIZHU230217', 'N6SHU6PIZHU230217-001', 'LX-EAES0120', 'installed', 'Door switch', 225.9, 1);
INSERT INTO Part (VIN, order_number, vendor_part_number, status, description, unit_price, quantity) VALUES ('N6SHU6PIZHU230217', 'N6SHU6PIZHU230217-001', 'LX-ICS0155', 'installed', 'Bucket Seat', 109.2, 1);
INSERT INTO Part (VIN, order_number, vendor_part_number, status, description, unit_price, quantity) VALUES ('N6SHU6PIZHU230217', 'N6SHU6PIZHU230217-001', 'LX-PACBS0187', 'installed', 'Combination valve', 112.65, 4);
INSERT INTO Part (VIN, order_number, vendor_part_number, status, description, unit_price, quantity) VALUES ('NEWE3K53GY7625960', 'NEWE3K53GY7625960-001', 'LX-EAEIS0076', 'received', 'Distributor', 50.84, 1);
INSERT INTO Part (VIN, order_number, vendor_part_number, status, description, unit_price, quantity) VALUES ('NEWE3K53GY7625960', 'NEWE3K53GY7625960-001', 'LX-EAEIS0079', 'received', 'Ignition Coil', 0.66, 1);
INSERT INTO Part (VIN, order_number, vendor_part_number, status, description, unit_price, quantity) VALUES ('NEWE3K53GY7625960', 'NEWE3K53GY7625960-001', 'LX-EAES0114', 'ordered', 'ABS sensor', 32.58, 1);
INSERT INTO Part (VIN, order_number, vendor_part_number, status, description, unit_price, quantity) VALUES ('NEWE3K53GY7625960', 'NEWE3K53GY7625960-002', 'LX-EAEWH0131', 'installed', 'Underfloor harness', 1.89, 1);
INSERT INTO Part (VIN, order_number, vendor_part_number, status, description, unit_price, quantity) VALUES ('NEWE3K53GY7625960', 'NEWE3K53GY7625960-002', 'LX-PACBS0172', 'received', 'Brake drum', 65.56, 1);
INSERT INTO Part (VIN, order_number, vendor_part_number, status, description, unit_price, quantity) VALUES ('P6MQEVF1IQJ610623', 'P6MQEVF1IQJ610623-003', 'LX-EAEGAM0073', 'installed', 'Voltmeter', 26.77, 1);
INSERT INTO Part (VIN, order_number, vendor_part_number, status, description, unit_price, quantity) VALUES ('P6MQEVF1IQJ610623', 'P6MQEVF1IQJ610623-003', 'LX-EAES0112', 'installed', 'IMA sensor', 24.31, 1);
INSERT INTO Part (VIN, order_number, vendor_part_number, status, description, unit_price, quantity) VALUES ('P6MQEVF1IQJ610623', 'P6MQEVF1IQJ610623-003', 'LX-EAESS0116', 'installed', 'Starter drive', 83.61, 1);
INSERT INTO Part (VIN, order_number, vendor_part_number, status, description, unit_price, quantity) VALUES ('Q60GMZWT47I158333', 'Q60GMZWT47I158333-001', 'LX-BAED0026', 'installed', 'Door control module', 44.52, 1);
INSERT INTO Part (VIN, order_number, vendor_part_number, status, description, unit_price, quantity) VALUES ('Q60GMZWT47I158333', 'Q60GMZWT47I158333-001', 'LX-PACBS0165', 'installed', 'Adjusting mechanism', 50.54, 1);
INSERT INTO Part (VIN, order_number, vendor_part_number, status, description, unit_price, quantity) VALUES ('Q8DL7A5M6DW706622', 'Q8DL7A5M6DW706622-003', 'LX-EAECS0050', 'installed', 'Alternator bracket', 3.72, 1);
INSERT INTO Part (VIN, order_number, vendor_part_number, status, description, unit_price, quantity) VALUES ('Q8DL7A5M6DW706622', 'Q8DL7A5M6DW706622-003', 'LX-EAEGAM0073', 'installed', 'Voltmeter', 51.78, 1);
INSERT INTO Part (VIN, order_number, vendor_part_number, status, description, unit_price, quantity) VALUES ('Q8DL7A5M6DW706622', 'Q8DL7A5M6DW706622-003', 'LX-ICS0161', 'installed', 'Seat cover', 41.96, 1);
INSERT INTO Part (VIN, order_number, vendor_part_number, status, description, unit_price, quantity) VALUES ('RBSQUJWFZ4A708786', 'RBSQUJWFZ4A708786-002', 'LX-EAEIS0077', 'installed', 'Electronic timing controller', 9.07, 1);
INSERT INTO Part (VIN, order_number, vendor_part_number, status, description, unit_price, quantity) VALUES ('RBSQUJWFZ4A708786', 'RBSQUJWFZ4A708786-002', 'LX-EAES0095', 'installed', 'Camshaft position sensor', 24.98, 1);
INSERT INTO Part (VIN, order_number, vendor_part_number, status, description, unit_price, quantity) VALUES ('RBSQUJWFZ4A708786', 'RBSQUJWFZ4A708786-002', 'LX-EAES0103', 'installed', 'Power-steering pressure sensor', 8.18, 4);
INSERT INTO Part (VIN, order_number, vendor_part_number, status, description, unit_price, quantity) VALUES ('RYY32CGB7QR718629', 'RYY32CGB7QR718629-002', 'LX-EAEIS0077', 'installed', 'Electronic timing controller', 110.32, 1);
INSERT INTO Part (VIN, order_number, vendor_part_number, status, description, unit_price, quantity) VALUES ('RYY32CGB7QR718629', 'RYY32CGB7QR718629-002', 'LX-PACBS0164', 'installed', 'ABS steel pin', 53.33, 1);
INSERT INTO Part (VIN, order_number, vendor_part_number, status, description, unit_price, quantity) VALUES ('T243JSSHR0A986592', 'T243JSSHR0A986592-004', 'LX-PACBS0180', 'installed', 'Brake servo', 35.41, 1);
INSERT INTO Part (VIN, order_number, vendor_part_number, status, description, unit_price, quantity) VALUES ('WBMXRC0KFEQ531154', 'WBMXRC0KFEQ531154-001', 'LX-EAEM0148', 'installed', 'Speedometer calibrator', 30.29, 1);
INSERT INTO Part (VIN, order_number, vendor_part_number, status, description, unit_price, quantity) VALUES ('WBMXRC0KFEQ531154', 'WBMXRC0KFEQ531154-001', 'LX-EAEWH0130', 'installed', 'Interior harness', 105.96, 1);
INSERT INTO Part (VIN, order_number, vendor_part_number, status, description, unit_price, quantity) VALUES ('WBMXRC0KFEQ531154', 'WBMXRC0KFEQ531154-001', 'LX-PACBS0167', 'installed', 'Bleed nipple', 39.82, 1);
INSERT INTO Part (VIN, order_number, vendor_part_number, status, description, unit_price, quantity) VALUES ('WBMXRC0KFEQ531154', 'WBMXRC0KFEQ531154-001', 'LX-PACBS0191', 'installed', 'Brake booster hose', 69.61, 1);
INSERT INTO Part (VIN, order_number, vendor_part_number, status, description, unit_price, quantity) VALUES ('22EISXE65K7154002', '22EISXE65K7154002-001', 'NM-BAEW0033', 'installed', 'Glass', 25.81, 1);
INSERT INTO Part (VIN, order_number, vendor_part_number, status, description, unit_price, quantity) VALUES ('22EISXE65K7154002', '22EISXE65K7154002-001', 'NM-EAEGAM0065', 'installed', 'Fuel gauge', 115.27, 1);
INSERT INTO Part (VIN, order_number, vendor_part_number, status, description, unit_price, quantity) VALUES ('22EISXE65K7154002', '22EISXE65K7154002-001', 'NM-EAESS0118', 'installed', 'Starter solenoid', 265.18, 1);
INSERT INTO Part (VIN, order_number, vendor_part_number, status, description, unit_price, quantity) VALUES ('2J8FN6TAGEZ924085', '2J8FN6TAGEZ924085-001', 'NM-BAE0006', 'received', 'Fascia rear and support', 42.29, 1);
INSERT INTO Part (VIN, order_number, vendor_part_number, status, description, unit_price, quantity) VALUES ('2J8FN6TAGEZ924085', '2J8FN6TAGEZ924085-001', 'NM-BAE0008', 'received', 'Front clip', 64.71, 1);
INSERT INTO Part (VIN, order_number, vendor_part_number, status, description, unit_price, quantity) VALUES ('2J8FN6TAGEZ924085', '2J8FN6TAGEZ924085-001', 'NM-EAEIS0077', 'ordered', 'Electronic timing controller', 92.36, 1);
INSERT INTO Part (VIN, order_number, vendor_part_number, status, description, unit_price, quantity) VALUES ('2J8FN6TAGEZ924085', '2J8FN6TAGEZ924085-001', 'NM-PACBS0167', 'received', 'Bleed nipple', 148.73, 1);
INSERT INTO Part (VIN, order_number, vendor_part_number, status, description, unit_price, quantity) VALUES ('2UWYFE50XIB423887', '2UWYFE50XIB423887-001', 'NM-ICS0160', 'installed', 'Seat bracket', 23.9, 1);
INSERT INTO Part (VIN, order_number, vendor_part_number, status, description, unit_price, quantity) VALUES ('2UWYFE50XIB423887', '2UWYFE50XIB423887-001', 'NM-PACBS0170', 'installed', 'Brake cooling duct', 77.76, 1);
INSERT INTO Part (VIN, order_number, vendor_part_number, status, description, unit_price, quantity) VALUES ('3FFSR68RD0K441878', '3FFSR68RD0K441878-003', 'NM-EAES0122', 'installed', 'Power window switch', 40.06, 1);
INSERT INTO Part (VIN, order_number, vendor_part_number, status, description, unit_price, quantity) VALUES ('3NO8BO4OGTL807840', '3NO8BO4OGTL807840-001', 'NM-BAE0015', 'installed', 'Roof Rack', 305.26, 4);
INSERT INTO Part (VIN, order_number, vendor_part_number, status, description, unit_price, quantity) VALUES ('3NO8BO4OGTL807840', '3NO8BO4OGTL807840-001', 'NM-EAEIS0080', 'installed', 'Ignition coil parts', 189.41, 2);
INSERT INTO Part (VIN, order_number, vendor_part_number, status, description, unit_price, quantity) VALUES ('42JDWI0F3D2375784', '42JDWI0F3D2375784-001', 'NM-EAEM0148', 'installed', 'Speedometer calibrator', 12.76, 1);
INSERT INTO Part (VIN, order_number, vendor_part_number, status, description, unit_price, quantity) VALUES ('42JDWI0F3D2375784', '42JDWI0F3D2375784-001', 'NM-EAES0120', 'installed', 'Door switch', 287.31, 1);
INSERT INTO Part (VIN, order_number, vendor_part_number, status, description, unit_price, quantity) VALUES ('52J1ULU58OB110991', '52J1ULU58OB110991-005', 'NM-EAEESS0058', 'ordered', 'Battery control system', 98.17, 1);
INSERT INTO Part (VIN, order_number, vendor_part_number, status, description, unit_price, quantity) VALUES ('52J1ULU58OB110991', '52J1ULU58OB110991-005', 'NM-EAEM0148', 'received', 'Speedometer calibrator', 68.54, 1);
INSERT INTO Part (VIN, order_number, vendor_part_number, status, description, unit_price, quantity) VALUES ('63IMJ2UQAPP800193', '63IMJ2UQAPP800193-001', 'NM-PACBS0197', 'ordered', 'Metering valve', 2.42, 1);
INSERT INTO Part (VIN, order_number, vendor_part_number, status, description, unit_price, quantity) VALUES ('7D8A8QCVRII360920', '7D8A8QCVRII360920-001', 'NM-BAE0004', 'installed', 'Cowl screen', 28.29, 4);
INSERT INTO Part (VIN, order_number, vendor_part_number, status, description, unit_price, quantity) VALUES ('7D8A8QCVRII360920', '7D8A8QCVRII360920-001', 'NM-BAED0030', 'installed', 'Door and bonnet', 14.71, 1);
INSERT INTO Part (VIN, order_number, vendor_part_number, status, description, unit_price, quantity) VALUES ('7D8A8QCVRII360920', '7D8A8QCVRII360920-001', 'NM-EAECS0049', 'installed', 'Alternator bearing', 6.12, 3);
INSERT INTO Part (VIN, order_number, vendor_part_number, status, description, unit_price, quantity) VALUES ('7RCMKD0P62B359074', '7RCMKD0P62B359074-002', 'NM-EAEGAM0069', 'installed', 'Tachometer', 24.68, 1);
INSERT INTO Part (VIN, order_number, vendor_part_number, status, description, unit_price, quantity) VALUES ('A67JHQ2EJUP880876', 'A67JHQ2EJUP880876-005', 'NM-10141', 'installed', 'Fuse Box: The Alternative Tribute', 46.38, 1);
INSERT INTO Part (VIN, order_number, vendor_part_number, status, description, unit_price, quantity) VALUES ('A67JHQ2EJUP880876', 'A67JHQ2EJUP880876-005', 'NM-BAE0014', 'installed', 'Rocker panel', 76.12, 1);
INSERT INTO Part (VIN, order_number, vendor_part_number, status, description, unit_price, quantity) VALUES ('A67JHQ2EJUP880876', 'A67JHQ2EJUP880876-005', 'NM-EAECS0050', 'installed', 'Alternator bracket', 107.33, 1);
INSERT INTO Part (VIN, order_number, vendor_part_number, status, description, unit_price, quantity) VALUES ('A67JHQ2EJUP880876', 'A67JHQ2EJUP880876-005', 'NM-PACBS0174', 'installed', 'Brake pad', 108.22, 4);
INSERT INTO Part (VIN, order_number, vendor_part_number, status, description, unit_price, quantity) VALUES ('ALPWS6CXQO6590947', 'ALPWS6CXQO6590947-002', 'NM-PACBS0198', 'installed', 'Other braking system parts', 64.09, 1);
INSERT INTO Part (VIN, order_number, vendor_part_number, status, description, unit_price, quantity) VALUES ('CRB7J3UXZ61575642', 'CRB7J3UXZ61575642-001', 'NM-BAE0007', 'installed', 'Fender Musical Instruments Corporation', 57.69, 2);
INSERT INTO Part (VIN, order_number, vendor_part_number, status, description, unit_price, quantity) VALUES ('CRB7J3UXZ61575642', 'CRB7J3UXZ61575642-001', 'NM-BAEW0033', 'installed', 'Glass', 86.13, 1);
INSERT INTO Part (VIN, order_number, vendor_part_number, status, description, unit_price, quantity) VALUES ('CRB7J3UXZ61575642', 'CRB7J3UXZ61575642-001', 'NM-EAEWH0129', 'installed', 'Engine compartment harness', 255.86, 3);
INSERT INTO Part (VIN, order_number, vendor_part_number, status, description, unit_price, quantity) VALUES ('CRB7J3UXZ61575642', 'CRB7J3UXZ61575642-001', 'NM-PACBS0190', 'installed', 'Hose', 523.18, 2);
INSERT INTO Part (VIN, order_number, vendor_part_number, status, description, unit_price, quantity) VALUES ('CSNPRAPWVLK077155', 'CSNPRAPWVLK077155-003', 'NM-EAEAD0041', 'ordered', 'Antenna assembly', 76.66, 1);
INSERT INTO Part (VIN, order_number, vendor_part_number, status, description, unit_price, quantity) VALUES ('CSNPRAPWVLK077155', 'CSNPRAPWVLK077155-003', 'NM-PACBS0195', 'installed', 'Load-sensing valve', 157.35, 1);
INSERT INTO Part (VIN, order_number, vendor_part_number, status, description, unit_price, quantity) VALUES ('EIA3R8DZFZH945841', 'EIA3R8DZFZH945841-002', 'NM-EAEESS0054', 'installed', 'Performance battery', 61.51, 1);
INSERT INTO Part (VIN, order_number, vendor_part_number, status, description, unit_price, quantity) VALUES ('EURVOJ6RTMZ196274', 'EURVOJ6RTMZ196274-003', 'NM-ICS0158', 'received', 'Headrest', 14.64, 1);
INSERT INTO Part (VIN, order_number, vendor_part_number, status, description, unit_price, quantity) VALUES ('EURVOJ6RTMZ196274', 'EURVOJ6RTMZ196274-003', 'NM-PACBS0195', 'received', 'Load-sensing valve', 86.17, 3);
INSERT INTO Part (VIN, order_number, vendor_part_number, status, description, unit_price, quantity) VALUES ('FBW1SNMBJRO366159', 'FBW1SNMBJRO366159-003', 'NM-BAE0017', 'installed', 'Front spoiler', 176.81, 1);
INSERT INTO Part (VIN, order_number, vendor_part_number, status, description, unit_price, quantity) VALUES ('FBW1SNMBJRO366159', 'FBW1SNMBJRO366159-003', 'NM-BAED0026', 'installed', 'Door control module', 64.71, 1);
INSERT INTO Part (VIN, order_number, vendor_part_number, status, description, unit_price, quantity) VALUES ('FBW1SNMBJRO366159', 'FBW1SNMBJRO366159-003', 'NM-BAEW0033', 'installed', 'Glass', 73.09, 1);
INSERT INTO Part (VIN, order_number, vendor_part_number, status, description, unit_price, quantity) VALUES ('FBW1SNMBJRO366159', 'FBW1SNMBJRO366159-003', 'NM-PACBS0172', 'installed', 'Brake drum', 1.21, 1);
INSERT INTO Part (VIN, order_number, vendor_part_number, status, description, unit_price, quantity) VALUES ('FBW1SNMBJRO366159', 'FBW1SNMBJRO366159-005', 'NM-BAE0016', 'installed', 'Spoiler', 150.97, 2);
INSERT INTO Part (VIN, order_number, vendor_part_number, status, description, unit_price, quantity) VALUES ('FBW1SNMBJRO366159', 'FBW1SNMBJRO366159-005', 'NM-EAEIS0081', 'installed', 'Ignition controller', 118.68, 1);
INSERT INTO Part (VIN, order_number, vendor_part_number, status, description, unit_price, quantity) VALUES ('FBW1SNMBJRO366159', 'FBW1SNMBJRO366159-005', 'NM-EAES0124', 'installed', 'Switch cover', 53.25, 1);
INSERT INTO Part (VIN, order_number, vendor_part_number, status, description, unit_price, quantity) VALUES ('FTU4SK7135C710080', 'FTU4SK7135C710080-004', 'NM-EAES0100', 'installed', 'Light sensor', 116.13, 1);
INSERT INTO Part (VIN, order_number, vendor_part_number, status, description, unit_price, quantity) VALUES ('FTU4SK7135C710080', 'FTU4SK7135C710080-004', 'NM-ICS0156', 'installed', 'Children and baby car seat', 156.61, 1);
INSERT INTO Part (VIN, order_number, vendor_part_number, status, description, unit_price, quantity) VALUES ('GDXK0JVJI0R636667', 'GDXK0JVJI0R636667-002', 'NM-EAEESS0055', 'installed', 'Battery box', 0.2, 1);
INSERT INTO Part (VIN, order_number, vendor_part_number, status, description, unit_price, quantity) VALUES ('GHMZYD6YMKB413330', 'GHMZYD6YMKB413330-003', 'NM-EAEIS0075', 'ordered', 'Coil wire', 70.55, 1);
INSERT INTO Part (VIN, order_number, vendor_part_number, status, description, unit_price, quantity) VALUES ('GHMZYD6YMKB413330', 'GHMZYD6YMKB413330-003', 'NM-PACBS0179', 'installed', 'Brake rotor', 18.84, 1);
INSERT INTO Part (VIN, order_number, vendor_part_number, status, description, unit_price, quantity) VALUES ('GUSD5Z52ID6316641', 'GUSD5Z52ID6316641-005', 'NM-BAEW0036', 'ordered', 'Window motor', 102.44, 1);
INSERT INTO Part (VIN, order_number, vendor_part_number, status, description, unit_price, quantity) VALUES ('KEQ2CFPH7RO593605', 'KEQ2CFPH7RO593605-001', 'NM-EAEESS0061', 'installed', 'Voltage regulator', 191.23, 2);
INSERT INTO Part (VIN, order_number, vendor_part_number, status, description, unit_price, quantity) VALUES ('KEQ2CFPH7RO593605', 'KEQ2CFPH7RO593605-001', 'NM-EAELASS0092', 'installed', 'Tail light cover', 123.26, 1);
INSERT INTO Part (VIN, order_number, vendor_part_number, status, description, unit_price, quantity) VALUES ('KEQ2CFPH7RO593605', 'KEQ2CFPH7RO593605-001', 'NM-EAEM0149', 'installed', 'Transmission computer', 134.64, 1);
INSERT INTO Part (VIN, order_number, vendor_part_number, status, description, unit_price, quantity) VALUES ('L7OR57TJ78J722023', 'L7OR57TJ78J722023-001', 'NM-EAEGAM0065', 'installed', 'Fuel gauge', 99.84, 1);
INSERT INTO Part (VIN, order_number, vendor_part_number, status, description, unit_price, quantity) VALUES ('L7OR57TJ78J722023', 'L7OR57TJ78J722023-001', 'NM-PACBS0192', 'installed', 'Air brake nylon hose', 61.62, 1);
INSERT INTO Part (VIN, order_number, vendor_part_number, status, description, unit_price, quantity) VALUES ('L7OR57TJ78J722023', 'L7OR57TJ78J722023-003', 'NM-EAEWH0131', 'installed', 'Underfloor harness', 40.96, 1);
INSERT INTO Part (VIN, order_number, vendor_part_number, status, description, unit_price, quantity) VALUES ('LBOZN1LVD46821421', 'LBOZN1LVD46821421-002', 'NM-EAEM0149', 'installed', 'Transmission computer', 243.59, 1);
INSERT INTO Part (VIN, order_number, vendor_part_number, status, description, unit_price, quantity) VALUES ('LBOZN1LVD46821421', 'LBOZN1LVD46821421-002', 'NM-EAES0095', 'installed', 'Camshaft position sensor', 154.21, 1);
INSERT INTO Part (VIN, order_number, vendor_part_number, status, description, unit_price, quantity) VALUES ('LBOZN1LVD46821421', 'LBOZN1LVD46821421-002', 'NM-EAEWH0130', 'installed', 'Interior harness', 176.01, 1);
INSERT INTO Part (VIN, order_number, vendor_part_number, status, description, unit_price, quantity) VALUES ('LBOZN1LVD46821421', 'LBOZN1LVD46821421-002', 'NM-PACBS0164', 'installed', 'ABS steel pin', 335.11, 1);
INSERT INTO Part (VIN, order_number, vendor_part_number, status, description, unit_price, quantity) VALUES ('M1HFENPSVSL450248', 'M1HFENPSVSL450248-001', 'NM-BAE0000', 'installed', 'Bonnet/hood', 183.08, 1);
INSERT INTO Part (VIN, order_number, vendor_part_number, status, description, unit_price, quantity) VALUES ('M1HFENPSVSL450248', 'M1HFENPSVSL450248-001', 'NM-EAEGAM0069', 'installed', 'Tachometer', 29.59, 1);
INSERT INTO Part (VIN, order_number, vendor_part_number, status, description, unit_price, quantity) VALUES ('M1HFENPSVSL450248', 'M1HFENPSVSL450248-001', 'NM-EAES0093', 'installed', 'Airbag sensor', 22.78, 1);
INSERT INTO Part (VIN, order_number, vendor_part_number, status, description, unit_price, quantity) VALUES ('M1HFENPSVSL450248', 'M1HFENPSVSL450248-001', 'NM-EAEWH0128', 'installed', 'Air conditioning harness', 75.37, 1);
INSERT INTO Part (VIN, order_number, vendor_part_number, status, description, unit_price, quantity) VALUES ('MFCEDCRIYU1438485', 'MFCEDCRIYU1438485-004', 'NM-PACBS0168', 'installed', 'Brake backing plate', 45.23, 1);
INSERT INTO Part (VIN, order_number, vendor_part_number, status, description, unit_price, quantity) VALUES ('NR8MRVX5E8D221451', 'NR8MRVX5E8D221451-003', 'NM-BAE0004', 'installed', 'Cowl screen', 95.5, 1);
INSERT INTO Part (VIN, order_number, vendor_part_number, status, description, unit_price, quantity) VALUES ('NR8MRVX5E8D221451', 'NR8MRVX5E8D221451-003', 'NM-EAECS0049', 'installed', 'Alternator bearing', 145.67, 1);
INSERT INTO Part (VIN, order_number, vendor_part_number, status, description, unit_price, quantity) VALUES ('NR8MRVX5E8D221451', 'NR8MRVX5E8D221451-003', 'NM-EAEGAM0063', 'received', 'Clinometer', 124.1, 1);
INSERT INTO Part (VIN, order_number, vendor_part_number, status, description, unit_price, quantity) VALUES ('NR8MRVX5E8D221451', 'NR8MRVX5E8D221451-003', 'NM-EAES0108', 'received', 'Transmission input and output sensor', 88.39, 1);
INSERT INTO Part (VIN, order_number, vendor_part_number, status, description, unit_price, quantity) VALUES ('RO4NPMLPRAU291778', 'RO4NPMLPRAU291778-004', 'NM-BAE0011', 'installed', 'Pillar and hard trim', 206.14, 5);
INSERT INTO Part (VIN, order_number, vendor_part_number, status, description, unit_price, quantity) VALUES ('RO4NPMLPRAU291778', 'RO4NPMLPRAU291778-004', 'NM-EAEGAM0062', 'installed', 'Ammeter', 277.06, 1);
INSERT INTO Part (VIN, order_number, vendor_part_number, status, description, unit_price, quantity) VALUES ('RO4NPMLPRAU291778', 'RO4NPMLPRAU291778-004', 'NM-EAELASS0085', 'installed', 'Halogen', 59.85, 1);
INSERT INTO Part (VIN, order_number, vendor_part_number, status, description, unit_price, quantity) VALUES ('RO4NPMLPRAU291778', 'RO4NPMLPRAU291778-004', 'NM-EAESS0116', 'installed', 'Starter drive', 9.48, 1);
INSERT INTO Part (VIN, order_number, vendor_part_number, status, description, unit_price, quantity) VALUES ('TSKEZMWTN2C772047', 'TSKEZMWTN2C772047-002', 'NM-BAED0030', 'installed', 'Door and bonnet', 47.92, 1);
INSERT INTO Part (VIN, order_number, vendor_part_number, status, description, unit_price, quantity) VALUES ('TSKEZMWTN2C772047', 'TSKEZMWTN2C772047-002', 'NM-EAELASS0091', 'installed', 'Tail light', 3.15, 2);
INSERT INTO Part (VIN, order_number, vendor_part_number, status, description, unit_price, quantity) VALUES ('TSKEZMWTN2C772047', 'TSKEZMWTN2C772047-002', 'NM-PACBS0180', 'installed', 'Brake servo', 11.16, 1);
INSERT INTO Part (VIN, order_number, vendor_part_number, status, description, unit_price, quantity) VALUES ('U73PMGHR3NU905301', 'U73PMGHR3NU905301-004', 'NM-BAE0021', 'installed', 'Valance', 9.66, 1);
INSERT INTO Part (VIN, order_number, vendor_part_number, status, description, unit_price, quantity) VALUES ('U73PMGHR3NU905301', 'U73PMGHR3NU905301-004', 'NM-EAES0107', 'installed', 'Temperature sensor', 78.75, 1);
INSERT INTO Part (VIN, order_number, vendor_part_number, status, description, unit_price, quantity) VALUES ('U73PMGHR3NU905301', 'U73PMGHR3NU905301-004', 'NM-EAEWH0131', 'installed', 'Underfloor harness', 91.52, 4);
INSERT INTO Part (VIN, order_number, vendor_part_number, status, description, unit_price, quantity) VALUES ('UZ2261G58WF281968', 'UZ2261G58WF281968-001', 'NM-BAE0001', 'received', 'Bumper', 281.81, 1);
INSERT INTO Part (VIN, order_number, vendor_part_number, status, description, unit_price, quantity) VALUES ('UZ2261G58WF281968', 'UZ2261G58WF281968-001', 'NM-BAEW0038', 'ordered', 'Windshield', 563.3, 2);
INSERT INTO Part (VIN, order_number, vendor_part_number, status, description, unit_price, quantity) VALUES ('UZ2261G58WF281968', 'UZ2261G58WF281968-001', 'NM-EAELASS0086', 'ordered', 'Headlight', 73.23, 1);
INSERT INTO Part (VIN, order_number, vendor_part_number, status, description, unit_price, quantity) VALUES ('UZ2261G58WF281968', 'UZ2261G58WF281968-001', 'NM-PACBS0171', 'ordered', 'Brake disc', 604.9, 2);
INSERT INTO Part (VIN, order_number, vendor_part_number, status, description, unit_price, quantity) VALUES ('VWF36GH8UML053642', 'VWF36GH8UML053642-001', 'NM-EAES0113', 'installed', 'Oil level sensor', 154.52, 1);
INSERT INTO Part (VIN, order_number, vendor_part_number, status, description, unit_price, quantity) VALUES ('VWF36GH8UML053642', 'VWF36GH8UML053642-001', 'NM-EAES0123', 'installed', 'Steering column switch', 160.01, 1);
INSERT INTO Part (VIN, order_number, vendor_part_number, status, description, unit_price, quantity) VALUES ('VWF36GH8UML053642', 'VWF36GH8UML053642-001', 'NM-EAES0124', 'installed', 'Switch cover', 43.07, 1);
INSERT INTO Part (VIN, order_number, vendor_part_number, status, description, unit_price, quantity) VALUES ('WA73P2TB0BO402832', 'WA73P2TB0BO402832-004', 'NM-BAED0032', 'installed', 'Centre Locking', 20.71, 1);
INSERT INTO Part (VIN, order_number, vendor_part_number, status, description, unit_price, quantity) VALUES ('YITE7BMX1N7857452', 'YITE7BMX1N7857452-002', 'NM-BAEW0033', 'installed', 'Glass', 79.59, 1);
INSERT INTO Part (VIN, order_number, vendor_part_number, status, description, unit_price, quantity) VALUES ('YITE7BMX1N7857452', 'YITE7BMX1N7857452-002', 'NM-EAEM0138', 'installed', 'Engine computer and management system', 62.89, 1);
INSERT INTO Part (VIN, order_number, vendor_part_number, status, description, unit_price, quantity) VALUES ('YITE7BMX1N7857452', 'YITE7BMX1N7857452-002', 'NM-IFCAP0152', 'installed', 'Center console', 102.93, 1);
INSERT INTO Part (VIN, order_number, vendor_part_number, status, description, unit_price, quantity) VALUES ('YITE7BMX1N7857452', 'YITE7BMX1N7857452-002', 'NM-PACBS0170', 'installed', 'Brake cooling duct', 92.7, 1);
INSERT INTO Part (VIN, order_number, vendor_part_number, status, description, unit_price, quantity) VALUES ('YL8S255YJYA054546', 'YL8S255YJYA054546-001', 'NM-BAE0020', 'installed', 'Trunk', 20.77, 1);
INSERT INTO Part (VIN, order_number, vendor_part_number, status, description, unit_price, quantity) VALUES ('YL8S255YJYA054546', 'YL8S255YJYA054546-001', 'NM-EAEGAM0062', 'installed', 'Ammeter', 21.39, 1);
INSERT INTO Part (VIN, order_number, vendor_part_number, status, description, unit_price, quantity) VALUES ('YL8S255YJYA054546', 'YL8S255YJYA054546-001', 'NM-EAES0112', 'installed', 'IMA sensor', 54.32, 2);
INSERT INTO Part (VIN, order_number, vendor_part_number, status, description, unit_price, quantity) VALUES ('ZJ8V6INQOV2978667', 'ZJ8V6INQOV2978667-002', 'NM-BAEW0033', 'installed', 'Glass', 38.54, 2);
INSERT INTO Part (VIN, order_number, vendor_part_number, status, description, unit_price, quantity) VALUES ('ZJ8V6INQOV2978667', 'ZJ8V6INQOV2978667-002', 'NM-PACBS0167', 'installed', 'Bleed nipple', 78.83, 1);
INSERT INTO Part (VIN, order_number, vendor_part_number, status, description, unit_price, quantity) VALUES ('01CHA2S3LWA849979', '01CHA2S3LWA849979-002', 'OH-EAEESS0057', 'installed', 'Battery cable', 213.33, 1);
INSERT INTO Part (VIN, order_number, vendor_part_number, status, description, unit_price, quantity) VALUES ('0D2HX2R6775123500', '0D2HX2R6775123500-001', 'OH-BAE0021', 'installed', 'Valance', 185.06, 1);
INSERT INTO Part (VIN, order_number, vendor_part_number, status, description, unit_price, quantity) VALUES ('0D2HX2R6775123500', '0D2HX2R6775123500-001', 'OH-EAEESS0055', 'installed', 'Battery box', 195.35, 1);
INSERT INTO Part (VIN, order_number, vendor_part_number, status, description, unit_price, quantity) VALUES ('0D2HX2R6775123500', '0D2HX2R6775123500-001', 'OH-EAELASS0088', 'installed', 'Interior light and lamp', 28.66, 1);
INSERT INTO Part (VIN, order_number, vendor_part_number, status, description, unit_price, quantity) VALUES ('0D2HX2R6775123500', '0D2HX2R6775123500-001', 'OH-EAESS0115', 'installed', 'Starter', 143.58, 1);
INSERT INTO Part (VIN, order_number, vendor_part_number, status, description, unit_price, quantity) VALUES ('0GXWO6TK0YG939311', '0GXWO6TK0YG939311-002', 'OH-BAE0011', 'installed', 'Pillar and hard trim', 110.54, 1);
INSERT INTO Part (VIN, order_number, vendor_part_number, status, description, unit_price, quantity) VALUES ('0GXWO6TK0YG939311', '0GXWO6TK0YG939311-002', 'OH-BAE0013', 'installed', 'Radiator core support', 65.96, 1);
INSERT INTO Part (VIN, order_number, vendor_part_number, status, description, unit_price, quantity) VALUES ('0PT8CVJWV8T188907', '0PT8CVJWV8T188907-001', 'OH-10141', 'ordered', 'Fuse Box: The Alternative Tribute', 9.53, 1);
INSERT INTO Part (VIN, order_number, vendor_part_number, status, description, unit_price, quantity) VALUES ('0PT8CVJWV8T188907', '0PT8CVJWV8T188907-001', 'OH-BAED0027', 'received', 'Door seal', 21.88, 1);
INSERT INTO Part (VIN, order_number, vendor_part_number, status, description, unit_price, quantity) VALUES ('0PT8CVJWV8T188907', '0PT8CVJWV8T188907-001', 'OH-EAEM0137', 'installed', 'Door contact', 9.99, 1);
INSERT INTO Part (VIN, order_number, vendor_part_number, status, description, unit_price, quantity) VALUES ('0PT8CVJWV8T188907', '0PT8CVJWV8T188907-001', 'OH-EAEM0143', 'ordered', 'Performance Monitor', 32.45, 1);
INSERT INTO Part (VIN, order_number, vendor_part_number, status, description, unit_price, quantity) VALUES ('2J8FN6TAGEZ924085', '2J8FN6TAGEZ924085-002', 'OH-BAE0009', 'ordered', 'Front fascia and header panel', 63.77, 1);
INSERT INTO Part (VIN, order_number, vendor_part_number, status, description, unit_price, quantity) VALUES ('2J8FN6TAGEZ924085', '2J8FN6TAGEZ924085-002', 'OH-EAEM0133', 'installed', 'Alarm and siren', 44.27, 1);
INSERT INTO Part (VIN, order_number, vendor_part_number, status, description, unit_price, quantity) VALUES ('2UWYFE50XIB423887', '2UWYFE50XIB423887-003', 'OH-BAE0013', 'ordered', 'Radiator core support', 182.96, 1);
INSERT INTO Part (VIN, order_number, vendor_part_number, status, description, unit_price, quantity) VALUES ('2UWYFE50XIB423887', '2UWYFE50XIB423887-003', 'OH-EAES0124', 'received', 'Switch cover', 119.96, 1);
INSERT INTO Part (VIN, order_number, vendor_part_number, status, description, unit_price, quantity) VALUES ('3FFSR68RD0K441878', '3FFSR68RD0K441878-002', 'OH-BAEW0039', 'installed', 'Windshield washer motor', 77.22, 1);
INSERT INTO Part (VIN, order_number, vendor_part_number, status, description, unit_price, quantity) VALUES ('3FFSR68RD0K441878', '3FFSR68RD0K441878-002', 'OH-EAEM0138', 'installed', 'Engine computer and management system', 32.09, 2);
INSERT INTO Part (VIN, order_number, vendor_part_number, status, description, unit_price, quantity) VALUES ('3FFSR68RD0K441878', '3FFSR68RD0K441878-002', 'OH-ICS0159', 'installed', 'Seat Belt', 19.87, 1);
INSERT INTO Part (VIN, order_number, vendor_part_number, status, description, unit_price, quantity) VALUES ('447NADHKNTP823552', '447NADHKNTP823552-001', 'OH-PACBS0167', 'installed', 'Bleed nipple', 57.14, 1);
INSERT INTO Part (VIN, order_number, vendor_part_number, status, description, unit_price, quantity) VALUES ('447NADHKNTP823552', '447NADHKNTP823552-004', 'OH-EAEESS0057', 'installed', 'Battery cable', 72.7, 2);
INSERT INTO Part (VIN, order_number, vendor_part_number, status, description, unit_price, quantity) VALUES ('447NADHKNTP823552', '447NADHKNTP823552-004', 'OH-EAES0124', 'installed', 'Switch cover', 167.53, 2);
INSERT INTO Part (VIN, order_number, vendor_part_number, status, description, unit_price, quantity) VALUES ('447NADHKNTP823552', '447NADHKNTP823552-004', 'OH-PACBS0180', 'installed', 'Brake servo', 300.15, 1);
INSERT INTO Part (VIN, order_number, vendor_part_number, status, description, unit_price, quantity) VALUES ('447NADHKNTP823552', '447NADHKNTP823552-004', 'OH-PACBS0194', 'installed', 'Hydraulic booster unit', 71.38, 1);
INSERT INTO Part (VIN, order_number, vendor_part_number, status, description, unit_price, quantity) VALUES ('5OU82GIFAQ3021868', '5OU82GIFAQ3021868-001', 'OH-EAEESS0056', 'installed', 'Battery cable terminal', 39.08, 1);
INSERT INTO Part (VIN, order_number, vendor_part_number, status, description, unit_price, quantity) VALUES ('5OU82GIFAQ3021868', '5OU82GIFAQ3021868-001', 'OH-ICS0162', 'installed', 'Seat track', 8.51, 2);
INSERT INTO Part (VIN, order_number, vendor_part_number, status, description, unit_price, quantity) VALUES ('A51QFDDJ7J7514581', 'A51QFDDJ7J7514581-002', 'OH-BAED0032', 'installed', 'Centre Locking', 9.92, 1);
INSERT INTO Part (VIN, order_number, vendor_part_number, status, description, unit_price, quantity) VALUES ('A51QFDDJ7J7514581', 'A51QFDDJ7J7514581-002', 'OH-EAEM0145', 'installed', 'Remote lock', 85.71, 1);
INSERT INTO Part (VIN, order_number, vendor_part_number, status, description, unit_price, quantity) VALUES ('ALPWS6CXQO6590947', 'ALPWS6CXQO6590947-001', 'OH-EAEM0134', 'installed', 'Central locking system', 66.1, 1);
INSERT INTO Part (VIN, order_number, vendor_part_number, status, description, unit_price, quantity) VALUES ('DD7UUCMRURY754125', 'DD7UUCMRURY754125-002', 'OH-EAEAD0044', 'installed', 'Other devices', 46.17, 1);
INSERT INTO Part (VIN, order_number, vendor_part_number, status, description, unit_price, quantity) VALUES ('FTU4SK7135C710080', 'FTU4SK7135C710080-001', 'OH-ICS0158', 'installed', 'Headrest', 104.36, 3);
INSERT INTO Part (VIN, order_number, vendor_part_number, status, description, unit_price, quantity) VALUES ('FTU4SK7135C710080', 'FTU4SK7135C710080-001', 'OH-PACBS0169', 'installed', 'Brake backing pad', 151.03, 1);
INSERT INTO Part (VIN, order_number, vendor_part_number, status, description, unit_price, quantity) VALUES ('FTU4SK7135C710080', 'FTU4SK7135C710080-001', 'OH-PACBS0175', 'installed', 'Brake pedal', 1.46, 1);
INSERT INTO Part (VIN, order_number, vendor_part_number, status, description, unit_price, quantity) VALUES ('G3GBYJSRTYT942116', 'G3GBYJSRTYT942116-005', 'OH-BAED0030', 'installed', 'Door and bonnet', 106.66, 1);
INSERT INTO Part (VIN, order_number, vendor_part_number, status, description, unit_price, quantity) VALUES ('G3GBYJSRTYT942116', 'G3GBYJSRTYT942116-005', 'OH-ICS0161', 'installed', 'Seat cover', 99.31, 1);
INSERT INTO Part (VIN, order_number, vendor_part_number, status, description, unit_price, quantity) VALUES ('GMBNKKL7OGQ240104', 'GMBNKKL7OGQ240104-002', 'OH-EAELASS0092', 'installed', 'Tail light cover', 182.26, 1);
INSERT INTO Part (VIN, order_number, vendor_part_number, status, description, unit_price, quantity) VALUES ('GMBNKKL7OGQ240104', 'GMBNKKL7OGQ240104-002', 'OH-EAEM0148', 'installed', 'Speedometer calibrator', 127.38, 1);
INSERT INTO Part (VIN, order_number, vendor_part_number, status, description, unit_price, quantity) VALUES ('GMBNKKL7OGQ240104', 'GMBNKKL7OGQ240104-002', 'OH-EAEWH0131', 'ordered', 'Underfloor harness', 193.95, 4);
INSERT INTO Part (VIN, order_number, vendor_part_number, status, description, unit_price, quantity) VALUES ('GMBNKKL7OGQ240104', 'GMBNKKL7OGQ240104-002', 'OH-PACBS0194', 'ordered', 'Hydraulic booster unit', 217.43, 1);
INSERT INTO Part (VIN, order_number, vendor_part_number, status, description, unit_price, quantity) VALUES ('I7B0O1H2OO8586909', 'I7B0O1H2OO8586909-001', 'OH-EAES0112', 'installed', 'IMA sensor', 201.63, 1);
INSERT INTO Part (VIN, order_number, vendor_part_number, status, description, unit_price, quantity) VALUES ('IZ7QWUEGB3H617828', 'IZ7QWUEGB3H617828-001', 'OH-EAEM0142', 'installed', 'Performance chip', 13.88, 1);
INSERT INTO Part (VIN, order_number, vendor_part_number, status, description, unit_price, quantity) VALUES ('IZ7QWUEGB3H617828', 'IZ7QWUEGB3H617828-001', 'OH-EAEWH0131', 'installed', 'Underfloor harness', 13.36, 2);
INSERT INTO Part (VIN, order_number, vendor_part_number, status, description, unit_price, quantity) VALUES ('IZ7QWUEGB3H617828', 'IZ7QWUEGB3H617828-001', 'OH-PACBS0196', 'installed', 'Master Cylinder', 16.61, 2);
INSERT INTO Part (VIN, order_number, vendor_part_number, status, description, unit_price, quantity) VALUES ('IZ7QWUEGB3H617828', 'IZ7QWUEGB3H617828-002', 'OH-EAES0097', 'installed', 'Engine sensor', 14.66, 1);
INSERT INTO Part (VIN, order_number, vendor_part_number, status, description, unit_price, quantity) VALUES ('JUU4F0TYK4A947289', 'JUU4F0TYK4A947289-002', 'OH-BAEW0037', 'ordered', 'Window regulator', 51.3, 1);
INSERT INTO Part (VIN, order_number, vendor_part_number, status, description, unit_price, quantity) VALUES ('JUU4F0TYK4A947289', 'JUU4F0TYK4A947289-002', 'OH-BAEW0038', 'received', 'Windshield', 60.26, 1);
INSERT INTO Part (VIN, order_number, vendor_part_number, status, description, unit_price, quantity) VALUES ('JUU4F0TYK4A947289', 'JUU4F0TYK4A947289-002', 'OH-EAEAD0045', 'ordered', 'Speaker', 59.63, 2);
INSERT INTO Part (VIN, order_number, vendor_part_number, status, description, unit_price, quantity) VALUES ('JUU4F0TYK4A947289', 'JUU4F0TYK4A947289-002', 'OH-PACBS0183', 'ordered', 'Shoe web', 43.55, 1);
INSERT INTO Part (VIN, order_number, vendor_part_number, status, description, unit_price, quantity) VALUES ('KUG7KOVDXOY323266', 'KUG7KOVDXOY323266-002', 'OH-BAED0028', 'installed', 'Door watershield', 103.62, 1);
INSERT INTO Part (VIN, order_number, vendor_part_number, status, description, unit_price, quantity) VALUES ('KUG7KOVDXOY323266', 'KUG7KOVDXOY323266-002', 'OH-EAEIS0078', 'installed', 'Ignition box', 8.46, 1);
INSERT INTO Part (VIN, order_number, vendor_part_number, status, description, unit_price, quantity) VALUES ('KUG7KOVDXOY323266', 'KUG7KOVDXOY323266-002', 'OH-EAELASS0089', 'installed', 'License plate lamp', 70.2, 1);
INSERT INTO Part (VIN, order_number, vendor_part_number, status, description, unit_price, quantity) VALUES ('KUG7KOVDXOY323266', 'KUG7KOVDXOY323266-002', 'OH-EAEM0142', 'installed', 'Performance chip', 125.73, 3);
INSERT INTO Part (VIN, order_number, vendor_part_number, status, description, unit_price, quantity) VALUES ('MD18NLSWMB4832949', 'MD18NLSWMB4832949-002', 'OH-BAE0004', 'installed', 'Cowl screen', 87.07, 2);
INSERT INTO Part (VIN, order_number, vendor_part_number, status, description, unit_price, quantity) VALUES ('MD18NLSWMB4832949', 'MD18NLSWMB4832949-002', 'OH-EAEAD0046', 'installed', 'Tuner', 28.04, 1);
INSERT INTO Part (VIN, order_number, vendor_part_number, status, description, unit_price, quantity) VALUES ('MD18NLSWMB4832949', 'MD18NLSWMB4832949-002', 'OH-EAEM0138', 'installed', 'Engine computer and management system', 71.26, 1);
INSERT INTO Part (VIN, order_number, vendor_part_number, status, description, unit_price, quantity) VALUES ('MD18NLSWMB4832949', 'MD18NLSWMB4832949-002', 'OH-EAESS0115', 'installed', 'Starter', 98.34, 3);
INSERT INTO Part (VIN, order_number, vendor_part_number, status, description, unit_price, quantity) VALUES ('N5NZQJ4VDI0775398', 'N5NZQJ4VDI0775398-004', 'OH-EAELASS0089', 'installed', 'License plate lamp', 181.71, 1);
INSERT INTO Part (VIN, order_number, vendor_part_number, status, description, unit_price, quantity) VALUES ('OQ11DGF6RTF163062', 'OQ11DGF6RTF163062-003', 'OH-EAES0097', 'received', 'Engine sensor', 50.58, 1);
INSERT INTO Part (VIN, order_number, vendor_part_number, status, description, unit_price, quantity) VALUES ('PPVYLZRPFEV326028', 'PPVYLZRPFEV326028-003', 'OH-BAE0015', 'installed', 'Roof Rack', 41.62, 4);
INSERT INTO Part (VIN, order_number, vendor_part_number, status, description, unit_price, quantity) VALUES ('PPVYLZRPFEV326028', 'PPVYLZRPFEV326028-003', 'OH-EAEIS0078', 'installed', 'Ignition box', 302.31, 1);
INSERT INTO Part (VIN, order_number, vendor_part_number, status, description, unit_price, quantity) VALUES ('PPVYLZRPFEV326028', 'PPVYLZRPFEV326028-003', 'OH-PACBS0197', 'installed', 'Metering valve', 81.83, 1);
INSERT INTO Part (VIN, order_number, vendor_part_number, status, description, unit_price, quantity) VALUES ('PZF7JY7KVUR182613', 'PZF7JY7KVUR182613-001', 'OH-EAEESS0056', 'installed', 'Battery cable terminal', 23.53, 1);
INSERT INTO Part (VIN, order_number, vendor_part_number, status, description, unit_price, quantity) VALUES ('Q2P2LK1ILHI808826', 'Q2P2LK1ILHI808826-005', 'OH-EAEIS0075', 'installed', 'Coil wire', 55.54, 1);
INSERT INTO Part (VIN, order_number, vendor_part_number, status, description, unit_price, quantity) VALUES ('Q2P2LK1ILHI808826', 'Q2P2LK1ILHI808826-005', 'OH-ICS0156', 'installed', 'Children and baby car seat', 34.21, 1);
INSERT INTO Part (VIN, order_number, vendor_part_number, status, description, unit_price, quantity) VALUES ('QEQSOYDPWY5042665', 'QEQSOYDPWY5042665-002', 'OH-EAECS0048', 'installed', 'Alternator', 6.74, 1);
INSERT INTO Part (VIN, order_number, vendor_part_number, status, description, unit_price, quantity) VALUES ('QEQSOYDPWY5042665', 'QEQSOYDPWY5042665-002', 'OH-EAES0095', 'installed', 'Camshaft position sensor', 57.43, 1);
INSERT INTO Part (VIN, order_number, vendor_part_number, status, description, unit_price, quantity) VALUES ('QEQSOYDPWY5042665', 'QEQSOYDPWY5042665-002', 'OH-PACBS0173', 'installed', 'Brake line', 91.21, 1);
INSERT INTO Part (VIN, order_number, vendor_part_number, status, description, unit_price, quantity) VALUES ('SAK8I3JJ105230630', 'SAK8I3JJ105230630-001', 'OH-EAES0104', 'installed', 'Pressure sensor', 177.44, 1);
INSERT INTO Part (VIN, order_number, vendor_part_number, status, description, unit_price, quantity) VALUES ('TPH6V84MCP2752251', 'TPH6V84MCP2752251-003', 'OH-EAEM0149', 'installed', 'Transmission computer', 84.1, 2);
INSERT INTO Part (VIN, order_number, vendor_part_number, status, description, unit_price, quantity) VALUES ('TPH6V84MCP2752251', 'TPH6V84MCP2752251-003', 'OH-IFCAP0152', 'installed', 'Center console', 69.67, 2);
INSERT INTO Part (VIN, order_number, vendor_part_number, status, description, unit_price, quantity) VALUES ('TPH6V84MCP2752251', 'TPH6V84MCP2752251-003', 'OH-PACBS0167', 'installed', 'Bleed nipple', 98.75, 1);
INSERT INTO Part (VIN, order_number, vendor_part_number, status, description, unit_price, quantity) VALUES ('TPH6V84MCP2752251', 'TPH6V84MCP2752251-003', 'OH-PACBS0192', 'installed', 'Air brake nylon hose', 3.06, 4);
INSERT INTO Part (VIN, order_number, vendor_part_number, status, description, unit_price, quantity) VALUES ('UYFIPOJKG8M784198', 'UYFIPOJKG8M784198-001', 'OH-BAED0023', 'installed', 'Door beam and panel', 100.7, 1);
INSERT INTO Part (VIN, order_number, vendor_part_number, status, description, unit_price, quantity) VALUES ('UYFIPOJKG8M784198', 'UYFIPOJKG8M784198-001', 'OH-EAEM0132', 'installed', 'Air bag control module', 78.9, 1);
INSERT INTO Part (VIN, order_number, vendor_part_number, status, description, unit_price, quantity) VALUES ('UYFIPOJKG8M784198', 'UYFIPOJKG8M784198-001', 'OH-EAEM0143', 'installed', 'Performance Monitor', 72.55, 2);
INSERT INTO Part (VIN, order_number, vendor_part_number, status, description, unit_price, quantity) VALUES ('UYFIPOJKG8M784198', 'UYFIPOJKG8M784198-001', 'OH-EAES0101', 'installed', 'Manifold absolute pressure sensor', 52.94, 1);
INSERT INTO Part (VIN, order_number, vendor_part_number, status, description, unit_price, quantity) VALUES ('VWF36GH8UML053642', 'VWF36GH8UML053642-004', 'OH-EAEAD0045', 'installed', 'Speaker', 14.61, 1);
INSERT INTO Part (VIN, order_number, vendor_part_number, status, description, unit_price, quantity) VALUES ('VWF36GH8UML053642', 'VWF36GH8UML053642-005', 'OH-BAED0030', 'installed', 'Door and bonnet', 183.43, 2);
INSERT INTO Part (VIN, order_number, vendor_part_number, status, description, unit_price, quantity) VALUES ('VWF36GH8UML053642', 'VWF36GH8UML053642-005', 'OH-EAEESS0061', 'installed', 'Voltage regulator', 235.45, 1);
INSERT INTO Part (VIN, order_number, vendor_part_number, status, description, unit_price, quantity) VALUES ('VWF36GH8UML053642', 'VWF36GH8UML053642-005', 'OH-EAELASS0087', 'installed', 'Headlight motor', 66.0, 1);
INSERT INTO Part (VIN, order_number, vendor_part_number, status, description, unit_price, quantity) VALUES ('VWF36GH8UML053642', 'VWF36GH8UML053642-005', 'OH-EAES0109', 'installed', 'ABS brack sensor', 199.66, 4);
INSERT INTO Part (VIN, order_number, vendor_part_number, status, description, unit_price, quantity) VALUES ('XFZA0H1LN1P361906', 'XFZA0H1LN1P361906-002', 'OH-BAE0015', 'installed', 'Roof Rack', 68.19, 1);
INSERT INTO Part (VIN, order_number, vendor_part_number, status, description, unit_price, quantity) VALUES ('XFZA0H1LN1P361906', 'XFZA0H1LN1P361906-002', 'OH-EAEESS0054', 'installed', 'Performance battery', 84.41, 1);
INSERT INTO Part (VIN, order_number, vendor_part_number, status, description, unit_price, quantity) VALUES ('XFZA0H1LN1P361906', 'XFZA0H1LN1P361906-002', 'OH-EAEGAM0074', 'installed', 'Water temperature meter', 171.96, 1);
INSERT INTO Part (VIN, order_number, vendor_part_number, status, description, unit_price, quantity) VALUES ('XFZA0H1LN1P361906', 'XFZA0H1LN1P361906-002', 'OH-EAEM0140', 'installed', 'Fuse', 1.94, 1);
INSERT INTO Part (VIN, order_number, vendor_part_number, status, description, unit_price, quantity) VALUES ('XPUC8ERWM0W803922', 'XPUC8ERWM0W803922-002', 'OH-EAEM0135', 'installed', 'Chassis control computer', 20.52, 1);
INSERT INTO Part (VIN, order_number, vendor_part_number, status, description, unit_price, quantity) VALUES ('XPUC8ERWM0W803922', 'XPUC8ERWM0W803922-002', 'OH-IFCAP0151', 'installed', 'Carpet and other floor material', 45.12, 1);
INSERT INTO Part (VIN, order_number, vendor_part_number, status, description, unit_price, quantity) VALUES ('Y033F7MCLW5266860', 'Y033F7MCLW5266860-001', 'OH-10141', 'installed', 'Fuse Box: The Alternative Tribute', 143.67, 1);
INSERT INTO Part (VIN, order_number, vendor_part_number, status, description, unit_price, quantity) VALUES ('Y033F7MCLW5266860', 'Y033F7MCLW5266860-001', 'OH-EAEAD0042', 'installed', 'Antenna cable', 137.4, 1);
INSERT INTO Part (VIN, order_number, vendor_part_number, status, description, unit_price, quantity) VALUES ('Y033F7MCLW5266860', 'Y033F7MCLW5266860-001', 'OH-EAELASS0088', 'installed', 'Interior light and lamp', 176.95, 1);
INSERT INTO Part (VIN, order_number, vendor_part_number, status, description, unit_price, quantity) VALUES ('Y033F7MCLW5266860', 'Y033F7MCLW5266860-001', 'OH-PACBS0183', 'installed', 'Shoe web', 3.61, 3);
INSERT INTO Part (VIN, order_number, vendor_part_number, status, description, unit_price, quantity) VALUES ('Y033F7MCLW5266860', 'Y033F7MCLW5266860-004', 'OH-EAECS0050', 'installed', 'Alternator bracket', 101.06, 1);
INSERT INTO Part (VIN, order_number, vendor_part_number, status, description, unit_price, quantity) VALUES ('Y033F7MCLW5266860', 'Y033F7MCLW5266860-004', 'OH-PACBS0176', 'installed', 'Brake piston', 29.64, 1);
INSERT INTO Part (VIN, order_number, vendor_part_number, status, description, unit_price, quantity) VALUES ('Y033F7MCLW5266860', 'Y033F7MCLW5266860-004', 'OH-PACBS0197', 'installed', 'Metering valve', 46.29, 4);
INSERT INTO Part (VIN, order_number, vendor_part_number, status, description, unit_price, quantity) VALUES ('YL8S255YJYA054546', 'YL8S255YJYA054546-003', 'OH-BAE0002', 'installed', 'Unexposed bumper', 24.32, 1);
INSERT INTO Part (VIN, order_number, vendor_part_number, status, description, unit_price, quantity) VALUES ('YL8S255YJYA054546', 'YL8S255YJYA054546-003', 'OH-EAEAD0043', 'installed', 'Radio and media player', 74.69, 1);
INSERT INTO Part (VIN, order_number, vendor_part_number, status, description, unit_price, quantity) VALUES ('YL8S255YJYA054546', 'YL8S255YJYA054546-003', 'OH-EAEGAM0070', 'installed', 'Temperature gauge', 47.05, 1);
INSERT INTO Part (VIN, order_number, vendor_part_number, status, description, unit_price, quantity) VALUES ('YL8S255YJYA054546', 'YL8S255YJYA054546-003', 'OH-EAEGAM0073', 'installed', 'Voltmeter', 32.5, 1);
INSERT INTO Part (VIN, order_number, vendor_part_number, status, description, unit_price, quantity) VALUES ('0PT8CVJWV8T188907', '0PT8CVJWV8T188907-004', 'PP-EAELASS0088', 'installed', 'Interior light and lamp', 6.89, 4);
INSERT INTO Part (VIN, order_number, vendor_part_number, status, description, unit_price, quantity) VALUES ('0PT8CVJWV8T188907', '0PT8CVJWV8T188907-004', 'PP-EAES0114', 'received', 'ABS sensor', 20.75, 1);
INSERT INTO Part (VIN, order_number, vendor_part_number, status, description, unit_price, quantity) VALUES ('0PT8CVJWV8T188907', '0PT8CVJWV8T188907-004', 'PP-PACBS0174', 'received', 'Brake pad', 31.91, 4);
INSERT INTO Part (VIN, order_number, vendor_part_number, status, description, unit_price, quantity) VALUES ('0UWKB1SP7C0135655', '0UWKB1SP7C0135655-002', 'PP-BAED0027', 'ordered', 'Door seal', 260.25, 5);
INSERT INTO Part (VIN, order_number, vendor_part_number, status, description, unit_price, quantity) VALUES ('0UWKB1SP7C0135655', '0UWKB1SP7C0135655-002', 'PP-EAEESS0058', 'received', 'Battery control system', 5.8, 1);
INSERT INTO Part (VIN, order_number, vendor_part_number, status, description, unit_price, quantity) VALUES ('0UWKB1SP7C0135655', '0UWKB1SP7C0135655-002', 'PP-EAEM0135', 'ordered', 'Chassis control computer', 245.78, 1);
INSERT INTO Part (VIN, order_number, vendor_part_number, status, description, unit_price, quantity) VALUES ('41DPYVQZCO3181476', '41DPYVQZCO3181476-003', 'PP-EAEM0138', 'installed', 'Engine computer and management system', 318.47, 1);
INSERT INTO Part (VIN, order_number, vendor_part_number, status, description, unit_price, quantity) VALUES ('41DPYVQZCO3181476', '41DPYVQZCO3181476-003', 'PP-EAEM0149', 'installed', 'Transmission computer', 307.91, 1);
INSERT INTO Part (VIN, order_number, vendor_part_number, status, description, unit_price, quantity) VALUES ('41DPYVQZCO3181476', '41DPYVQZCO3181476-003', 'PP-EAEM0150', 'installed', 'Wiring connector', 41.57, 1);
INSERT INTO Part (VIN, order_number, vendor_part_number, status, description, unit_price, quantity) VALUES ('41DPYVQZCO3181476', '41DPYVQZCO3181476-003', 'PP-EAES0120', 'installed', 'Door switch', 189.6, 1);
INSERT INTO Part (VIN, order_number, vendor_part_number, status, description, unit_price, quantity) VALUES ('4IHUPZ7L3E4517493', '4IHUPZ7L3E4517493-001', 'PP-BAE0003', 'installed', 'Exposed bumper', 81.19, 1);
INSERT INTO Part (VIN, order_number, vendor_part_number, status, description, unit_price, quantity) VALUES ('4IHUPZ7L3E4517493', '4IHUPZ7L3E4517493-001', 'PP-BAEW0037', 'installed', 'Window regulator', 189.29, 1);
INSERT INTO Part (VIN, order_number, vendor_part_number, status, description, unit_price, quantity) VALUES ('4IHUPZ7L3E4517493', '4IHUPZ7L3E4517493-001', 'PP-EAES0113', 'installed', 'Oil level sensor', 139.68, 1);
INSERT INTO Part (VIN, order_number, vendor_part_number, status, description, unit_price, quantity) VALUES ('4IHUPZ7L3E4517493', '4IHUPZ7L3E4517493-001', 'PP-PACBS0194', 'installed', 'Hydraulic booster unit', 341.18, 1);
INSERT INTO Part (VIN, order_number, vendor_part_number, status, description, unit_price, quantity) VALUES ('6A6NQP7GZG0782604', '6A6NQP7GZG0782604-001', 'PP-PACBS0180', 'ordered', 'Brake servo', 145.61, 1);
INSERT INTO Part (VIN, order_number, vendor_part_number, status, description, unit_price, quantity) VALUES ('7DGPXJB8CVD797363', '7DGPXJB8CVD797363-001', 'PP-EAELASS0092', 'installed', 'Tail light cover', 18.5, 1);
INSERT INTO Part (VIN, order_number, vendor_part_number, status, description, unit_price, quantity) VALUES ('7DGPXJB8CVD797363', '7DGPXJB8CVD797363-001', 'PP-EAEWH0130', 'installed', 'Interior harness', 71.98, 1);
INSERT INTO Part (VIN, order_number, vendor_part_number, status, description, unit_price, quantity) VALUES ('7DGPXJB8CVD797363', '7DGPXJB8CVD797363-001', 'PP-PACBS0176', 'installed', 'Brake piston', 230.96, 1);
INSERT INTO Part (VIN, order_number, vendor_part_number, status, description, unit_price, quantity) VALUES ('7TQARECS56V791799', '7TQARECS56V791799-001', 'PP-IFCAP0151', 'installed', 'Carpet and other floor material', 68.8, 1);
INSERT INTO Part (VIN, order_number, vendor_part_number, status, description, unit_price, quantity) VALUES ('8UQ6FLIO3Q2734346', '8UQ6FLIO3Q2734346-002', 'PP-EAES0107', 'ordered', 'Temperature sensor', 13.96, 1);
INSERT INTO Part (VIN, order_number, vendor_part_number, status, description, unit_price, quantity) VALUES ('8VB5KTBJX2A046744', '8VB5KTBJX2A046744-004', 'PP-EAEGAM0071', 'installed', 'Tire pressure gauge', 31.1, 1);
INSERT INTO Part (VIN, order_number, vendor_part_number, status, description, unit_price, quantity) VALUES ('8VB5KTBJX2A046744', '8VB5KTBJX2A046744-004', 'PP-EAELASS0090', 'installed', 'Side lighting', 58.65, 1);
INSERT INTO Part (VIN, order_number, vendor_part_number, status, description, unit_price, quantity) VALUES ('8VB5KTBJX2A046744', '8VB5KTBJX2A046744-004', 'PP-EAES0096', 'installed', 'Crankshaft position sensor', 69.84, 1);
INSERT INTO Part (VIN, order_number, vendor_part_number, status, description, unit_price, quantity) VALUES ('8VB5KTBJX2A046744', '8VB5KTBJX2A046744-004', 'PP-EAEWH0128', 'installed', 'Air conditioning harness', 17.85, 1);
INSERT INTO Part (VIN, order_number, vendor_part_number, status, description, unit_price, quantity) VALUES ('CN2YIBCUFSQ512071', 'CN2YIBCUFSQ512071-002', 'PP-EAELASS0084', 'installed', 'Fog Light', 178.14, 3);
INSERT INTO Part (VIN, order_number, vendor_part_number, status, description, unit_price, quantity) VALUES ('CN2YIBCUFSQ512071', 'CN2YIBCUFSQ512071-002', 'PP-PACBS0195', 'installed', 'Load-sensing valve', 203.69, 1);
INSERT INTO Part (VIN, order_number, vendor_part_number, status, description, unit_price, quantity) VALUES ('DLCCHFQS6JE933115', 'DLCCHFQS6JE933115-001', 'PP-BAE0010', 'installed', 'Grille', 439.18, 1);
INSERT INTO Part (VIN, order_number, vendor_part_number, status, description, unit_price, quantity) VALUES ('DLCCHFQS6JE933115', 'DLCCHFQS6JE933115-001', 'PP-BAED0031', 'installed', 'Lock', 461.87, 5);
INSERT INTO Part (VIN, order_number, vendor_part_number, status, description, unit_price, quantity) VALUES ('DLDOWAZWISG772813', 'DLDOWAZWISG772813-001', 'PP-EAEIS0078', 'installed', 'Ignition box', 192.14, 1);
INSERT INTO Part (VIN, order_number, vendor_part_number, status, description, unit_price, quantity) VALUES ('DLDOWAZWISG772813', 'DLDOWAZWISG772813-001', 'PP-EAES0127', 'ordered', 'Frame Switch', 253.56, 1);
INSERT INTO Part (VIN, order_number, vendor_part_number, status, description, unit_price, quantity) VALUES ('DTPFWL37FTZ702472', 'DTPFWL37FTZ702472-003', 'PP-EAEGAM0069', 'installed', 'Tachometer', 468.92, 5);
INSERT INTO Part (VIN, order_number, vendor_part_number, status, description, unit_price, quantity) VALUES ('DTPFWL37FTZ702472', 'DTPFWL37FTZ702472-003', 'PP-EAEIS0081', 'installed', 'Ignition controller', 473.58, 1);
INSERT INTO Part (VIN, order_number, vendor_part_number, status, description, unit_price, quantity) VALUES ('DTPFWL37FTZ702472', 'DTPFWL37FTZ702472-003', 'PP-EAELASS0084', 'installed', 'Fog Light', 355.32, 1);
INSERT INTO Part (VIN, order_number, vendor_part_number, status, description, unit_price, quantity) VALUES ('DTPFWL37FTZ702472', 'DTPFWL37FTZ702472-003', 'PP-PACBS0185', 'installed', 'Calibrated friction brake', 553.22, 2);
INSERT INTO Part (VIN, order_number, vendor_part_number, status, description, unit_price, quantity) VALUES ('F7LIAJMEUB4950361', 'F7LIAJMEUB4950361-002', 'PP-BAE0007', 'ordered', 'Fender Musical Instruments Corporation', 53.49, 1);
INSERT INTO Part (VIN, order_number, vendor_part_number, status, description, unit_price, quantity) VALUES ('F7LIAJMEUB4950361', 'F7LIAJMEUB4950361-002', 'PP-EAELASS0085', 'received', 'Halogen', 136.95, 1);
INSERT INTO Part (VIN, order_number, vendor_part_number, status, description, unit_price, quantity) VALUES ('F7LIAJMEUB4950361', 'F7LIAJMEUB4950361-002', 'PP-EAEWH0129', 'received', 'Engine compartment harness', 152.54, 1);
INSERT INTO Part (VIN, order_number, vendor_part_number, status, description, unit_price, quantity) VALUES ('F7LIAJMEUB4950361', 'F7LIAJMEUB4950361-003', 'PP-BAE0001', 'installed', 'Bumper', 178.58, 1);
INSERT INTO Part (VIN, order_number, vendor_part_number, status, description, unit_price, quantity) VALUES ('F7LIAJMEUB4950361', 'F7LIAJMEUB4950361-003', 'PP-EAEM0145', 'installed', 'Remote lock', 158.31, 2);
INSERT INTO Part (VIN, order_number, vendor_part_number, status, description, unit_price, quantity) VALUES ('G3GBYJSRTYT942116', 'G3GBYJSRTYT942116-001', 'PP-EAELASS0085', 'installed', 'Halogen', 18.77, 1);
INSERT INTO Part (VIN, order_number, vendor_part_number, status, description, unit_price, quantity) VALUES ('JQA3ZA51WW8465344', 'JQA3ZA51WW8465344-002', 'PP-EAEM0132', 'ordered', 'Air bag control module', 16.44, 1);
INSERT INTO Part (VIN, order_number, vendor_part_number, status, description, unit_price, quantity) VALUES ('JQA3ZA51WW8465344', 'JQA3ZA51WW8465344-002', 'PP-EAEM0134', 'installed', 'Central locking system', 42.11, 1);
INSERT INTO Part (VIN, order_number, vendor_part_number, status, description, unit_price, quantity) VALUES ('JQA3ZA51WW8465344', 'JQA3ZA51WW8465344-002', 'PP-EAEM0147', 'ordered', 'Speed controller', 43.18, 1);
INSERT INTO Part (VIN, order_number, vendor_part_number, status, description, unit_price, quantity) VALUES ('N7Z650PTGIP247286', 'N7Z650PTGIP247286-002', 'PP-PACBS0166', 'installed', 'Anchor', 54.88, 2);
INSERT INTO Part (VIN, order_number, vendor_part_number, status, description, unit_price, quantity) VALUES ('NG2R81BAMWW204013', 'NG2R81BAMWW204013-002', 'PP-BAE0006', 'installed', 'Fascia rear and support', 120.95, 2);
INSERT INTO Part (VIN, order_number, vendor_part_number, status, description, unit_price, quantity) VALUES ('NG2R81BAMWW204013', 'NG2R81BAMWW204013-002', 'PP-BAEW0038', 'installed', 'Windshield', 33.59, 1);
INSERT INTO Part (VIN, order_number, vendor_part_number, status, description, unit_price, quantity) VALUES ('NG2R81BAMWW204013', 'NG2R81BAMWW204013-002', 'PP-EAEM0142', 'installed', 'Performance chip', 116.73, 1);
INSERT INTO Part (VIN, order_number, vendor_part_number, status, description, unit_price, quantity) VALUES ('OQ11DGF6RTF163062', 'OQ11DGF6RTF163062-004', 'PP-BAE0018', 'installed', 'Rear spoiler', 46.09, 1);
INSERT INTO Part (VIN, order_number, vendor_part_number, status, description, unit_price, quantity) VALUES ('OQ11DGF6RTF163062', 'OQ11DGF6RTF163062-004', 'PP-EAECS0049', 'installed', 'Alternator bearing', 21.82, 1);
INSERT INTO Part (VIN, order_number, vendor_part_number, status, description, unit_price, quantity) VALUES ('OQ11DGF6RTF163062', 'OQ11DGF6RTF163062-004', 'PP-EAECS0052', 'installed', 'Other alternator parts', 42.62, 4);
INSERT INTO Part (VIN, order_number, vendor_part_number, status, description, unit_price, quantity) VALUES ('QPWTK3WNUF0594711', 'QPWTK3WNUF0594711-001', 'PP-EAES0096', 'installed', 'Crankshaft position sensor', 18.37, 1);
INSERT INTO Part (VIN, order_number, vendor_part_number, status, description, unit_price, quantity) VALUES ('QPWTK3WNUF0594711', 'QPWTK3WNUF0594711-001', 'PP-PACBS0167', 'installed', 'Bleed nipple', 110.49, 1);
INSERT INTO Part (VIN, order_number, vendor_part_number, status, description, unit_price, quantity) VALUES ('QWJUBFUE74W190495', 'QWJUBFUE74W190495-002', 'PP-EAEGAM0068', 'installed', 'Speedometer', 26.46, 1);
INSERT INTO Part (VIN, order_number, vendor_part_number, status, description, unit_price, quantity) VALUES ('QWJUBFUE74W190495', 'QWJUBFUE74W190495-002', 'PP-ICS0155', 'installed', 'Bucket Seat', 192.67, 1);
INSERT INTO Part (VIN, order_number, vendor_part_number, status, description, unit_price, quantity) VALUES ('R6O7MCNZEA0553701', 'R6O7MCNZEA0553701-004', 'PP-EAEM0137', 'installed', 'Door contact', 145.2, 1);
INSERT INTO Part (VIN, order_number, vendor_part_number, status, description, unit_price, quantity) VALUES ('SR4SDAVQ7PE310529', 'SR4SDAVQ7PE310529-001', 'PP-EAES0121', 'installed', 'Ignition Switch', 140.45, 1);
INSERT INTO Part (VIN, order_number, vendor_part_number, status, description, unit_price, quantity) VALUES ('T7QN0RYWNOR420799', 'T7QN0RYWNOR420799-004', 'PP-BAED0023', 'installed', 'Door beam and panel', 6.2, 1);
INSERT INTO Part (VIN, order_number, vendor_part_number, status, description, unit_price, quantity) VALUES ('T7QN0RYWNOR420799', 'T7QN0RYWNOR420799-004', 'PP-EAEM0133', 'ordered', 'Alarm and siren', 157.68, 1);
INSERT INTO Part (VIN, order_number, vendor_part_number, status, description, unit_price, quantity) VALUES ('T7QN0RYWNOR420799', 'T7QN0RYWNOR420799-004', 'PP-EAESS0119', 'installed', 'Spark Plug', 101.93, 1);
INSERT INTO Part (VIN, order_number, vendor_part_number, status, description, unit_price, quantity) VALUES ('TVGHAGV52ZK295053', 'TVGHAGV52ZK295053-001', 'PP-BAEW0033', 'installed', 'Glass', 64.54, 1);
INSERT INTO Part (VIN, order_number, vendor_part_number, status, description, unit_price, quantity) VALUES ('U8EJ173KSZC747630', 'U8EJ173KSZC747630-002', 'PP-EAEGAM0069', 'installed', 'Tachometer', 93.57, 1);
INSERT INTO Part (VIN, order_number, vendor_part_number, status, description, unit_price, quantity) VALUES ('U8EJ173KSZC747630', 'U8EJ173KSZC747630-002', 'PP-EAELASS0088', 'installed', 'Interior light and lamp', 22.29, 1);
INSERT INTO Part (VIN, order_number, vendor_part_number, status, description, unit_price, quantity) VALUES ('U8EJ173KSZC747630', 'U8EJ173KSZC747630-002', 'PP-PACBS0192', 'installed', 'Air brake nylon hose', 29.05, 1);
INSERT INTO Part (VIN, order_number, vendor_part_number, status, description, unit_price, quantity) VALUES ('XPUC8ERWM0W803922', 'XPUC8ERWM0W803922-001', 'PP-BAED0031', 'installed', 'Lock', 32.67, 1);
INSERT INTO Part (VIN, order_number, vendor_part_number, status, description, unit_price, quantity) VALUES ('XPUC8ERWM0W803922', 'XPUC8ERWM0W803922-001', 'PP-EAEM0142', 'installed', 'Performance chip', 97.78, 1);
INSERT INTO Part (VIN, order_number, vendor_part_number, status, description, unit_price, quantity) VALUES ('YITE7BMX1N7857452', 'YITE7BMX1N7857452-001', 'PP-BAE0004', 'installed', 'Cowl screen', 123.91, 1);
INSERT INTO Part (VIN, order_number, vendor_part_number, status, description, unit_price, quantity) VALUES ('YITE7BMX1N7857452', 'YITE7BMX1N7857452-001', 'PP-BAED0032', 'installed', 'Centre Locking', 75.94, 1);
INSERT INTO Part (VIN, order_number, vendor_part_number, status, description, unit_price, quantity) VALUES ('YITE7BMX1N7857452', 'YITE7BMX1N7857452-001', 'PP-BAEW0036', 'installed', 'Window motor', 93.58, 1);
INSERT INTO Part (VIN, order_number, vendor_part_number, status, description, unit_price, quantity) VALUES ('YITE7BMX1N7857452', 'YITE7BMX1N7857452-001', 'PP-EAES0127', 'installed', 'Frame Switch', 58.05, 4);
INSERT INTO Part (VIN, order_number, vendor_part_number, status, description, unit_price, quantity) VALUES ('Z1AKLYZDZLY858148', 'Z1AKLYZDZLY858148-001', 'PP-BAEW0037', 'installed', 'Window regulator', 156.59, 1);
INSERT INTO Part (VIN, order_number, vendor_part_number, status, description, unit_price, quantity) VALUES ('ZC1QS3Y7MOM256400', 'ZC1QS3Y7MOM256400-001', 'PP-EAEM0144', 'installed', 'Relay connector', 110.2, 1);
INSERT INTO Part (VIN, order_number, vendor_part_number, status, description, unit_price, quantity) VALUES ('ZKE5A1ZF45J937308', 'ZKE5A1ZF45J937308-002', 'PP-BAE0005', 'installed', 'Decklid', 119.6, 1);
INSERT INTO Part (VIN, order_number, vendor_part_number, status, description, unit_price, quantity) VALUES ('0H6SRXF8EP7967929', '0H6SRXF8EP7967929-001', 'PP-EAES0108', 'installed', 'Transmission input and output sensor', 293.28, 1);
INSERT INTO Part (VIN, order_number, vendor_part_number, status, description, unit_price, quantity) VALUES ('0H6SRXF8EP7967929', '0H6SRXF8EP7967929-001', 'PP-PACBS0194', 'installed', 'Hydraulic booster unit', 296.14, 1);
INSERT INTO Part (VIN, order_number, vendor_part_number, status, description, unit_price, quantity) VALUES ('22EISXE65K7154002', '22EISXE65K7154002-002', 'PP-EAES0098', 'installed', 'Fuel level sensor', 181.68, 1);
INSERT INTO Part (VIN, order_number, vendor_part_number, status, description, unit_price, quantity) VALUES ('22EISXE65K7154002', '22EISXE65K7154002-002', 'PP-EAES0105', 'installed', 'Rain sensor', 202.95, 1);
INSERT INTO Part (VIN, order_number, vendor_part_number, status, description, unit_price, quantity) VALUES ('3FFSR68RD0K441878', '3FFSR68RD0K441878-001', 'PP-PACBS0166', 'installed', 'Anchor', 48.18, 1);
INSERT INTO Part (VIN, order_number, vendor_part_number, status, description, unit_price, quantity) VALUES ('3FFSR68RD0K441878', '3FFSR68RD0K441878-001', 'PP-PACBS0190', 'installed', 'Hose', 51.98, 1);
INSERT INTO Part (VIN, order_number, vendor_part_number, status, description, unit_price, quantity) VALUES ('3FFSR68RD0K441878', '3FFSR68RD0K441878-001', 'PP-PACBS0193', 'installed', 'Brake duct hose', 51.64, 1);
INSERT INTO Part (VIN, order_number, vendor_part_number, status, description, unit_price, quantity) VALUES ('3FFSR68RD0K441878', '3FFSR68RD0K441878-001', 'PP-PACBS0198', 'installed', 'Other braking system parts', 39.99, 1);
INSERT INTO Part (VIN, order_number, vendor_part_number, status, description, unit_price, quantity) VALUES ('7RCMKD0P62B359074', '7RCMKD0P62B359074-001', 'PP-PACBS0188', 'installed', 'Dual circuit brake system', 53.7, 4);
INSERT INTO Part (VIN, order_number, vendor_part_number, status, description, unit_price, quantity) VALUES ('7RCMKD0P62B359074', '7RCMKD0P62B359074-001', 'PP-PACBS0192', 'installed', 'Air brake nylon hose', 61.2, 1);
INSERT INTO Part (VIN, order_number, vendor_part_number, status, description, unit_price, quantity) VALUES ('7RCMKD0P62B359074', '7RCMKD0P62B359074-001', 'PP-PACBS0198', 'installed', 'Other braking system parts', 213.31, 1);
INSERT INTO Part (VIN, order_number, vendor_part_number, status, description, unit_price, quantity) VALUES ('BXQH0W1NGWT830685', 'BXQH0W1NGWT830685-001', 'PP-BAE0021', 'installed', 'Valance', 786.34, 1);
INSERT INTO Part (VIN, order_number, vendor_part_number, status, description, unit_price, quantity) VALUES ('BXQH0W1NGWT830685', 'BXQH0W1NGWT830685-001', 'PP-EAES0113', 'installed', 'Oil level sensor', 323.88, 2);
INSERT INTO Part (VIN, order_number, vendor_part_number, status, description, unit_price, quantity) VALUES ('CN2YIBCUFSQ512071', 'CN2YIBCUFSQ512071-005', 'PP-BAE0010', 'installed', 'Grille', 350.6, 1);
INSERT INTO Part (VIN, order_number, vendor_part_number, status, description, unit_price, quantity) VALUES ('CN2YIBCUFSQ512071', 'CN2YIBCUFSQ512071-005', 'PP-EAEIS0081', 'installed', 'Ignition controller', 49.26, 2);
INSERT INTO Part (VIN, order_number, vendor_part_number, status, description, unit_price, quantity) VALUES ('CN2YIBCUFSQ512071', 'CN2YIBCUFSQ512071-005', 'PP-EAEWH0129', 'installed', 'Engine compartment harness', 142.0, 1);
INSERT INTO Part (VIN, order_number, vendor_part_number, status, description, unit_price, quantity) VALUES ('DKYDDY0GPGN009571', 'DKYDDY0GPGN009571-001', 'PP-BAEW0033', 'installed', 'Glass', 6.13, 1);
INSERT INTO Part (VIN, order_number, vendor_part_number, status, description, unit_price, quantity) VALUES ('DKYDDY0GPGN009571', 'DKYDDY0GPGN009571-001', 'PP-EAEM0139', 'installed', 'Engine control unit', 44.97, 1);
INSERT INTO Part (VIN, order_number, vendor_part_number, status, description, unit_price, quantity) VALUES ('DKYDDY0GPGN009571', 'DKYDDY0GPGN009571-001', 'PP-EAES0122', 'installed', 'Power window switch', 118.57, 1);
INSERT INTO Part (VIN, order_number, vendor_part_number, status, description, unit_price, quantity) VALUES ('DKYDDY0GPGN009571', 'DKYDDY0GPGN009571-002', 'PP-EAEM0148', 'installed', 'Speedometer calibrator', 92.51, 2);
INSERT INTO Part (VIN, order_number, vendor_part_number, status, description, unit_price, quantity) VALUES ('DKYDDY0GPGN009571', 'DKYDDY0GPGN009571-002', 'PP-EAESS0118', 'installed', 'Starter solenoid', 31.49, 1);
INSERT INTO Part (VIN, order_number, vendor_part_number, status, description, unit_price, quantity) VALUES ('DKYDDY0GPGN009571', 'DKYDDY0GPGN009571-002', 'PP-PACBS0178', 'installed', 'Brake roll', 15.89, 1);
INSERT INTO Part (VIN, order_number, vendor_part_number, status, description, unit_price, quantity) VALUES ('DKYDDY0GPGN009571', 'DKYDDY0GPGN009571-004', 'PP-EAEGAM0068', 'installed', 'Speedometer', 62.48, 1);
INSERT INTO Part (VIN, order_number, vendor_part_number, status, description, unit_price, quantity) VALUES ('DKYDDY0GPGN009571', 'DKYDDY0GPGN009571-004', 'PP-EAELASS0088', 'installed', 'Interior light and lamp', 137.76, 1);
INSERT INTO Part (VIN, order_number, vendor_part_number, status, description, unit_price, quantity) VALUES ('E40MBYWNZSL194135', 'E40MBYWNZSL194135-001', 'PP-EAEIS0078', 'received', 'Ignition box', 103.44, 1);
INSERT INTO Part (VIN, order_number, vendor_part_number, status, description, unit_price, quantity) VALUES ('E40MBYWNZSL194135', 'E40MBYWNZSL194135-001', 'PP-EAEIS0081', 'ordered', 'Ignition controller', 104.25, 1);
INSERT INTO Part (VIN, order_number, vendor_part_number, status, description, unit_price, quantity) VALUES ('E40MBYWNZSL194135', 'E40MBYWNZSL194135-001', 'PP-EAEM0150', 'installed', 'Wiring connector', 119.77, 1);
INSERT INTO Part (VIN, order_number, vendor_part_number, status, description, unit_price, quantity) VALUES ('E40MBYWNZSL194135', 'E40MBYWNZSL194135-001', 'PP-EAES0106', 'received', 'Rotational sensor', 36.12, 1);
INSERT INTO Part (VIN, order_number, vendor_part_number, status, description, unit_price, quantity) VALUES ('GH8SBHTMEBB721980', 'GH8SBHTMEBB721980-001', 'PP-BAED0024', 'installed', 'Outer door handle', 146.56, 1);
INSERT INTO Part (VIN, order_number, vendor_part_number, status, description, unit_price, quantity) VALUES ('GH8SBHTMEBB721980', 'GH8SBHTMEBB721980-001', 'PP-BAED0029', 'installed', 'Hinge', 43.03, 1);
INSERT INTO Part (VIN, order_number, vendor_part_number, status, description, unit_price, quantity) VALUES ('GH8SBHTMEBB721980', 'GH8SBHTMEBB721980-001', 'PP-EAEM0143', 'received', 'Performance Monitor', 42.99, 1);
INSERT INTO Part (VIN, order_number, vendor_part_number, status, description, unit_price, quantity) VALUES ('GH8SBHTMEBB721980', 'GH8SBHTMEBB721980-001', 'PP-EAEM0147', 'installed', 'Speed controller', 21.75, 1);
INSERT INTO Part (VIN, order_number, vendor_part_number, status, description, unit_price, quantity) VALUES ('H2032G2DS5D863208', 'H2032G2DS5D863208-001', 'PP-EAES0121', 'ordered', 'Ignition Switch', 299.1, 1);
INSERT INTO Part (VIN, order_number, vendor_part_number, status, description, unit_price, quantity) VALUES ('H2032G2DS5D863208', 'H2032G2DS5D863208-001', 'PP-PACBS0170', 'ordered', 'Brake cooling duct', 69.68, 1);
INSERT INTO Part (VIN, order_number, vendor_part_number, status, description, unit_price, quantity) VALUES ('HSJNIY2UV32447249', 'HSJNIY2UV32447249-001', 'PP-BAE0002', 'installed', 'Unexposed bumper', 92.22, 1);
INSERT INTO Part (VIN, order_number, vendor_part_number, status, description, unit_price, quantity) VALUES ('HSJNIY2UV32447249', 'HSJNIY2UV32447249-001', 'PP-ICS0157', 'installed', 'Fastener', 58.27, 1);
INSERT INTO Part (VIN, order_number, vendor_part_number, status, description, unit_price, quantity) VALUES ('HSJNIY2UV32447249', 'HSJNIY2UV32447249-001', 'PP-PACBS0174', 'installed', 'Brake pad', 59.69, 1);
INSERT INTO Part (VIN, order_number, vendor_part_number, status, description, unit_price, quantity) VALUES ('IGCYVATVIYZ078682', 'IGCYVATVIYZ078682-002', 'PP-EAEAD0046', 'installed', 'Tuner', 90.03, 1);
INSERT INTO Part (VIN, order_number, vendor_part_number, status, description, unit_price, quantity) VALUES ('JDZCMB67NYJ067633', 'JDZCMB67NYJ067633-003', 'PP-BAE0015', 'installed', 'Roof Rack', 78.85, 1);
INSERT INTO Part (VIN, order_number, vendor_part_number, status, description, unit_price, quantity) VALUES ('JDZCMB67NYJ067633', 'JDZCMB67NYJ067633-003', 'PP-EAEESS0054', 'installed', 'Performance battery', 20.37, 1);
INSERT INTO Part (VIN, order_number, vendor_part_number, status, description, unit_price, quantity) VALUES ('M0LLCXP5H7J310101', 'M0LLCXP5H7J310101-004', 'PP-EAEGAM0067', 'installed', 'Odometer', 3.08, 1);
INSERT INTO Part (VIN, order_number, vendor_part_number, status, description, unit_price, quantity) VALUES ('M0LLCXP5H7J310101', 'M0LLCXP5H7J310101-004', 'PP-EAES0114', 'installed', 'ABS sensor', 46.15, 1);
INSERT INTO Part (VIN, order_number, vendor_part_number, status, description, unit_price, quantity) VALUES ('M0LLCXP5H7J310101', 'M0LLCXP5H7J310101-004', 'PP-IFCAP0152', 'installed', 'Center console', 86.95, 1);
INSERT INTO Part (VIN, order_number, vendor_part_number, status, description, unit_price, quantity) VALUES ('M0LLCXP5H7J310101', 'M0LLCXP5H7J310101-004', 'PP-PACBS0177', 'installed', 'Brake pump', 97.29, 1);
INSERT INTO Part (VIN, order_number, vendor_part_number, status, description, unit_price, quantity) VALUES ('MXQN4LATRKB695732', 'MXQN4LATRKB695732-002', 'PP-BAE0003', 'installed', 'Exposed bumper', 79.38, 1);
INSERT INTO Part (VIN, order_number, vendor_part_number, status, description, unit_price, quantity) VALUES ('MXQN4LATRKB695732', 'MXQN4LATRKB695732-002', 'PP-BAEW0036', 'ordered', 'Window motor', 26.81, 1);
INSERT INTO Part (VIN, order_number, vendor_part_number, status, description, unit_price, quantity) VALUES ('NR8MRVX5E8D221451', 'NR8MRVX5E8D221451-002', 'PP-EAEIS0080', 'ordered', 'Ignition coil parts', 51.99, 1);
INSERT INTO Part (VIN, order_number, vendor_part_number, status, description, unit_price, quantity) VALUES ('NR8MRVX5E8D221451', 'NR8MRVX5E8D221451-002', 'PP-ICS0160', 'ordered', 'Seat bracket', 135.79, 4);
INSERT INTO Part (VIN, order_number, vendor_part_number, status, description, unit_price, quantity) VALUES ('P6MQEVF1IQJ610623', 'P6MQEVF1IQJ610623-002', 'PP-EAEGAM0062', 'installed', 'Ammeter', 89.26, 1);
INSERT INTO Part (VIN, order_number, vendor_part_number, status, description, unit_price, quantity) VALUES ('P6MQEVF1IQJ610623', 'P6MQEVF1IQJ610623-002', 'PP-EAES0121', 'installed', 'Ignition Switch', 83.54, 1);
INSERT INTO Part (VIN, order_number, vendor_part_number, status, description, unit_price, quantity) VALUES ('P6MQEVF1IQJ610623', 'P6MQEVF1IQJ610623-002', 'PP-PACBS0171', 'installed', 'Brake disc', 89.58, 2);
INSERT INTO Part (VIN, order_number, vendor_part_number, status, description, unit_price, quantity) VALUES ('PBESRWYTH82112725', 'PBESRWYTH82112725-001', 'PP-BAE0012', 'installed', 'Quarter panel', 15.43, 4);
INSERT INTO Part (VIN, order_number, vendor_part_number, status, description, unit_price, quantity) VALUES ('PBESRWYTH82112725', 'PBESRWYTH82112725-001', 'PP-EAEESS0058', 'installed', 'Battery control system', 48.78, 1);
INSERT INTO Part (VIN, order_number, vendor_part_number, status, description, unit_price, quantity) VALUES ('PBESRWYTH82112725', 'PBESRWYTH82112725-001', 'PP-EAELASS0085', 'installed', 'Halogen', 19.04, 2);
INSERT INTO Part (VIN, order_number, vendor_part_number, status, description, unit_price, quantity) VALUES ('PPVYLZRPFEV326028', 'PPVYLZRPFEV326028-001', 'PP-EAEIS0078', 'installed', 'Ignition box', 202.25, 1);
INSERT INTO Part (VIN, order_number, vendor_part_number, status, description, unit_price, quantity) VALUES ('PPVYLZRPFEV326028', 'PPVYLZRPFEV326028-001', 'PP-EAELASS0084', 'installed', 'Fog Light', 70.99, 2);
INSERT INTO Part (VIN, order_number, vendor_part_number, status, description, unit_price, quantity) VALUES ('PPVYLZRPFEV326028', 'PPVYLZRPFEV326028-001', 'PP-PACBS0168', 'installed', 'Brake backing plate', 297.17, 1);
INSERT INTO Part (VIN, order_number, vendor_part_number, status, description, unit_price, quantity) VALUES ('QH3G5SMTWL1655432', 'QH3G5SMTWL1655432-002', 'PP-BAE0022', 'installed', 'Welded assembly', 236.45, 1);
INSERT INTO Part (VIN, order_number, vendor_part_number, status, description, unit_price, quantity) VALUES ('QH3G5SMTWL1655432', 'QH3G5SMTWL1655432-002', 'PP-EAELASS0084', 'installed', 'Fog Light', 193.32, 1);
INSERT INTO Part (VIN, order_number, vendor_part_number, status, description, unit_price, quantity) VALUES ('QH3G5SMTWL1655432', 'QH3G5SMTWL1655432-002', 'PP-EAELASS0087', 'installed', 'Headlight motor', 264.18, 1);
INSERT INTO Part (VIN, order_number, vendor_part_number, status, description, unit_price, quantity) VALUES ('QWJUBFUE74W190495', 'QWJUBFUE74W190495-001', 'PP-BAE0012', 'installed', 'Quarter panel', 47.26, 1);
INSERT INTO Part (VIN, order_number, vendor_part_number, status, description, unit_price, quantity) VALUES ('QWJUBFUE74W190495', 'QWJUBFUE74W190495-001', 'PP-EAEIS0076', 'installed', 'Distributor', 71.38, 1);
INSERT INTO Part (VIN, order_number, vendor_part_number, status, description, unit_price, quantity) VALUES ('QWJUBFUE74W190495', 'QWJUBFUE74W190495-001', 'PP-EAEM0147', 'installed', 'Speed controller', 48.35, 1);
INSERT INTO Part (VIN, order_number, vendor_part_number, status, description, unit_price, quantity) VALUES ('QWJUBFUE74W190495', 'QWJUBFUE74W190495-001', 'PP-IFCAP0152', 'installed', 'Center console', 135.71, 1);
INSERT INTO Part (VIN, order_number, vendor_part_number, status, description, unit_price, quantity) VALUES ('RQT7QTVEXT0674936', 'RQT7QTVEXT0674936-001', 'PP-BAE0012', 'installed', 'Quarter panel', 227.41, 1);
INSERT INTO Part (VIN, order_number, vendor_part_number, status, description, unit_price, quantity) VALUES ('RQT7QTVEXT0674936', 'RQT7QTVEXT0674936-001', 'PP-PACBS0194', 'installed', 'Hydraulic booster unit', 397.34, 2);
INSERT INTO Part (VIN, order_number, vendor_part_number, status, description, unit_price, quantity) VALUES ('T4ZU00SL0FM541576', 'T4ZU00SL0FM541576-001', 'PP-EAEIS0082', 'installed', 'Magneto', 101.21, 2);
INSERT INTO Part (VIN, order_number, vendor_part_number, status, description, unit_price, quantity) VALUES ('T4ZU00SL0FM541576', 'T4ZU00SL0FM541576-001', 'PP-EAELASS0085', 'installed', 'Halogen', 29.33, 1);
INSERT INTO Part (VIN, order_number, vendor_part_number, status, description, unit_price, quantity) VALUES ('T4ZU00SL0FM541576', 'T4ZU00SL0FM541576-001', 'PP-EAEM0137', 'installed', 'Door contact', 89.04, 1);
INSERT INTO Part (VIN, order_number, vendor_part_number, status, description, unit_price, quantity) VALUES ('U7IKYL8F8X4927973', 'U7IKYL8F8X4927973-001', 'PP-BAE0014', 'installed', 'Rocker panel', 10.13, 2);
INSERT INTO Part (VIN, order_number, vendor_part_number, status, description, unit_price, quantity) VALUES ('U7IKYL8F8X4927973', 'U7IKYL8F8X4927973-001', 'PP-EAES0094', 'installed', 'Anti-pinch sensor', 14.17, 1);
INSERT INTO Part (VIN, order_number, vendor_part_number, status, description, unit_price, quantity) VALUES ('U7IKYL8F8X4927973', 'U7IKYL8F8X4927973-001', 'PP-EAES0108', 'installed', 'Transmission input and output sensor', 68.6, 1);
INSERT INTO Part (VIN, order_number, vendor_part_number, status, description, unit_price, quantity) VALUES ('U7IKYL8F8X4927973', 'U7IKYL8F8X4927973-001', 'PP-EAES0112', 'installed', 'IMA sensor', 72.35, 1);
INSERT INTO Part (VIN, order_number, vendor_part_number, status, description, unit_price, quantity) VALUES ('V1NVZM13MTZ321642', 'V1NVZM13MTZ321642-002', 'PP-EAEM0135', 'installed', 'Chassis control computer', 13.74, 1);
INSERT INTO Part (VIN, order_number, vendor_part_number, status, description, unit_price, quantity) VALUES ('V1NVZM13MTZ321642', 'V1NVZM13MTZ321642-002', 'PP-PACBS0166', 'installed', 'Anchor', 11.34, 1);
INSERT INTO Part (VIN, order_number, vendor_part_number, status, description, unit_price, quantity) VALUES ('VWF36GH8UML053642', 'VWF36GH8UML053642-003', 'PP-EAEESS0056', 'installed', 'Battery cable terminal', 194.95, 1);
INSERT INTO Part (VIN, order_number, vendor_part_number, status, description, unit_price, quantity) VALUES ('Y033F7MCLW5266860', 'Y033F7MCLW5266860-005', 'PP-BAE0013', 'installed', 'Radiator core support', 141.95, 1);
INSERT INTO Part (VIN, order_number, vendor_part_number, status, description, unit_price, quantity) VALUES ('Y033F7MCLW5266860', 'Y033F7MCLW5266860-005', 'PP-EAELASS0089', 'installed', 'License plate lamp', 160.25, 1);
INSERT INTO Part (VIN, order_number, vendor_part_number, status, description, unit_price, quantity) VALUES ('Y033F7MCLW5266860', 'Y033F7MCLW5266860-005', 'PP-PACBS0172', 'installed', 'Brake drum', 111.58, 4);
INSERT INTO Part (VIN, order_number, vendor_part_number, status, description, unit_price, quantity) VALUES ('Z7I1HGSFYSF704101', 'Z7I1HGSFYSF704101-001', 'PP-BAE0006', 'installed', 'Fascia rear and support', 115.77, 1);
INSERT INTO Part (VIN, order_number, vendor_part_number, status, description, unit_price, quantity) VALUES ('Z7I1HGSFYSF704101', 'Z7I1HGSFYSF704101-001', 'PP-BAEW0039', 'installed', 'Windshield washer motor', 269.08, 1);
INSERT INTO Part (VIN, order_number, vendor_part_number, status, description, unit_price, quantity) VALUES ('Z7I1HGSFYSF704101', 'Z7I1HGSFYSF704101-001', 'PP-ICS0158', 'installed', 'Headrest', 79.67, 1);
INSERT INTO Part (VIN, order_number, vendor_part_number, status, description, unit_price, quantity) VALUES ('24G081632WM888163', '24G081632WM888163-001', 'RH-EAEAD0046', 'installed', 'Tuner', 108.39, 3);
INSERT INTO Part (VIN, order_number, vendor_part_number, status, description, unit_price, quantity) VALUES ('3J6IMNCNYTR099621', '3J6IMNCNYTR099621-001', 'RH-BAED0032', 'installed', 'Centre Locking', 130.64, 1);
INSERT INTO Part (VIN, order_number, vendor_part_number, status, description, unit_price, quantity) VALUES ('3J6IMNCNYTR099621', '3J6IMNCNYTR099621-001', 'RH-EAEGAM0062', 'installed', 'Ammeter', 216.83, 1);
INSERT INTO Part (VIN, order_number, vendor_part_number, status, description, unit_price, quantity) VALUES ('3J6IMNCNYTR099621', '3J6IMNCNYTR099621-001', 'RH-EAESS0118', 'installed', 'Starter solenoid', 184.3, 1);
INSERT INTO Part (VIN, order_number, vendor_part_number, status, description, unit_price, quantity) VALUES ('3J6IMNCNYTR099621', '3J6IMNCNYTR099621-001', 'RH-PACBS0184', 'installed', 'Brake warning light', 191.5, 1);
INSERT INTO Part (VIN, order_number, vendor_part_number, status, description, unit_price, quantity) VALUES ('4GHCRLJOKT6083540', '4GHCRLJOKT6083540-005', 'RH-BAE0018', 'installed', 'Rear spoiler', 507.9, 2);
INSERT INTO Part (VIN, order_number, vendor_part_number, status, description, unit_price, quantity) VALUES ('4GHCRLJOKT6083540', '4GHCRLJOKT6083540-005', 'RH-EAEESS0057', 'installed', 'Battery cable', 505.34, 1);
INSERT INTO Part (VIN, order_number, vendor_part_number, status, description, unit_price, quantity) VALUES ('4GHCRLJOKT6083540', '4GHCRLJOKT6083540-005', 'RH-EAEIS0078', 'installed', 'Ignition box', 389.1, 1);
INSERT INTO Part (VIN, order_number, vendor_part_number, status, description, unit_price, quantity) VALUES ('4GHCRLJOKT6083540', '4GHCRLJOKT6083540-005', 'RH-EAES0104', 'installed', 'Pressure sensor', 557.51, 4);
INSERT INTO Part (VIN, order_number, vendor_part_number, status, description, unit_price, quantity) VALUES ('60RPWRGZXAL689666', '60RPWRGZXAL689666-004', 'RH-EAEGAM0069', 'received', 'Tachometer', 82.64, 1);
INSERT INTO Part (VIN, order_number, vendor_part_number, status, description, unit_price, quantity) VALUES ('60RPWRGZXAL689666', '60RPWRGZXAL689666-004', 'RH-EAES0096', 'ordered', 'Crankshaft position sensor', 110.1, 1);
INSERT INTO Part (VIN, order_number, vendor_part_number, status, description, unit_price, quantity) VALUES ('60RPWRGZXAL689666', '60RPWRGZXAL689666-004', 'RH-PACBS0176', 'received', 'Brake piston', 25.98, 1);
INSERT INTO Part (VIN, order_number, vendor_part_number, status, description, unit_price, quantity) VALUES ('60RPWRGZXAL689666', '60RPWRGZXAL689666-004', 'RH-PACBS0177', 'ordered', 'Brake pump', 47.87, 1);
INSERT INTO Part (VIN, order_number, vendor_part_number, status, description, unit_price, quantity) VALUES ('60RPWRGZXAL689666', '60RPWRGZXAL689666-005', 'RH-EAECS0048', 'received', 'Alternator', 128.06, 1);
INSERT INTO Part (VIN, order_number, vendor_part_number, status, description, unit_price, quantity) VALUES ('60RPWRGZXAL689666', '60RPWRGZXAL689666-005', 'RH-EAEESS0058', 'received', 'Battery control system', 138.11, 1);
INSERT INTO Part (VIN, order_number, vendor_part_number, status, description, unit_price, quantity) VALUES ('60RPWRGZXAL689666', '60RPWRGZXAL689666-005', 'RH-EAEGAM0070', 'installed', 'Temperature gauge', 74.35, 2);
INSERT INTO Part (VIN, order_number, vendor_part_number, status, description, unit_price, quantity) VALUES ('60RPWRGZXAL689666', '60RPWRGZXAL689666-005', 'RH-EAEGAM0072', 'installed', 'Vacuum gauge', 81.32, 2);
INSERT INTO Part (VIN, order_number, vendor_part_number, status, description, unit_price, quantity) VALUES ('7DCA7GIBSL3385548', '7DCA7GIBSL3385548-001', 'RH-EAEAD0043', 'installed', 'Radio and media player', 161.78, 1);
INSERT INTO Part (VIN, order_number, vendor_part_number, status, description, unit_price, quantity) VALUES ('7DCA7GIBSL3385548', '7DCA7GIBSL3385548-001', 'RH-EAEGAM0063', 'received', 'Clinometer', 105.21, 1);
INSERT INTO Part (VIN, order_number, vendor_part_number, status, description, unit_price, quantity) VALUES ('7DCA7GIBSL3385548', '7DCA7GIBSL3385548-001', 'RH-EAES0123', 'ordered', 'Steering column switch', 74.71, 4);
INSERT INTO Part (VIN, order_number, vendor_part_number, status, description, unit_price, quantity) VALUES ('7DCA7GIBSL3385548', '7DCA7GIBSL3385548-001', 'RH-PACBS0197', 'installed', 'Metering valve', 47.05, 1);
INSERT INTO Part (VIN, order_number, vendor_part_number, status, description, unit_price, quantity) VALUES ('7HMSLYNNGHJ439820', '7HMSLYNNGHJ439820-005', 'RH-EAEM0139', 'received', 'Engine control unit', 67.79, 1);
INSERT INTO Part (VIN, order_number, vendor_part_number, status, description, unit_price, quantity) VALUES ('7HMSLYNNGHJ439820', '7HMSLYNNGHJ439820-005', 'RH-EAES0121', 'ordered', 'Ignition Switch', 25.89, 1);
INSERT INTO Part (VIN, order_number, vendor_part_number, status, description, unit_price, quantity) VALUES ('7HMSLYNNGHJ439820', '7HMSLYNNGHJ439820-005', 'RH-PACBS0191', 'received', 'Brake booster hose', 39.69, 1);
INSERT INTO Part (VIN, order_number, vendor_part_number, status, description, unit_price, quantity) VALUES ('A46MVF2CB4I965254', 'A46MVF2CB4I965254-001', 'RH-BAEW0035', 'received', 'Sunroof motor', 408.94, 1);
INSERT INTO Part (VIN, order_number, vendor_part_number, status, description, unit_price, quantity) VALUES ('A46MVF2CB4I965254', 'A46MVF2CB4I965254-001', 'RH-EAEGAM0062', 'ordered', 'Ammeter', 123.86, 1);
INSERT INTO Part (VIN, order_number, vendor_part_number, status, description, unit_price, quantity) VALUES ('A46MVF2CB4I965254', 'A46MVF2CB4I965254-001', 'RH-EAES0104', 'received', 'Pressure sensor', 312.91, 3);
INSERT INTO Part (VIN, order_number, vendor_part_number, status, description, unit_price, quantity) VALUES ('A4LJMRR8IYC935453', 'A4LJMRR8IYC935453-001', 'RH-EAECS0049', 'installed', 'Alternator bearing', 223.46, 1);
INSERT INTO Part (VIN, order_number, vendor_part_number, status, description, unit_price, quantity) VALUES ('A4LJMRR8IYC935453', 'A4LJMRR8IYC935453-001', 'RH-EAEIS0075', 'installed', 'Coil wire', 191.16, 1);
INSERT INTO Part (VIN, order_number, vendor_part_number, status, description, unit_price, quantity) VALUES ('A4LJMRR8IYC935453', 'A4LJMRR8IYC935453-001', 'RH-EAEIS0076', 'installed', 'Distributor', 249.16, 1);
INSERT INTO Part (VIN, order_number, vendor_part_number, status, description, unit_price, quantity) VALUES ('A4LJMRR8IYC935453', 'A4LJMRR8IYC935453-001', 'RH-PACBS0186', 'installed', 'Caliper', 73.66, 1);
INSERT INTO Part (VIN, order_number, vendor_part_number, status, description, unit_price, quantity) VALUES ('A4LJMRR8IYC935453', 'A4LJMRR8IYC935453-003', 'RH-BAE0007', 'installed', 'Fender Musical Instruments Corporation', 60.46, 1);
INSERT INTO Part (VIN, order_number, vendor_part_number, status, description, unit_price, quantity) VALUES ('A4LJMRR8IYC935453', 'A4LJMRR8IYC935453-003', 'RH-EAEM0139', 'installed', 'Engine control unit', 196.83, 1);
INSERT INTO Part (VIN, order_number, vendor_part_number, status, description, unit_price, quantity) VALUES ('E40MBYWNZSL194135', 'E40MBYWNZSL194135-002', 'RH-EAESS0115', 'ordered', 'Starter', 110.86, 1);
INSERT INTO Part (VIN, order_number, vendor_part_number, status, description, unit_price, quantity) VALUES ('ECEPA3GAEIK299733', 'ECEPA3GAEIK299733-003', 'RH-EAELASS0089', 'installed', 'License plate lamp', 63.07, 2);
INSERT INTO Part (VIN, order_number, vendor_part_number, status, description, unit_price, quantity) VALUES ('ECEPA3GAEIK299733', 'ECEPA3GAEIK299733-003', 'RH-EAEM0137', 'installed', 'Door contact', 18.85, 1);
INSERT INTO Part (VIN, order_number, vendor_part_number, status, description, unit_price, quantity) VALUES ('EIA3R8DZFZH945841', 'EIA3R8DZFZH945841-003', 'RH-BAE0015', 'installed', 'Roof Rack', 26.13, 1);
INSERT INTO Part (VIN, order_number, vendor_part_number, status, description, unit_price, quantity) VALUES ('EIA3R8DZFZH945841', 'EIA3R8DZFZH945841-003', 'RH-EAELASS0086', 'installed', 'Headlight', 63.71, 4);
INSERT INTO Part (VIN, order_number, vendor_part_number, status, description, unit_price, quantity) VALUES ('EURVOJ6RTMZ196274', 'EURVOJ6RTMZ196274-002', 'RH-EAES0103', 'ordered', 'Power-steering pressure sensor', 242.93, 1);
INSERT INTO Part (VIN, order_number, vendor_part_number, status, description, unit_price, quantity) VALUES ('IGCYVATVIYZ078682', 'IGCYVATVIYZ078682-003', 'RH-EAEM0150', 'installed', 'Wiring connector', 65.19, 3);
INSERT INTO Part (VIN, order_number, vendor_part_number, status, description, unit_price, quantity) VALUES ('IGCYVATVIYZ078682', 'IGCYVATVIYZ078682-003', 'RH-ICS0160', 'installed', 'Seat bracket', 28.36, 1);
INSERT INTO Part (VIN, order_number, vendor_part_number, status, description, unit_price, quantity) VALUES ('IQV1YQ3IV7V327698', 'IQV1YQ3IV7V327698-002', 'RH-EAEESS0057', 'installed', 'Battery cable', 111.61, 2);
INSERT INTO Part (VIN, order_number, vendor_part_number, status, description, unit_price, quantity) VALUES ('IQV1YQ3IV7V327698', 'IQV1YQ3IV7V327698-002', 'RH-PACBS0192', 'installed', 'Air brake nylon hose', 38.11, 1);
INSERT INTO Part (VIN, order_number, vendor_part_number, status, description, unit_price, quantity) VALUES ('KEQ2CFPH7RO593605', 'KEQ2CFPH7RO593605-002', 'RH-EAES0103', 'installed', 'Power-steering pressure sensor', 126.09, 3);
INSERT INTO Part (VIN, order_number, vendor_part_number, status, description, unit_price, quantity) VALUES ('KEQ2CFPH7RO593605', 'KEQ2CFPH7RO593605-002', 'RH-ICS0159', 'installed', 'Seat Belt', 217.06, 1);
INSERT INTO Part (VIN, order_number, vendor_part_number, status, description, unit_price, quantity) VALUES ('KEQ2CFPH7RO593605', 'KEQ2CFPH7RO593605-002', 'RH-ICS0161', 'installed', 'Seat cover', 9.25, 1);
INSERT INTO Part (VIN, order_number, vendor_part_number, status, description, unit_price, quantity) VALUES ('M07I6J8WOKL966353', 'M07I6J8WOKL966353-005', 'RH-EAESS0118', 'ordered', 'Starter solenoid', 19.01, 1);
INSERT INTO Part (VIN, order_number, vendor_part_number, status, description, unit_price, quantity) VALUES ('N5NZQJ4VDI0775398', 'N5NZQJ4VDI0775398-001', 'RH-BAED0023', 'installed', 'Door beam and panel', 200.16, 3);
INSERT INTO Part (VIN, order_number, vendor_part_number, status, description, unit_price, quantity) VALUES ('N5NZQJ4VDI0775398', 'N5NZQJ4VDI0775398-001', 'RH-EAEGAM0069', 'installed', 'Tachometer', 348.93, 1);
INSERT INTO Part (VIN, order_number, vendor_part_number, status, description, unit_price, quantity) VALUES ('N5NZQJ4VDI0775398', 'N5NZQJ4VDI0775398-001', 'RH-PACBS0177', 'installed', 'Brake pump', 231.09, 1);
INSERT INTO Part (VIN, order_number, vendor_part_number, status, description, unit_price, quantity) VALUES ('N7Z650PTGIP247286', 'N7Z650PTGIP247286-004', 'RH-ICS0156', 'installed', 'Children and baby car seat', 4.23, 1);
INSERT INTO Part (VIN, order_number, vendor_part_number, status, description, unit_price, quantity) VALUES ('NG2R81BAMWW204013', 'NG2R81BAMWW204013-005', 'RH-BAED0031', 'installed', 'Lock', 27.66, 1);
INSERT INTO Part (VIN, order_number, vendor_part_number, status, description, unit_price, quantity) VALUES ('NG2R81BAMWW204013', 'NG2R81BAMWW204013-005', 'RH-EAES0095', 'installed', 'Camshaft position sensor', 183.3, 1);
INSERT INTO Part (VIN, order_number, vendor_part_number, status, description, unit_price, quantity) VALUES ('NG2R81BAMWW204013', 'NG2R81BAMWW204013-005', 'RH-EAES0110', 'installed', 'TDC sensor', 272.49, 1);
INSERT INTO Part (VIN, order_number, vendor_part_number, status, description, unit_price, quantity) VALUES ('NG2R81BAMWW204013', 'NG2R81BAMWW204013-005', 'RH-PACBS0175', 'installed', 'Brake pedal', 95.7, 1);
INSERT INTO Part (VIN, order_number, vendor_part_number, status, description, unit_price, quantity) VALUES ('P6MQEVF1IQJ610623', 'P6MQEVF1IQJ610623-001', 'RH-BAED0031', 'installed', 'Lock', 86.7, 2);
INSERT INTO Part (VIN, order_number, vendor_part_number, status, description, unit_price, quantity) VALUES ('P6MQEVF1IQJ610623', 'P6MQEVF1IQJ610623-001', 'RH-EAEAD0043', 'installed', 'Radio and media player', 3.62, 1);
INSERT INTO Part (VIN, order_number, vendor_part_number, status, description, unit_price, quantity) VALUES ('P6MQEVF1IQJ610623', 'P6MQEVF1IQJ610623-001', 'RH-EAEGAM0070', 'installed', 'Temperature gauge', 89.5, 1);
INSERT INTO Part (VIN, order_number, vendor_part_number, status, description, unit_price, quantity) VALUES ('P6MQEVF1IQJ610623', 'P6MQEVF1IQJ610623-001', 'RH-EAES0093', 'installed', 'Airbag sensor', 33.86, 1);
INSERT INTO Part (VIN, order_number, vendor_part_number, status, description, unit_price, quantity) VALUES ('PIA08DCAJZT422690', 'PIA08DCAJZT422690-002', 'RH-BAED0026', 'installed', 'Door control module', 107.19, 1);
INSERT INTO Part (VIN, order_number, vendor_part_number, status, description, unit_price, quantity) VALUES ('PLT6LAJER3K107458', 'PLT6LAJER3K107458-003', 'RH-BAEW0040', 'installed', 'Window seal', 240.55, 3);
INSERT INTO Part (VIN, order_number, vendor_part_number, status, description, unit_price, quantity) VALUES ('PLT6LAJER3K107458', 'PLT6LAJER3K107458-003', 'RH-EAEM0142', 'installed', 'Performance chip', 411.29, 1);
INSERT INTO Part (VIN, order_number, vendor_part_number, status, description, unit_price, quantity) VALUES ('Q8DL7A5M6DW706622', 'Q8DL7A5M6DW706622-001', 'RH-BAE0003', 'installed', 'Exposed bumper', 27.24, 1);
INSERT INTO Part (VIN, order_number, vendor_part_number, status, description, unit_price, quantity) VALUES ('Q8DL7A5M6DW706622', 'Q8DL7A5M6DW706622-001', 'RH-BAEW0039', 'installed', 'Windshield washer motor', 90.62, 3);
INSERT INTO Part (VIN, order_number, vendor_part_number, status, description, unit_price, quantity) VALUES ('Q8DL7A5M6DW706622', 'Q8DL7A5M6DW706622-001', 'RH-EAEM0133', 'installed', 'Alarm and siren', 0.65, 1);
INSERT INTO Part (VIN, order_number, vendor_part_number, status, description, unit_price, quantity) VALUES ('Q8DL7A5M6DW706622', 'Q8DL7A5M6DW706622-001', 'RH-EAES0110', 'installed', 'TDC sensor', 82.06, 1);
INSERT INTO Part (VIN, order_number, vendor_part_number, status, description, unit_price, quantity) VALUES ('QH3G5SMTWL1655432', 'QH3G5SMTWL1655432-003', 'RH-BAED0029', 'installed', 'Hinge', 273.4, 4);
INSERT INTO Part (VIN, order_number, vendor_part_number, status, description, unit_price, quantity) VALUES ('QH3G5SMTWL1655432', 'QH3G5SMTWL1655432-003', 'RH-BAEW0040', 'installed', 'Window seal', 189.12, 1);
INSERT INTO Part (VIN, order_number, vendor_part_number, status, description, unit_price, quantity) VALUES ('QH3G5SMTWL1655432', 'QH3G5SMTWL1655432-003', 'RH-EAEIS0078', 'installed', 'Ignition box', 195.92, 1);
INSERT INTO Part (VIN, order_number, vendor_part_number, status, description, unit_price, quantity) VALUES ('RQT7QTVEXT0674936', 'RQT7QTVEXT0674936-002', 'RH-BAE0000', 'installed', 'Bonnet/hood', 60.92, 1);
INSERT INTO Part (VIN, order_number, vendor_part_number, status, description, unit_price, quantity) VALUES ('RQT7QTVEXT0674936', 'RQT7QTVEXT0674936-002', 'RH-EAECS0050', 'installed', 'Alternator bracket', 458.7, 1);
INSERT INTO Part (VIN, order_number, vendor_part_number, status, description, unit_price, quantity) VALUES ('RQT7QTVEXT0674936', 'RQT7QTVEXT0674936-002', 'RH-EAEESS0054', 'installed', 'Performance battery', 299.84, 1);
INSERT INTO Part (VIN, order_number, vendor_part_number, status, description, unit_price, quantity) VALUES ('RQT7QTVEXT0674936', 'RQT7QTVEXT0674936-002', 'RH-EAES0094', 'installed', 'Anti-pinch sensor', 163.65, 1);
INSERT INTO Part (VIN, order_number, vendor_part_number, status, description, unit_price, quantity) VALUES ('S3OPBKGXWAZ659884', 'S3OPBKGXWAZ659884-001', 'RH-EAEM0136', 'ordered', 'Cruise control computer', 46.43, 1);
INSERT INTO Part (VIN, order_number, vendor_part_number, status, description, unit_price, quantity) VALUES ('S3OPBKGXWAZ659884', 'S3OPBKGXWAZ659884-003', 'RH-EAEAD0043', 'received', 'Radio and media player', 38.57, 4);
INSERT INTO Part (VIN, order_number, vendor_part_number, status, description, unit_price, quantity) VALUES ('S3OPBKGXWAZ659884', 'S3OPBKGXWAZ659884-003', 'RH-EAEGAM0070', 'ordered', 'Temperature gauge', 18.15, 1);
INSERT INTO Part (VIN, order_number, vendor_part_number, status, description, unit_price, quantity) VALUES ('T7QN0RYWNOR420799', 'T7QN0RYWNOR420799-001', 'RH-BAE0020', 'installed', 'Trunk', 120.13, 1);
INSERT INTO Part (VIN, order_number, vendor_part_number, status, description, unit_price, quantity) VALUES ('T7QN0RYWNOR420799', 'T7QN0RYWNOR420799-001', 'RH-EAEGAM0071', 'received', 'Tire pressure gauge', 34.56, 1);
INSERT INTO Part (VIN, order_number, vendor_part_number, status, description, unit_price, quantity) VALUES ('T7QN0RYWNOR420799', 'T7QN0RYWNOR420799-001', 'RH-PACBS0179', 'received', 'Brake rotor', 72.02, 1);
INSERT INTO Part (VIN, order_number, vendor_part_number, status, description, unit_price, quantity) VALUES ('U7IKYL8F8X4927973', 'U7IKYL8F8X4927973-002', 'RH-BAE0014', 'installed', 'Rocker panel', 73.66, 1);
INSERT INTO Part (VIN, order_number, vendor_part_number, status, description, unit_price, quantity) VALUES ('U7IKYL8F8X4927973', 'U7IKYL8F8X4927973-002', 'RH-PACBS0189', 'installed', 'Hold-down springs', 35.19, 1);
INSERT INTO Part (VIN, order_number, vendor_part_number, status, description, unit_price, quantity) VALUES ('USQTBTRES6C396411', 'USQTBTRES6C396411-002', 'RH-EAELASS0088', 'ordered', 'Interior light and lamp', 155.1, 2);
INSERT INTO Part (VIN, order_number, vendor_part_number, status, description, unit_price, quantity) VALUES ('USQTBTRES6C396411', 'USQTBTRES6C396411-002', 'RH-EAES0104', 'received', 'Pressure sensor', 141.28, 4);
INSERT INTO Part (VIN, order_number, vendor_part_number, status, description, unit_price, quantity) VALUES ('VLYSREO4D36135371', 'VLYSREO4D36135371-002', 'RH-EAEM0146', 'installed', 'Shift improver', 162.5, 1);
INSERT INTO Part (VIN, order_number, vendor_part_number, status, description, unit_price, quantity) VALUES ('VLYSREO4D36135371', 'VLYSREO4D36135371-002', 'RH-EAES0099', 'installed', 'Knock sensor', 103.63, 1);
INSERT INTO Part (VIN, order_number, vendor_part_number, status, description, unit_price, quantity) VALUES ('WA73P2TB0BO402832', 'WA73P2TB0BO402832-002', 'RH-EAEAD0045', 'installed', 'Speaker', 10.38, 1);
INSERT INTO Part (VIN, order_number, vendor_part_number, status, description, unit_price, quantity) VALUES ('XLQBDQWBZDN084612', 'XLQBDQWBZDN084612-001', 'RH-EAES0121', 'ordered', 'Ignition Switch', 139.35, 1);
INSERT INTO Part (VIN, order_number, vendor_part_number, status, description, unit_price, quantity) VALUES ('XLQBDQWBZDN084612', 'XLQBDQWBZDN084612-001', 'RH-PACBS0175', 'received', 'Brake pedal', 31.96, 5);
INSERT INTO Part (VIN, order_number, vendor_part_number, status, description, unit_price, quantity) VALUES ('0QFCBGN24Y3098876', '0QFCBGN24Y3098876-003', 'RE-EAES0110', 'installed', 'TDC sensor', 131.68, 1);
INSERT INTO Part (VIN, order_number, vendor_part_number, status, description, unit_price, quantity) VALUES ('0UWKB1SP7C0135655', '0UWKB1SP7C0135655-001', 'RE-BAE0006', 'received', 'Fascia rear and support', 110.93, 1);
INSERT INTO Part (VIN, order_number, vendor_part_number, status, description, unit_price, quantity) VALUES ('0UWKB1SP7C0135655', '0UWKB1SP7C0135655-001', 'RE-BAE0016', 'installed', 'Spoiler', 40.62, 1);
INSERT INTO Part (VIN, order_number, vendor_part_number, status, description, unit_price, quantity) VALUES ('3FFSR68RD0K441878', '3FFSR68RD0K441878-004', 'RE-EAEWH0130', 'installed', 'Interior harness', 29.16, 5);
INSERT INTO Part (VIN, order_number, vendor_part_number, status, description, unit_price, quantity) VALUES ('447NADHKNTP823552', '447NADHKNTP823552-002', 'RE-BAE0011', 'installed', 'Pillar and hard trim', 209.13, 1);
INSERT INTO Part (VIN, order_number, vendor_part_number, status, description, unit_price, quantity) VALUES ('4GHCRLJOKT6083540', '4GHCRLJOKT6083540-003', 'RE-IFCAP0151', 'installed', 'Carpet and other floor material', 535.44, 1);
INSERT INTO Part (VIN, order_number, vendor_part_number, status, description, unit_price, quantity) VALUES ('4GHCRLJOKT6083540', '4GHCRLJOKT6083540-003', 'RE-PACBS0163', 'installed', 'Anti-lock braking system', 257.68, 1);
INSERT INTO Part (VIN, order_number, vendor_part_number, status, description, unit_price, quantity) VALUES ('4GHCRLJOKT6083540', '4GHCRLJOKT6083540-003', 'RE-PACBS0176', 'installed', 'Brake piston', 187.05, 1);
INSERT INTO Part (VIN, order_number, vendor_part_number, status, description, unit_price, quantity) VALUES ('4IHUPZ7L3E4517493', '4IHUPZ7L3E4517493-002', 'RE-PACBS0192', 'installed', 'Air brake nylon hose', 536.08, 4);
INSERT INTO Part (VIN, order_number, vendor_part_number, status, description, unit_price, quantity) VALUES ('60RPWRGZXAL689666', '60RPWRGZXAL689666-006', 'RE-BAE0006', 'ordered', 'Fascia rear and support', 87.03, 1);
INSERT INTO Part (VIN, order_number, vendor_part_number, status, description, unit_price, quantity) VALUES ('60RPWRGZXAL689666', '60RPWRGZXAL689666-006', 'RE-BAEW0034', 'installed', 'Sunroof', 89.57, 1);
INSERT INTO Part (VIN, order_number, vendor_part_number, status, description, unit_price, quantity) VALUES ('60RPWRGZXAL689666', '60RPWRGZXAL689666-006', 'RE-EAEAD0046', 'installed', 'Tuner', 26.97, 1);
INSERT INTO Part (VIN, order_number, vendor_part_number, status, description, unit_price, quantity) VALUES ('60RPWRGZXAL689666', '60RPWRGZXAL689666-006', 'RE-EAECS0049', 'received', 'Alternator bearing', 98.2, 1);
INSERT INTO Part (VIN, order_number, vendor_part_number, status, description, unit_price, quantity) VALUES ('6A6NQP7GZG0782604', '6A6NQP7GZG0782604-002', 'RE-EAEAD0045', 'installed', 'Speaker', 172.47, 1);
INSERT INTO Part (VIN, order_number, vendor_part_number, status, description, unit_price, quantity) VALUES ('6A6NQP7GZG0782604', '6A6NQP7GZG0782604-002', 'RE-ICS0162', 'received', 'Seat track', 338.27, 1);
INSERT INTO Part (VIN, order_number, vendor_part_number, status, description, unit_price, quantity) VALUES ('6A6NQP7GZG0782604', '6A6NQP7GZG0782604-002', 'RE-PACBS0172', 'ordered', 'Brake drum', 330.6, 1);
INSERT INTO Part (VIN, order_number, vendor_part_number, status, description, unit_price, quantity) VALUES ('7DGPXJB8CVD797363', '7DGPXJB8CVD797363-002', 'RE-BAE0022', 'installed', 'Welded assembly', 180.9, 1);
INSERT INTO Part (VIN, order_number, vendor_part_number, status, description, unit_price, quantity) VALUES ('7DGPXJB8CVD797363', '7DGPXJB8CVD797363-002', 'RE-EAEM0143', 'installed', 'Performance Monitor', 136.63, 1);
INSERT INTO Part (VIN, order_number, vendor_part_number, status, description, unit_price, quantity) VALUES ('7DGPXJB8CVD797363', '7DGPXJB8CVD797363-002', 'RE-PACBS0173', 'installed', 'Brake line', 196.43, 1);
INSERT INTO Part (VIN, order_number, vendor_part_number, status, description, unit_price, quantity) VALUES ('A35CVWAPCGY561956', 'A35CVWAPCGY561956-001', 'RE-BAED0028', 'installed', 'Door watershield', 38.45, 1);
INSERT INTO Part (VIN, order_number, vendor_part_number, status, description, unit_price, quantity) VALUES ('A35CVWAPCGY561956', 'A35CVWAPCGY561956-001', 'RE-EAEGAM0067', 'installed', 'Odometer', 31.72, 2);
INSERT INTO Part (VIN, order_number, vendor_part_number, status, description, unit_price, quantity) VALUES ('A35CVWAPCGY561956', 'A35CVWAPCGY561956-001', 'RE-EAEM0137', 'installed', 'Door contact', 16.29, 2);
INSERT INTO Part (VIN, order_number, vendor_part_number, status, description, unit_price, quantity) VALUES ('A35CVWAPCGY561956', 'A35CVWAPCGY561956-003', 'RE-EAES0120', 'installed', 'Door switch', 4.62, 1);
INSERT INTO Part (VIN, order_number, vendor_part_number, status, description, unit_price, quantity) VALUES ('A35CVWAPCGY561956', 'A35CVWAPCGY561956-003', 'RE-EAES0121', 'installed', 'Ignition Switch', 30.42, 1);
INSERT INTO Part (VIN, order_number, vendor_part_number, status, description, unit_price, quantity) VALUES ('AKEXMUEW2XP076382', 'AKEXMUEW2XP076382-003', 'RE-PACBS0166', 'installed', 'Anchor', 70.97, 1);
INSERT INTO Part (VIN, order_number, vendor_part_number, status, description, unit_price, quantity) VALUES ('AUP647YMZFB601236', 'AUP647YMZFB601236-001', 'RE-EAEESS0055', 'received', 'Battery box', 89.23, 1);
INSERT INTO Part (VIN, order_number, vendor_part_number, status, description, unit_price, quantity) VALUES ('BQS2CJ56IBQ176739', 'BQS2CJ56IBQ176739-005', 'RE-BAE0022', 'installed', 'Welded assembly', 20.66, 1);
INSERT INTO Part (VIN, order_number, vendor_part_number, status, description, unit_price, quantity) VALUES ('BQS2CJ56IBQ176739', 'BQS2CJ56IBQ176739-005', 'RE-BAED0028', 'installed', 'Door watershield', 1.47, 1);
INSERT INTO Part (VIN, order_number, vendor_part_number, status, description, unit_price, quantity) VALUES ('BQS2CJ56IBQ176739', 'BQS2CJ56IBQ176739-005', 'RE-EAEGAM0063', 'installed', 'Clinometer', 67.3, 1);
INSERT INTO Part (VIN, order_number, vendor_part_number, status, description, unit_price, quantity) VALUES ('BQS2CJ56IBQ176739', 'BQS2CJ56IBQ176739-005', 'RE-EAEGAM0072', 'installed', 'Vacuum gauge', 46.58, 1);
INSERT INTO Part (VIN, order_number, vendor_part_number, status, description, unit_price, quantity) VALUES ('CN2YIBCUFSQ512071', 'CN2YIBCUFSQ512071-003', 'RE-BAE0019', 'installed', 'Trim package', 207.94, 1);
INSERT INTO Part (VIN, order_number, vendor_part_number, status, description, unit_price, quantity) VALUES ('CN2YIBCUFSQ512071', 'CN2YIBCUFSQ512071-003', 'RE-EAELASS0084', 'installed', 'Fog Light', 162.81, 1);
INSERT INTO Part (VIN, order_number, vendor_part_number, status, description, unit_price, quantity) VALUES ('CN2YIBCUFSQ512071', 'CN2YIBCUFSQ512071-003', 'RE-EAES0109', 'installed', 'ABS brack sensor', 289.29, 1);
INSERT INTO Part (VIN, order_number, vendor_part_number, status, description, unit_price, quantity) VALUES ('CN2YIBCUFSQ512071', 'CN2YIBCUFSQ512071-003', 'RE-PACBS0188', 'installed', 'Dual circuit brake system', 191.21, 1);
INSERT INTO Part (VIN, order_number, vendor_part_number, status, description, unit_price, quantity) VALUES ('CTHLSVQRDHK945534', 'CTHLSVQRDHK945534-004', 'RE-BAED0026', 'installed', 'Door control module', 173.75, 1);
INSERT INTO Part (VIN, order_number, vendor_part_number, status, description, unit_price, quantity) VALUES ('CTHLSVQRDHK945534', 'CTHLSVQRDHK945534-004', 'RE-EAEM0143', 'installed', 'Performance Monitor', 7.34, 1);
INSERT INTO Part (VIN, order_number, vendor_part_number, status, description, unit_price, quantity) VALUES ('CTHLSVQRDHK945534', 'CTHLSVQRDHK945534-004', 'RE-EAEWH0128', 'installed', 'Air conditioning harness', 69.85, 1);
INSERT INTO Part (VIN, order_number, vendor_part_number, status, description, unit_price, quantity) VALUES ('DD7UUCMRURY754125', 'DD7UUCMRURY754125-001', 'RE-PACBS0167', 'installed', 'Bleed nipple', 5.21, 1);
INSERT INTO Part (VIN, order_number, vendor_part_number, status, description, unit_price, quantity) VALUES ('DD7UUCMRURY754125', 'DD7UUCMRURY754125-001', 'RE-PACBS0194', 'ordered', 'Hydraulic booster unit', 54.3, 1);
INSERT INTO Part (VIN, order_number, vendor_part_number, status, description, unit_price, quantity) VALUES ('DTPFWL37FTZ702472', 'DTPFWL37FTZ702472-002', 'RE-PACBS0193', 'installed', 'Brake duct hose', 155.22, 2);
INSERT INTO Part (VIN, order_number, vendor_part_number, status, description, unit_price, quantity) VALUES ('DXFJFHB2O8J213290', 'DXFJFHB2O8J213290-002', 'RE-EAELASS0091', 'installed', 'Tail light', 109.9, 1);
INSERT INTO Part (VIN, order_number, vendor_part_number, status, description, unit_price, quantity) VALUES ('DXFJFHB2O8J213290', 'DXFJFHB2O8J213290-002', 'RE-EAES0113', 'installed', 'Oil level sensor', 156.95, 1);
INSERT INTO Part (VIN, order_number, vendor_part_number, status, description, unit_price, quantity) VALUES ('DXFJFHB2O8J213290', 'DXFJFHB2O8J213290-003', 'RE-BAE0019', 'installed', 'Trim package', 75.09, 1);
INSERT INTO Part (VIN, order_number, vendor_part_number, status, description, unit_price, quantity) VALUES ('DXFJFHB2O8J213290', 'DXFJFHB2O8J213290-003', 'RE-EAEIS0075', 'installed', 'Coil wire', 75.18, 1);
INSERT INTO Part (VIN, order_number, vendor_part_number, status, description, unit_price, quantity) VALUES ('DXFJFHB2O8J213290', 'DXFJFHB2O8J213290-003', 'RE-EAES0097', 'installed', 'Engine sensor', 32.89, 1);
INSERT INTO Part (VIN, order_number, vendor_part_number, status, description, unit_price, quantity) VALUES ('DXFJFHB2O8J213290', 'DXFJFHB2O8J213290-003', 'RE-PACBS0169', 'installed', 'Brake backing pad', 13.75, 2);
INSERT INTO Part (VIN, order_number, vendor_part_number, status, description, unit_price, quantity) VALUES ('EURVOJ6RTMZ196274', 'EURVOJ6RTMZ196274-004', 'RE-BAE0004', 'ordered', 'Cowl screen', 108.5, 1);
INSERT INTO Part (VIN, order_number, vendor_part_number, status, description, unit_price, quantity) VALUES ('EURVOJ6RTMZ196274', 'EURVOJ6RTMZ196274-004', 'RE-EAEIS0078', 'installed', 'Ignition box', 115.05, 1);
INSERT INTO Part (VIN, order_number, vendor_part_number, status, description, unit_price, quantity) VALUES ('EURVOJ6RTMZ196274', 'EURVOJ6RTMZ196274-004', 'RE-EAEM0136', 'ordered', 'Cruise control computer', 40.07, 1);
INSERT INTO Part (VIN, order_number, vendor_part_number, status, description, unit_price, quantity) VALUES ('FTU4SK7135C710080', 'FTU4SK7135C710080-002', 'RE-PACBS0192', 'installed', 'Air brake nylon hose', 64.14, 1);
INSERT INTO Part (VIN, order_number, vendor_part_number, status, description, unit_price, quantity) VALUES ('GUSD5Z52ID6316641', 'GUSD5Z52ID6316641-004', 'RE-EAEAD0043', 'received', 'Radio and media player', 3.49, 1);
INSERT INTO Part (VIN, order_number, vendor_part_number, status, description, unit_price, quantity) VALUES ('GUSD5Z52ID6316641', 'GUSD5Z52ID6316641-004', 'RE-EAELASS0087', 'ordered', 'Headlight motor', 97.94, 4);
INSERT INTO Part (VIN, order_number, vendor_part_number, status, description, unit_price, quantity) VALUES ('GUSD5Z52ID6316641', 'GUSD5Z52ID6316641-004', 'RE-EAES0109', 'ordered', 'ABS brack sensor', 54.57, 1);
INSERT INTO Part (VIN, order_number, vendor_part_number, status, description, unit_price, quantity) VALUES ('JDZCMB67NYJ067633', 'JDZCMB67NYJ067633-004', 'RE-BAE0010', 'installed', 'Grille', 53.22, 1);
INSERT INTO Part (VIN, order_number, vendor_part_number, status, description, unit_price, quantity) VALUES ('JDZCMB67NYJ067633', 'JDZCMB67NYJ067633-004', 'RE-BAE0015', 'installed', 'Roof Rack', 20.04, 1);
INSERT INTO Part (VIN, order_number, vendor_part_number, status, description, unit_price, quantity) VALUES ('JDZCMB67NYJ067633', 'JDZCMB67NYJ067633-004', 'RE-BAE0022', 'installed', 'Welded assembly', 37.19, 1);
INSERT INTO Part (VIN, order_number, vendor_part_number, status, description, unit_price, quantity) VALUES ('KEQ2CFPH7RO593605', 'KEQ2CFPH7RO593605-004', 'RE-EAES0108', 'installed', 'Transmission input and output sensor', 128.52, 1);
INSERT INTO Part (VIN, order_number, vendor_part_number, status, description, unit_price, quantity) VALUES ('KEQ2CFPH7RO593605', 'KEQ2CFPH7RO593605-004', 'RE-ICS0154', 'installed', 'Bench Seat', 250.23, 1);
INSERT INTO Part (VIN, order_number, vendor_part_number, status, description, unit_price, quantity) VALUES ('MLQIF1Z0TMV429595', 'MLQIF1Z0TMV429595-003', 'RE-EAECS0050', 'installed', 'Alternator bracket', 79.08, 1);
INSERT INTO Part (VIN, order_number, vendor_part_number, status, description, unit_price, quantity) VALUES ('MLQIF1Z0TMV429595', 'MLQIF1Z0TMV429595-003', 'RE-EAEGAM0069', 'installed', 'Tachometer', 103.29, 1);
INSERT INTO Part (VIN, order_number, vendor_part_number, status, description, unit_price, quantity) VALUES ('MLQIF1Z0TMV429595', 'MLQIF1Z0TMV429595-003', 'RE-EAEIS0078', 'installed', 'Ignition box', 127.13, 1);
INSERT INTO Part (VIN, order_number, vendor_part_number, status, description, unit_price, quantity) VALUES ('MLQIF1Z0TMV429595', 'MLQIF1Z0TMV429595-003', 'RE-EAELASS0092', 'installed', 'Tail light cover', 353.1, 4);
INSERT INTO Part (VIN, order_number, vendor_part_number, status, description, unit_price, quantity) VALUES ('N7Z650PTGIP247286', 'N7Z650PTGIP247286-003', 'RE-BAE0003', 'installed', 'Exposed bumper', 58.78, 1);
INSERT INTO Part (VIN, order_number, vendor_part_number, status, description, unit_price, quantity) VALUES ('N7Z650PTGIP247286', 'N7Z650PTGIP247286-003', 'RE-BAE0021', 'installed', 'Valance', 4.96, 1);
INSERT INTO Part (VIN, order_number, vendor_part_number, status, description, unit_price, quantity) VALUES ('N7Z650PTGIP247286', 'N7Z650PTGIP247286-003', 'RE-BAEW0038', 'installed', 'Windshield', 14.17, 1);
INSERT INTO Part (VIN, order_number, vendor_part_number, status, description, unit_price, quantity) VALUES ('SAK8I3JJ105230630', 'SAK8I3JJ105230630-002', 'RE-EAEM0146', 'installed', 'Shift improver', 186.35, 2);
INSERT INTO Part (VIN, order_number, vendor_part_number, status, description, unit_price, quantity) VALUES ('SAK8I3JJ105230630', 'SAK8I3JJ105230630-002', 'RE-EAES0127', 'installed', 'Frame Switch', 145.32, 1);
INSERT INTO Part (VIN, order_number, vendor_part_number, status, description, unit_price, quantity) VALUES ('SAK8I3JJ105230630', 'SAK8I3JJ105230630-002', 'RE-PACBS0195', 'installed', 'Load-sensing valve', 46.42, 1);
INSERT INTO Part (VIN, order_number, vendor_part_number, status, description, unit_price, quantity) VALUES ('SJTYF7S2DOK527698', 'SJTYF7S2DOK527698-003', 'RE-EAECS0048', 'ordered', 'Alternator', 147.85, 1);
INSERT INTO Part (VIN, order_number, vendor_part_number, status, description, unit_price, quantity) VALUES ('SJTYF7S2DOK527698', 'SJTYF7S2DOK527698-003', 'RE-PACBS0179', 'ordered', 'Brake rotor', 154.6, 2);
INSERT INTO Part (VIN, order_number, vendor_part_number, status, description, unit_price, quantity) VALUES ('TPH6V84MCP2752251', 'TPH6V84MCP2752251-002', 'RE-BAEW0040', 'installed', 'Window seal', 74.23, 1);
INSERT INTO Part (VIN, order_number, vendor_part_number, status, description, unit_price, quantity) VALUES ('TSKEZMWTN2C772047', 'TSKEZMWTN2C772047-001', 'RE-EAEESS0054', 'installed', 'Performance battery', 9.48, 1);
INSERT INTO Part (VIN, order_number, vendor_part_number, status, description, unit_price, quantity) VALUES ('TSKEZMWTN2C772047', 'TSKEZMWTN2C772047-001', 'RE-ICS0153', 'installed', 'Armrest', 59.95, 1);
INSERT INTO Part (VIN, order_number, vendor_part_number, status, description, unit_price, quantity) VALUES ('TSKEZMWTN2C772047', 'TSKEZMWTN2C772047-001', 'RE-PACBS0185', 'installed', 'Calibrated friction brake', 7.92, 1);
INSERT INTO Part (VIN, order_number, vendor_part_number, status, description, unit_price, quantity) VALUES ('US6XUXEBB7J677669', 'US6XUXEBB7J677669-001', 'RE-EAEESS0055', 'received', 'Battery box', 32.27, 1);
INSERT INTO Part (VIN, order_number, vendor_part_number, status, description, unit_price, quantity) VALUES ('US6XUXEBB7J677669', 'US6XUXEBB7J677669-001', 'RE-EAES0097', 'received', 'Engine sensor', 165.27, 1);
INSERT INTO Part (VIN, order_number, vendor_part_number, status, description, unit_price, quantity) VALUES ('X5MLJ3CUPNB099293', 'X5MLJ3CUPNB099293-003', 'RE-PACBS0165', 'installed', 'Adjusting mechanism', 453.55, 1);
INSERT INTO Part (VIN, order_number, vendor_part_number, status, description, unit_price, quantity) VALUES ('ZBSRSJEASBE950499', 'ZBSRSJEASBE950499-001', 'RE-PACBS0179', 'installed', 'Brake rotor', 364.48, 1);
INSERT INTO Part (VIN, order_number, vendor_part_number, status, description, unit_price, quantity) VALUES ('01CHA2S3LWA849979', '01CHA2S3LWA849979-001', 'SH-EAES0123', 'installed', 'Steering column switch', 752.9, 1);
INSERT INTO Part (VIN, order_number, vendor_part_number, status, description, unit_price, quantity) VALUES ('02XKB48A5UB828603', '02XKB48A5UB828603-004', 'SH-EAEIS0082', 'installed', 'Magneto', 5.55, 1);
INSERT INTO Part (VIN, order_number, vendor_part_number, status, description, unit_price, quantity) VALUES ('0PT8CVJWV8T188907', '0PT8CVJWV8T188907-002', 'SH-EAES0104', 'ordered', 'Pressure sensor', 25.65, 3);
INSERT INTO Part (VIN, order_number, vendor_part_number, status, description, unit_price, quantity) VALUES ('2KJBD48273Y069356', '2KJBD48273Y069356-001', 'SH-EAESS0119', 'installed', 'Spark Plug', 175.19, 4);
INSERT INTO Part (VIN, order_number, vendor_part_number, status, description, unit_price, quantity) VALUES ('3FFSR68RD0K441878', '3FFSR68RD0K441878-005', 'SH-EAEM0142', 'installed', 'Performance chip', 87.17, 5);
INSERT INTO Part (VIN, order_number, vendor_part_number, status, description, unit_price, quantity) VALUES ('3J6IMNCNYTR099621', '3J6IMNCNYTR099621-002', 'SH-BAE0005', 'installed', 'Decklid', 102.28, 1);
INSERT INTO Part (VIN, order_number, vendor_part_number, status, description, unit_price, quantity) VALUES ('3J6IMNCNYTR099621', '3J6IMNCNYTR099621-002', 'SH-EAEAD0043', 'installed', 'Radio and media player', 27.86, 1);
INSERT INTO Part (VIN, order_number, vendor_part_number, status, description, unit_price, quantity) VALUES ('3J6IMNCNYTR099621', '3J6IMNCNYTR099621-002', 'SH-ICS0157', 'installed', 'Fastener', 216.58, 2);
INSERT INTO Part (VIN, order_number, vendor_part_number, status, description, unit_price, quantity) VALUES ('3J6IMNCNYTR099621', '3J6IMNCNYTR099621-002', 'SH-ICS0160', 'installed', 'Seat bracket', 118.35, 2);
INSERT INTO Part (VIN, order_number, vendor_part_number, status, description, unit_price, quantity) VALUES ('52J1ULU58OB110991', '52J1ULU58OB110991-001', 'SH-ICS0162', 'ordered', 'Seat track', 124.59, 1);
INSERT INTO Part (VIN, order_number, vendor_part_number, status, description, unit_price, quantity) VALUES ('7HMSLYNNGHJ439820', '7HMSLYNNGHJ439820-001', 'SH-EAEGAM0064', 'received', 'Dynamometer', 28.58, 1);
INSERT INTO Part (VIN, order_number, vendor_part_number, status, description, unit_price, quantity) VALUES ('7HMSLYNNGHJ439820', '7HMSLYNNGHJ439820-001', 'SH-EAES0107', 'ordered', 'Temperature sensor', 21.33, 1);
INSERT INTO Part (VIN, order_number, vendor_part_number, status, description, unit_price, quantity) VALUES ('7HMSLYNNGHJ439820', '7HMSLYNNGHJ439820-003', 'SH-EAEM0145', 'installed', 'Remote lock', 89.72, 1);
INSERT INTO Part (VIN, order_number, vendor_part_number, status, description, unit_price, quantity) VALUES ('7NZJI4NR80U192007', '7NZJI4NR80U192007-003', 'SH-BAED0029', 'ordered', 'Hinge', 88.73, 1);
INSERT INTO Part (VIN, order_number, vendor_part_number, status, description, unit_price, quantity) VALUES ('7NZJI4NR80U192007', '7NZJI4NR80U192007-003', 'SH-EAEESS0054', 'installed', 'Performance battery', 22.25, 1);
INSERT INTO Part (VIN, order_number, vendor_part_number, status, description, unit_price, quantity) VALUES ('7NZJI4NR80U192007', '7NZJI4NR80U192007-003', 'SH-EAEGAM0072', 'received', 'Vacuum gauge', 35.73, 1);
INSERT INTO Part (VIN, order_number, vendor_part_number, status, description, unit_price, quantity) VALUES ('7NZJI4NR80U192007', '7NZJI4NR80U192007-003', 'SH-EAEIS0077', 'received', 'Electronic timing controller', 15.37, 2);
INSERT INTO Part (VIN, order_number, vendor_part_number, status, description, unit_price, quantity) VALUES ('8UQ6FLIO3Q2734346', '8UQ6FLIO3Q2734346-003', 'SH-EAEM0139', 'installed', 'Engine control unit', 100.04, 2);
INSERT INTO Part (VIN, order_number, vendor_part_number, status, description, unit_price, quantity) VALUES ('8UQ6FLIO3Q2734346', '8UQ6FLIO3Q2734346-003', 'SH-EAES0105', 'installed', 'Rain sensor', 57.24, 2);
INSERT INTO Part (VIN, order_number, vendor_part_number, status, description, unit_price, quantity) VALUES ('8UQ6FLIO3Q2734346', '8UQ6FLIO3Q2734346-003', 'SH-EAES0127', 'received', 'Frame Switch', 24.49, 1);
INSERT INTO Part (VIN, order_number, vendor_part_number, status, description, unit_price, quantity) VALUES ('DTPFWL37FTZ702472', 'DTPFWL37FTZ702472-004', 'SH-EAEIS0077', 'installed', 'Electronic timing controller', 210.18, 1);
INSERT INTO Part (VIN, order_number, vendor_part_number, status, description, unit_price, quantity) VALUES ('ECEPA3GAEIK299733', 'ECEPA3GAEIK299733-001', 'SH-BAE0013', 'installed', 'Radiator core support', 99.16, 1);
INSERT INTO Part (VIN, order_number, vendor_part_number, status, description, unit_price, quantity) VALUES ('ECEPA3GAEIK299733', 'ECEPA3GAEIK299733-001', 'SH-EAEM0144', 'installed', 'Relay connector', 15.24, 1);
INSERT INTO Part (VIN, order_number, vendor_part_number, status, description, unit_price, quantity) VALUES ('F7LIAJMEUB4950361', 'F7LIAJMEUB4950361-001', 'SH-BAE0009', 'installed', 'Front fascia and header panel', 81.59, 4);
INSERT INTO Part (VIN, order_number, vendor_part_number, status, description, unit_price, quantity) VALUES ('F7LIAJMEUB4950361', 'F7LIAJMEUB4950361-001', 'SH-BAE0021', 'installed', 'Valance', 277.07, 1);
INSERT INTO Part (VIN, order_number, vendor_part_number, status, description, unit_price, quantity) VALUES ('F7LIAJMEUB4950361', 'F7LIAJMEUB4950361-001', 'SH-PACBS0175', 'installed', 'Brake pedal', 294.34, 2);
INSERT INTO Part (VIN, order_number, vendor_part_number, status, description, unit_price, quantity) VALUES ('JDZCMB67NYJ067633', 'JDZCMB67NYJ067633-002', 'SH-BAEW0036', 'installed', 'Window motor', 154.34, 1);
INSERT INTO Part (VIN, order_number, vendor_part_number, status, description, unit_price, quantity) VALUES ('JDZCMB67NYJ067633', 'JDZCMB67NYJ067633-002', 'SH-ICS0153', 'installed', 'Armrest', 84.44, 1);
INSERT INTO Part (VIN, order_number, vendor_part_number, status, description, unit_price, quantity) VALUES ('KZ0SACUMQTT627927', 'KZ0SACUMQTT627927-004', 'SH-BAEW0039', 'installed', 'Windshield washer motor', 22.38, 1);
INSERT INTO Part (VIN, order_number, vendor_part_number, status, description, unit_price, quantity) VALUES ('KZ0SACUMQTT627927', 'KZ0SACUMQTT627927-004', 'SH-EAEGAM0072', 'installed', 'Vacuum gauge', 24.38, 1);
INSERT INTO Part (VIN, order_number, vendor_part_number, status, description, unit_price, quantity) VALUES ('KZ0SACUMQTT627927', 'KZ0SACUMQTT627927-004', 'SH-EAELASS0090', 'installed', 'Side lighting', 70.51, 1);
INSERT INTO Part (VIN, order_number, vendor_part_number, status, description, unit_price, quantity) VALUES ('LLAES6UX7PE080692', 'LLAES6UX7PE080692-001', 'SH-EAEAD0043', 'installed', 'Radio and media player', 181.08, 1);
INSERT INTO Part (VIN, order_number, vendor_part_number, status, description, unit_price, quantity) VALUES ('LLAES6UX7PE080692', 'LLAES6UX7PE080692-001', 'SH-EAEGAM0066', 'installed', 'Hydrometer', 389.7, 1);
INSERT INTO Part (VIN, order_number, vendor_part_number, status, description, unit_price, quantity) VALUES ('LLAES6UX7PE080692', 'LLAES6UX7PE080692-001', 'SH-PACBS0190', 'received', 'Hose', 418.17, 4);
INSERT INTO Part (VIN, order_number, vendor_part_number, status, description, unit_price, quantity) VALUES ('M07I6J8WOKL966353', 'M07I6J8WOKL966353-003', 'SH-BAED0025', 'received', 'Inner door handle', 58.83, 1);
INSERT INTO Part (VIN, order_number, vendor_part_number, status, description, unit_price, quantity) VALUES ('M07I6J8WOKL966353', 'M07I6J8WOKL966353-003', 'SH-EAES0127', 'ordered', 'Frame Switch', 69.77, 4);
INSERT INTO Part (VIN, order_number, vendor_part_number, status, description, unit_price, quantity) VALUES ('M07I6J8WOKL966353', 'M07I6J8WOKL966353-003', 'SH-PACBS0184', 'ordered', 'Brake warning light', 60.06, 1);
INSERT INTO Part (VIN, order_number, vendor_part_number, status, description, unit_price, quantity) VALUES ('M07I6J8WOKL966353', 'M07I6J8WOKL966353-004', 'SH-10141', 'received', 'Fuse Box: The Alternative Tribute', 57.02, 1);
INSERT INTO Part (VIN, order_number, vendor_part_number, status, description, unit_price, quantity) VALUES ('M07I6J8WOKL966353', 'M07I6J8WOKL966353-004', 'SH-EAEAD0045', 'installed', 'Speaker', 44.46, 4);
INSERT INTO Part (VIN, order_number, vendor_part_number, status, description, unit_price, quantity) VALUES ('M07I6J8WOKL966353', 'M07I6J8WOKL966353-004', 'SH-ICS0154', 'received', 'Bench Seat', 48.71, 1);
INSERT INTO Part (VIN, order_number, vendor_part_number, status, description, unit_price, quantity) VALUES ('M07I6J8WOKL966353', 'M07I6J8WOKL966353-004', 'SH-PACBS0190', 'ordered', 'Hose', 15.4, 1);
INSERT INTO Part (VIN, order_number, vendor_part_number, status, description, unit_price, quantity) VALUES ('PPVYLZRPFEV326028', 'PPVYLZRPFEV326028-002', 'SH-EAES0105', 'installed', 'Rain sensor', 85.58, 1);
INSERT INTO Part (VIN, order_number, vendor_part_number, status, description, unit_price, quantity) VALUES ('PPVYLZRPFEV326028', 'PPVYLZRPFEV326028-004', 'SH-EAELASS0087', 'installed', 'Headlight motor', 215.73, 1);
INSERT INTO Part (VIN, order_number, vendor_part_number, status, description, unit_price, quantity) VALUES ('PPVYLZRPFEV326028', 'PPVYLZRPFEV326028-004', 'SH-PACBS0176', 'installed', 'Brake piston', 184.92, 1);
INSERT INTO Part (VIN, order_number, vendor_part_number, status, description, unit_price, quantity) VALUES ('Q60GMZWT47I158333', 'Q60GMZWT47I158333-002', 'SH-EAEESS0058', 'installed', 'Battery control system', 113.79, 1);
INSERT INTO Part (VIN, order_number, vendor_part_number, status, description, unit_price, quantity) VALUES ('Q60GMZWT47I158333', 'Q60GMZWT47I158333-002', 'SH-EAES0097', 'installed', 'Engine sensor', 86.2, 1);
INSERT INTO Part (VIN, order_number, vendor_part_number, status, description, unit_price, quantity) VALUES ('Q60GMZWT47I158333', 'Q60GMZWT47I158333-002', 'SH-EAESS0119', 'installed', 'Spark Plug', 79.67, 1);
INSERT INTO Part (VIN, order_number, vendor_part_number, status, description, unit_price, quantity) VALUES ('Q60GMZWT47I158333', 'Q60GMZWT47I158333-002', 'SH-PACBS0197', 'installed', 'Metering valve', 11.25, 1);
INSERT INTO Part (VIN, order_number, vendor_part_number, status, description, unit_price, quantity) VALUES ('QH3G5SMTWL1655432', 'QH3G5SMTWL1655432-001', 'SH-EAEIS0082', 'installed', 'Magneto', 237.22, 4);
INSERT INTO Part (VIN, order_number, vendor_part_number, status, description, unit_price, quantity) VALUES ('QH3G5SMTWL1655432', 'QH3G5SMTWL1655432-001', 'SH-EAEM0149', 'installed', 'Transmission computer', 75.13, 1);
INSERT INTO Part (VIN, order_number, vendor_part_number, status, description, unit_price, quantity) VALUES ('QH3G5SMTWL1655432', 'QH3G5SMTWL1655432-001', 'SH-EAESS0118', 'installed', 'Starter solenoid', 256.75, 1);
INSERT INTO Part (VIN, order_number, vendor_part_number, status, description, unit_price, quantity) VALUES ('QH3G5SMTWL1655432', 'QH3G5SMTWL1655432-001', 'SH-ICS0155', 'installed', 'Bucket Seat', 115.73, 1);
INSERT INTO Part (VIN, order_number, vendor_part_number, status, description, unit_price, quantity) VALUES ('QHAPGD3YQSF045388', 'QHAPGD3YQSF045388-001', 'SH-EAES0103', 'installed', 'Power-steering pressure sensor', 26.01, 1);
INSERT INTO Part (VIN, order_number, vendor_part_number, status, description, unit_price, quantity) VALUES ('QHAPGD3YQSF045388', 'QHAPGD3YQSF045388-001', 'SH-ICS0160', 'installed', 'Seat bracket', 260.24, 1);
INSERT INTO Part (VIN, order_number, vendor_part_number, status, description, unit_price, quantity) VALUES ('QHAPGD3YQSF045388', 'QHAPGD3YQSF045388-002', 'SH-BAE0010', 'installed', 'Grille', 194.04, 1);
INSERT INTO Part (VIN, order_number, vendor_part_number, status, description, unit_price, quantity) VALUES ('QHAPGD3YQSF045388', 'QHAPGD3YQSF045388-002', 'SH-BAED0031', 'installed', 'Lock', 49.78, 1);
INSERT INTO Part (VIN, order_number, vendor_part_number, status, description, unit_price, quantity) VALUES ('QHAPGD3YQSF045388', 'QHAPGD3YQSF045388-002', 'SH-EAEESS0056', 'installed', 'Battery cable terminal', 246.31, 4);
INSERT INTO Part (VIN, order_number, vendor_part_number, status, description, unit_price, quantity) VALUES ('RQT7QTVEXT0674936', 'RQT7QTVEXT0674936-003', 'SH-BAE0001', 'installed', 'Bumper', 487.78, 1);
INSERT INTO Part (VIN, order_number, vendor_part_number, status, description, unit_price, quantity) VALUES ('RQT7QTVEXT0674936', 'RQT7QTVEXT0674936-003', 'SH-EAEGAM0069', 'installed', 'Tachometer', 512.25, 1);
INSERT INTO Part (VIN, order_number, vendor_part_number, status, description, unit_price, quantity) VALUES ('RQT7QTVEXT0674936', 'RQT7QTVEXT0674936-003', 'SH-EAES0100', 'installed', 'Light sensor', 435.85, 1);
INSERT INTO Part (VIN, order_number, vendor_part_number, status, description, unit_price, quantity) VALUES ('RQT7QTVEXT0674936', 'RQT7QTVEXT0674936-003', 'SH-PACBS0187', 'installed', 'Combination valve', 328.51, 1);
INSERT INTO Part (VIN, order_number, vendor_part_number, status, description, unit_price, quantity) VALUES ('T5C2LPXJ6EV337528', 'T5C2LPXJ6EV337528-001', 'SH-BAED0023', 'installed', 'Door beam and panel', 193.94, 1);
INSERT INTO Part (VIN, order_number, vendor_part_number, status, description, unit_price, quantity) VALUES ('T5C2LPXJ6EV337528', 'T5C2LPXJ6EV337528-001', 'SH-EAECS0051', 'installed', 'Alternator fan', 194.92, 1);
INSERT INTO Part (VIN, order_number, vendor_part_number, status, description, unit_price, quantity) VALUES ('T5C2LPXJ6EV337528', 'T5C2LPXJ6EV337528-001', 'SH-EAELASS0087', 'installed', 'Headlight motor', 298.57, 1);
INSERT INTO Part (VIN, order_number, vendor_part_number, status, description, unit_price, quantity) VALUES ('TPH6V84MCP2752251', 'TPH6V84MCP2752251-004', 'SH-BAE0003', 'installed', 'Exposed bumper', 76.09, 1);
INSERT INTO Part (VIN, order_number, vendor_part_number, status, description, unit_price, quantity) VALUES ('TPH6V84MCP2752251', 'TPH6V84MCP2752251-004', 'SH-EAEGAM0063', 'installed', 'Clinometer', 33.75, 1);
INSERT INTO Part (VIN, order_number, vendor_part_number, status, description, unit_price, quantity) VALUES ('TPH6V84MCP2752251', 'TPH6V84MCP2752251-004', 'SH-EAELASS0086', 'installed', 'Headlight', 32.0, 1);
INSERT INTO Part (VIN, order_number, vendor_part_number, status, description, unit_price, quantity) VALUES ('TPH6V84MCP2752251', 'TPH6V84MCP2752251-004', 'SH-PACBS0180', 'installed', 'Brake servo', 90.28, 1);
INSERT INTO Part (VIN, order_number, vendor_part_number, status, description, unit_price, quantity) VALUES ('UZMOJESJGYB516120', 'UZMOJESJGYB516120-001', 'SH-EAEGAM0070', 'installed', 'Temperature gauge', 44.35, 1);
INSERT INTO Part (VIN, order_number, vendor_part_number, status, description, unit_price, quantity) VALUES ('UZMOJESJGYB516120', 'UZMOJESJGYB516120-001', 'SH-EAES0103', 'installed', 'Power-steering pressure sensor', 147.92, 1);
INSERT INTO Part (VIN, order_number, vendor_part_number, status, description, unit_price, quantity) VALUES ('UZMOJESJGYB516120', 'UZMOJESJGYB516120-001', 'SH-ICS0156', 'installed', 'Children and baby car seat', 164.59, 1);
INSERT INTO Part (VIN, order_number, vendor_part_number, status, description, unit_price, quantity) VALUES ('UZMOJESJGYB516120', 'UZMOJESJGYB516120-001', 'SH-PACBS0173', 'installed', 'Brake line', 9.97, 4);
INSERT INTO Part (VIN, order_number, vendor_part_number, status, description, unit_price, quantity) VALUES ('Y56Q2GI1LS6727671', 'Y56Q2GI1LS6727671-001', 'SH-EAEESS0057', 'received', 'Battery cable', 110.97, 2);
INSERT INTO Part (VIN, order_number, vendor_part_number, status, description, unit_price, quantity) VALUES ('Y56Q2GI1LS6727671', 'Y56Q2GI1LS6727671-001', 'SH-EAELASS0086', 'ordered', 'Headlight', 69.62, 1);
INSERT INTO Part (VIN, order_number, vendor_part_number, status, description, unit_price, quantity) VALUES ('Y56Q2GI1LS6727671', 'Y56Q2GI1LS6727671-001', 'SH-EAES0114', 'ordered', 'ABS sensor', 161.67, 1);
INSERT INTO Part (VIN, order_number, vendor_part_number, status, description, unit_price, quantity) VALUES ('YVMVY2BZAR4435152', 'YVMVY2BZAR4435152-001', 'SH-BAE0000', 'ordered', 'Bonnet/hood', 62.8, 1);
INSERT INTO Part (VIN, order_number, vendor_part_number, status, description, unit_price, quantity) VALUES ('YVMVY2BZAR4435152', 'YVMVY2BZAR4435152-001', 'SH-EAEAD0045', 'ordered', 'Speaker', 37.11, 1);
INSERT INTO Part (VIN, order_number, vendor_part_number, status, description, unit_price, quantity) VALUES ('YVMVY2BZAR4435152', 'YVMVY2BZAR4435152-001', 'SH-EAELASS0084', 'installed', 'Fog Light', 75.68, 1);
INSERT INTO Part (VIN, order_number, vendor_part_number, status, description, unit_price, quantity) VALUES ('ZZUFHYJV0FI610258', 'ZZUFHYJV0FI610258-002', 'SH-BAE0010', 'installed', 'Grille', 187.09, 1);
INSERT INTO Part (VIN, order_number, vendor_part_number, status, description, unit_price, quantity) VALUES ('ZZUFHYJV0FI610258', 'ZZUFHYJV0FI610258-002', 'SH-BAE0015', 'installed', 'Roof Rack', 92.89, 1);
INSERT INTO Part (VIN, order_number, vendor_part_number, status, description, unit_price, quantity) VALUES ('ZZUFHYJV0FI610258', 'ZZUFHYJV0FI610258-002', 'SH-EAES0096', 'installed', 'Crankshaft position sensor', 521.14, 1);
INSERT INTO Part (VIN, order_number, vendor_part_number, status, description, unit_price, quantity) VALUES ('02XKB48A5UB828603', '02XKB48A5UB828603-002', 'SS-EAEIS0080', 'installed', 'Ignition coil parts', 31.59, 1);
INSERT INTO Part (VIN, order_number, vendor_part_number, status, description, unit_price, quantity) VALUES ('02XKB48A5UB828603', '02XKB48A5UB828603-002', 'SS-EAES0100', 'installed', 'Light sensor', 128.13, 1);
INSERT INTO Part (VIN, order_number, vendor_part_number, status, description, unit_price, quantity) VALUES ('02XKB48A5UB828603', '02XKB48A5UB828603-002', 'SS-EAES0122', 'installed', 'Power window switch', 141.91, 1);
INSERT INTO Part (VIN, order_number, vendor_part_number, status, description, unit_price, quantity) VALUES ('02XKB48A5UB828603', '02XKB48A5UB828603-002', 'SS-PACBS0181', 'installed', 'Brake shoe', 140.51, 1);
INSERT INTO Part (VIN, order_number, vendor_part_number, status, description, unit_price, quantity) VALUES ('0GXWO6TK0YG939311', '0GXWO6TK0YG939311-001', 'SS-BAE0017', 'installed', 'Front spoiler', 80.65, 4);
INSERT INTO Part (VIN, order_number, vendor_part_number, status, description, unit_price, quantity) VALUES ('0GXWO6TK0YG939311', '0GXWO6TK0YG939311-001', 'SS-EAESS0119', 'installed', 'Spark Plug', 104.96, 1);
INSERT INTO Part (VIN, order_number, vendor_part_number, status, description, unit_price, quantity) VALUES ('0GXWO6TK0YG939311', '0GXWO6TK0YG939311-001', 'SS-PACBS0180', 'installed', 'Brake servo', 168.16, 1);
INSERT INTO Part (VIN, order_number, vendor_part_number, status, description, unit_price, quantity) VALUES ('0H6SRXF8EP7967929', '0H6SRXF8EP7967929-003', 'SS-EAEGAM0065', 'installed', 'Fuel gauge', 20.34, 1);
INSERT INTO Part (VIN, order_number, vendor_part_number, status, description, unit_price, quantity) VALUES ('0H6SRXF8EP7967929', '0H6SRXF8EP7967929-003', 'SS-EAELASS0088', 'installed', 'Interior light and lamp', 283.56, 4);
INSERT INTO Part (VIN, order_number, vendor_part_number, status, description, unit_price, quantity) VALUES ('0H6SRXF8EP7967929', '0H6SRXF8EP7967929-003', 'SS-PACBS0194', 'installed', 'Hydraulic booster unit', 83.68, 1);
INSERT INTO Part (VIN, order_number, vendor_part_number, status, description, unit_price, quantity) VALUES ('1UCBIT5YXDJ919563', '1UCBIT5YXDJ919563-001', 'SS-BAED0028', 'installed', 'Door watershield', 140.36, 1);
INSERT INTO Part (VIN, order_number, vendor_part_number, status, description, unit_price, quantity) VALUES ('1UCBIT5YXDJ919563', '1UCBIT5YXDJ919563-001', 'SS-PACBS0176', 'ordered', 'Brake piston', 137.24, 1);
INSERT INTO Part (VIN, order_number, vendor_part_number, status, description, unit_price, quantity) VALUES ('1UCBIT5YXDJ919563', '1UCBIT5YXDJ919563-001', 'SS-PACBS0183', 'received', 'Shoe web', 23.49, 1);
INSERT INTO Part (VIN, order_number, vendor_part_number, status, description, unit_price, quantity) VALUES ('1UCBIT5YXDJ919563', '1UCBIT5YXDJ919563-001', 'SS-PACBS0196', 'installed', 'Master Cylinder', 32.22, 4);
INSERT INTO Part (VIN, order_number, vendor_part_number, status, description, unit_price, quantity) VALUES ('1UCBIT5YXDJ919563', '1UCBIT5YXDJ919563-002', 'SS-EAELASS0086', 'ordered', 'Headlight', 127.37, 2);
INSERT INTO Part (VIN, order_number, vendor_part_number, status, description, unit_price, quantity) VALUES ('1UCBIT5YXDJ919563', '1UCBIT5YXDJ919563-002', 'SS-PACBS0187', 'ordered', 'Combination valve', 87.78, 5);
INSERT INTO Part (VIN, order_number, vendor_part_number, status, description, unit_price, quantity) VALUES ('24G081632WM888163', '24G081632WM888163-003', 'SS-EAES0125', 'installed', 'Switch panel', 49.02, 1);
INSERT INTO Part (VIN, order_number, vendor_part_number, status, description, unit_price, quantity) VALUES ('24G081632WM888163', '24G081632WM888163-003', 'SS-ICS0153', 'installed', 'Armrest', 62.9, 2);
INSERT INTO Part (VIN, order_number, vendor_part_number, status, description, unit_price, quantity) VALUES ('2J8FN6TAGEZ924085', '2J8FN6TAGEZ924085-004', 'SS-BAED0023', 'received', 'Door beam and panel', 31.64, 1);
INSERT INTO Part (VIN, order_number, vendor_part_number, status, description, unit_price, quantity) VALUES ('3IU2B4ORS6A077319', '3IU2B4ORS6A077319-001', 'SS-BAED0031', 'received', 'Lock', 97.3, 1);
INSERT INTO Part (VIN, order_number, vendor_part_number, status, description, unit_price, quantity) VALUES ('3IU2B4ORS6A077319', '3IU2B4ORS6A077319-001', 'SS-EAEM0147', 'received', 'Speed controller', 183.09, 3);
INSERT INTO Part (VIN, order_number, vendor_part_number, status, description, unit_price, quantity) VALUES ('41DPYVQZCO3181476', '41DPYVQZCO3181476-004', 'SS-BAE0009', 'installed', 'Front fascia and header panel', 187.78, 4);
INSERT INTO Part (VIN, order_number, vendor_part_number, status, description, unit_price, quantity) VALUES ('5QPBC4N5SPV612486', '5QPBC4N5SPV612486-001', 'SS-BAE0022', 'installed', 'Welded assembly', 132.04, 1);
INSERT INTO Part (VIN, order_number, vendor_part_number, status, description, unit_price, quantity) VALUES ('6O3JWO1Q4FP773157', '6O3JWO1Q4FP773157-005', 'SS-BAE0001', 'installed', 'Bumper', 347.15, 1);
INSERT INTO Part (VIN, order_number, vendor_part_number, status, description, unit_price, quantity) VALUES ('6O3JWO1Q4FP773157', '6O3JWO1Q4FP773157-005', 'SS-EAES0113', 'installed', 'Oil level sensor', 88.09, 2);
INSERT INTO Part (VIN, order_number, vendor_part_number, status, description, unit_price, quantity) VALUES ('6O3JWO1Q4FP773157', '6O3JWO1Q4FP773157-005', 'SS-EAES0124', 'installed', 'Switch cover', 249.22, 1);
INSERT INTO Part (VIN, order_number, vendor_part_number, status, description, unit_price, quantity) VALUES ('6O3JWO1Q4FP773157', '6O3JWO1Q4FP773157-005', 'SS-ICS0160', 'installed', 'Seat bracket', 417.12, 4);
INSERT INTO Part (VIN, order_number, vendor_part_number, status, description, unit_price, quantity) VALUES ('77YSCOERITP460658', '77YSCOERITP460658-002', 'SS-EAECS0048', 'ordered', 'Alternator', 168.94, 1);
INSERT INTO Part (VIN, order_number, vendor_part_number, status, description, unit_price, quantity) VALUES ('77YSCOERITP460658', '77YSCOERITP460658-002', 'SS-EAES0127', 'installed', 'Frame Switch', 101.41, 3);
INSERT INTO Part (VIN, order_number, vendor_part_number, status, description, unit_price, quantity) VALUES ('A4LJMRR8IYC935453', 'A4LJMRR8IYC935453-004', 'SS-BAE0017', 'installed', 'Front spoiler', 88.33, 1);
INSERT INTO Part (VIN, order_number, vendor_part_number, status, description, unit_price, quantity) VALUES ('AE23FNQ4ECZ859800', 'AE23FNQ4ECZ859800-003', 'SS-BAE0013', 'received', 'Radiator core support', 99.89, 1);
INSERT INTO Part (VIN, order_number, vendor_part_number, status, description, unit_price, quantity) VALUES ('AE23FNQ4ECZ859800', 'AE23FNQ4ECZ859800-003', 'SS-EAES0098', 'received', 'Fuel level sensor', 94.79, 1);
INSERT INTO Part (VIN, order_number, vendor_part_number, status, description, unit_price, quantity) VALUES ('AE23FNQ4ECZ859800', 'AE23FNQ4ECZ859800-003', 'SS-PACBS0180', 'received', 'Brake servo', 112.29, 1);
INSERT INTO Part (VIN, order_number, vendor_part_number, status, description, unit_price, quantity) VALUES ('AKEXMUEW2XP076382', 'AKEXMUEW2XP076382-001', 'SS-BAED0029', 'installed', 'Hinge', 92.9, 1);
INSERT INTO Part (VIN, order_number, vendor_part_number, status, description, unit_price, quantity) VALUES ('AKEXMUEW2XP076382', 'AKEXMUEW2XP076382-001', 'SS-EAEESS0061', 'installed', 'Voltage regulator', 93.02, 1);
INSERT INTO Part (VIN, order_number, vendor_part_number, status, description, unit_price, quantity) VALUES ('AKEXMUEW2XP076382', 'AKEXMUEW2XP076382-001', 'SS-EAES0095', 'installed', 'Camshaft position sensor', 67.32, 1);
INSERT INTO Part (VIN, order_number, vendor_part_number, status, description, unit_price, quantity) VALUES ('AKEXMUEW2XP076382', 'AKEXMUEW2XP076382-001', 'SS-EAEWH0130', 'installed', 'Interior harness', 36.03, 1);
INSERT INTO Part (VIN, order_number, vendor_part_number, status, description, unit_price, quantity) VALUES ('AKWG2XQFZ8Z338505', 'AKWG2XQFZ8Z338505-004', 'SS-EAEESS0056', 'ordered', 'Battery cable terminal', 150.01, 1);
INSERT INTO Part (VIN, order_number, vendor_part_number, status, description, unit_price, quantity) VALUES ('CB65LOSQY7V342457', 'CB65LOSQY7V342457-001', 'SS-EAEGAM0067', 'installed', 'Odometer', 50.69, 1);
INSERT INTO Part (VIN, order_number, vendor_part_number, status, description, unit_price, quantity) VALUES ('CB65LOSQY7V342457', 'CB65LOSQY7V342457-001', 'SS-PACBS0164', 'installed', 'ABS steel pin', 29.8, 1);
INSERT INTO Part (VIN, order_number, vendor_part_number, status, description, unit_price, quantity) VALUES ('CIKZXLNQWQ3050265', 'CIKZXLNQWQ3050265-001', 'SS-EAEM0145', 'installed', 'Remote lock', 91.08, 1);
INSERT INTO Part (VIN, order_number, vendor_part_number, status, description, unit_price, quantity) VALUES ('CIKZXLNQWQ3050265', 'CIKZXLNQWQ3050265-001', 'SS-EAESS0116', 'installed', 'Starter drive', 215.89, 2);
INSERT INTO Part (VIN, order_number, vendor_part_number, status, description, unit_price, quantity) VALUES ('ECEPA3GAEIK299733', 'ECEPA3GAEIK299733-005', 'SS-EAES0093', 'installed', 'Airbag sensor', 8.7, 1);
INSERT INTO Part (VIN, order_number, vendor_part_number, status, description, unit_price, quantity) VALUES ('ECEPA3GAEIK299733', 'ECEPA3GAEIK299733-005', 'SS-ICS0158', 'installed', 'Headrest', 134.72, 1);
INSERT INTO Part (VIN, order_number, vendor_part_number, status, description, unit_price, quantity) VALUES ('GMLZ3HXD33V025329', 'GMLZ3HXD33V025329-001', 'SS-BAE0002', 'installed', 'Unexposed bumper', 29.67, 1);
INSERT INTO Part (VIN, order_number, vendor_part_number, status, description, unit_price, quantity) VALUES ('GMLZ3HXD33V025329', 'GMLZ3HXD33V025329-001', 'SS-EAEM0138', 'installed', 'Engine computer and management system', 11.77, 1);
INSERT INTO Part (VIN, order_number, vendor_part_number, status, description, unit_price, quantity) VALUES ('GMLZ3HXD33V025329', 'GMLZ3HXD33V025329-001', 'SS-EAEM0143', 'installed', 'Performance Monitor', 21.59, 1);
INSERT INTO Part (VIN, order_number, vendor_part_number, status, description, unit_price, quantity) VALUES ('GMLZ3HXD33V025329', 'GMLZ3HXD33V025329-001', 'SS-EAES0102', 'installed', 'Oxygen sensor', 28.64, 1);
INSERT INTO Part (VIN, order_number, vendor_part_number, status, description, unit_price, quantity) VALUES ('GUSD5Z52ID6316641', 'GUSD5Z52ID6316641-001', 'SS-EAEGAM0064', 'installed', 'Dynamometer', 72.26, 1);
INSERT INTO Part (VIN, order_number, vendor_part_number, status, description, unit_price, quantity) VALUES ('GUSD5Z52ID6316641', 'GUSD5Z52ID6316641-001', 'SS-EAEM0136', 'ordered', 'Cruise control computer', 123.19, 1);
INSERT INTO Part (VIN, order_number, vendor_part_number, status, description, unit_price, quantity) VALUES ('GUSD5Z52ID6316641', 'GUSD5Z52ID6316641-001', 'SS-EAEM0143', 'received', 'Performance Monitor', 62.71, 1);
INSERT INTO Part (VIN, order_number, vendor_part_number, status, description, unit_price, quantity) VALUES ('GUSD5Z52ID6316641', 'GUSD5Z52ID6316641-001', 'SS-EAES0125', 'received', 'Switch panel', 107.59, 1);
INSERT INTO Part (VIN, order_number, vendor_part_number, status, description, unit_price, quantity) VALUES ('IESD5FO6UYK261715', 'IESD5FO6UYK261715-001', 'SS-BAED0027', 'ordered', 'Door seal', 154.5, 1);
INSERT INTO Part (VIN, order_number, vendor_part_number, status, description, unit_price, quantity) VALUES ('IESD5FO6UYK261715', 'IESD5FO6UYK261715-001', 'SS-EAEM0136', 'installed', 'Cruise control computer', 21.71, 1);
INSERT INTO Part (VIN, order_number, vendor_part_number, status, description, unit_price, quantity) VALUES ('IESD5FO6UYK261715', 'IESD5FO6UYK261715-001', 'SS-EAES0110', 'ordered', 'TDC sensor', 103.6, 1);
INSERT INTO Part (VIN, order_number, vendor_part_number, status, description, unit_price, quantity) VALUES ('IESD5FO6UYK261715', 'IESD5FO6UYK261715-001', 'SS-ICS0162', 'installed', 'Seat track', 216.49, 1);
INSERT INTO Part (VIN, order_number, vendor_part_number, status, description, unit_price, quantity) VALUES ('N5NZQJ4VDI0775398', 'N5NZQJ4VDI0775398-003', 'SS-EAES0093', 'installed', 'Airbag sensor', 309.27, 1);
INSERT INTO Part (VIN, order_number, vendor_part_number, status, description, unit_price, quantity) VALUES ('NG2R81BAMWW204013', 'NG2R81BAMWW204013-003', 'SS-PACBS0175', 'installed', 'Brake pedal', 290.75, 4);
INSERT INTO Part (VIN, order_number, vendor_part_number, status, description, unit_price, quantity) VALUES ('NG2R81BAMWW204013', 'NG2R81BAMWW204013-004', 'SS-BAE0022', 'installed', 'Welded assembly', 296.16, 1);
INSERT INTO Part (VIN, order_number, vendor_part_number, status, description, unit_price, quantity) VALUES ('NG2R81BAMWW204013', 'NG2R81BAMWW204013-004', 'SS-EAEIS0080', 'installed', 'Ignition coil parts', 35.99, 1);
INSERT INTO Part (VIN, order_number, vendor_part_number, status, description, unit_price, quantity) VALUES ('NG2R81BAMWW204013', 'NG2R81BAMWW204013-004', 'SS-EAES0114', 'installed', 'ABS sensor', 5.05, 1);
INSERT INTO Part (VIN, order_number, vendor_part_number, status, description, unit_price, quantity) VALUES ('NG2R81BAMWW204013', 'NG2R81BAMWW204013-004', 'SS-ICS0157', 'installed', 'Fastener', 263.21, 2);
INSERT INTO Part (VIN, order_number, vendor_part_number, status, description, unit_price, quantity) VALUES ('PEFFRGBZ281543143', 'PEFFRGBZ281543143-001', 'SS-EAEESS0054', 'installed', 'Performance battery', 138.3, 1);
INSERT INTO Part (VIN, order_number, vendor_part_number, status, description, unit_price, quantity) VALUES ('PEFFRGBZ281543143', 'PEFFRGBZ281543143-001', 'SS-EAELASS0089', 'installed', 'License plate lamp', 121.85, 1);
INSERT INTO Part (VIN, order_number, vendor_part_number, status, description, unit_price, quantity) VALUES ('PEFFRGBZ281543143', 'PEFFRGBZ281543143-001', 'SS-EAES0097', 'installed', 'Engine sensor', 102.84, 1);
INSERT INTO Part (VIN, order_number, vendor_part_number, status, description, unit_price, quantity) VALUES ('PEFFRGBZ281543143', 'PEFFRGBZ281543143-001', 'SS-ICS0161', 'installed', 'Seat cover', 154.39, 2);
INSERT INTO Part (VIN, order_number, vendor_part_number, status, description, unit_price, quantity) VALUES ('PZEF1VF3KOO767751', 'PZEF1VF3KOO767751-001', 'SS-EAEIS0078', 'installed', 'Ignition box', 1.92, 1);
INSERT INTO Part (VIN, order_number, vendor_part_number, status, description, unit_price, quantity) VALUES ('PZEF1VF3KOO767751', 'PZEF1VF3KOO767751-001', 'SS-EAES0103', 'installed', 'Power-steering pressure sensor', 177.18, 1);
INSERT INTO Part (VIN, order_number, vendor_part_number, status, description, unit_price, quantity) VALUES ('PZEF1VF3KOO767751', 'PZEF1VF3KOO767751-001', 'SS-EAEWH0129', 'installed', 'Engine compartment harness', 122.4, 1);
INSERT INTO Part (VIN, order_number, vendor_part_number, status, description, unit_price, quantity) VALUES ('PZEF1VF3KOO767751', 'PZEF1VF3KOO767751-001', 'SS-PACBS0168', 'installed', 'Brake backing plate', 174.37, 1);
INSERT INTO Part (VIN, order_number, vendor_part_number, status, description, unit_price, quantity) VALUES ('Q2P2LK1ILHI808826', 'Q2P2LK1ILHI808826-002', 'SS-BAED0031', 'installed', 'Lock', 19.52, 1);
INSERT INTO Part (VIN, order_number, vendor_part_number, status, description, unit_price, quantity) VALUES ('Q2P2LK1ILHI808826', 'Q2P2LK1ILHI808826-002', 'SS-EAEIS0080', 'installed', 'Ignition coil parts', 40.23, 1);
INSERT INTO Part (VIN, order_number, vendor_part_number, status, description, unit_price, quantity) VALUES ('TPH6V84MCP2752251', 'TPH6V84MCP2752251-005', 'SS-BAED0032', 'installed', 'Centre Locking', 62.65, 1);
INSERT INTO Part (VIN, order_number, vendor_part_number, status, description, unit_price, quantity) VALUES ('TPH6V84MCP2752251', 'TPH6V84MCP2752251-005', 'SS-EAEGAM0070', 'installed', 'Temperature gauge', 37.65, 4);
INSERT INTO Part (VIN, order_number, vendor_part_number, status, description, unit_price, quantity) VALUES ('UOGYWMEC33D484399', 'UOGYWMEC33D484399-001', 'SS-EAECS0049', 'installed', 'Alternator bearing', 115.54, 1);
INSERT INTO Part (VIN, order_number, vendor_part_number, status, description, unit_price, quantity) VALUES ('UOGYWMEC33D484399', 'UOGYWMEC33D484399-001', 'SS-EAES0107', 'installed', 'Temperature sensor', 87.7, 1);
INSERT INTO Part (VIN, order_number, vendor_part_number, status, description, unit_price, quantity) VALUES ('VMHK0HNQTW3691881', 'VMHK0HNQTW3691881-002', 'SS-PACBS0188', 'ordered', 'Dual circuit brake system', 94.61, 1);
INSERT INTO Part (VIN, order_number, vendor_part_number, status, description, unit_price, quantity) VALUES ('VZJVASAMKKS604221', 'VZJVASAMKKS604221-002', 'SS-BAE0013', 'installed', 'Radiator core support', 234.43, 1);
INSERT INTO Part (VIN, order_number, vendor_part_number, status, description, unit_price, quantity) VALUES ('VZJVASAMKKS604221', 'VZJVASAMKKS604221-002', 'SS-BAED0023', 'installed', 'Door beam and panel', 22.65, 1);
INSERT INTO Part (VIN, order_number, vendor_part_number, status, description, unit_price, quantity) VALUES ('VZJVASAMKKS604221', 'VZJVASAMKKS604221-002', 'SS-EAES0097', 'installed', 'Engine sensor', 83.49, 1);
INSERT INTO Part (VIN, order_number, vendor_part_number, status, description, unit_price, quantity) VALUES ('ZJ8V6INQOV2978667', 'ZJ8V6INQOV2978667-001', 'SS-EAEM0149', 'installed', 'Transmission computer', 113.08, 1);
INSERT INTO Part (VIN, order_number, vendor_part_number, status, description, unit_price, quantity) VALUES ('ZJ8V6INQOV2978667', 'ZJ8V6INQOV2978667-001', 'SS-EAES0111', 'installed', 'MAP sensor', 201.4, 1);
INSERT INTO Part (VIN, order_number, vendor_part_number, status, description, unit_price, quantity) VALUES ('ZJ8V6INQOV2978667', 'ZJ8V6INQOV2978667-001', 'SS-PACBS0173', 'installed', 'Brake line', 155.27, 1);
INSERT INTO Part (VIN, order_number, vendor_part_number, status, description, unit_price, quantity) VALUES ('ZJ8V6INQOV2978667', 'ZJ8V6INQOV2978667-001', 'SS-PACBS0183', 'installed', 'Shoe web', 116.9, 1);
INSERT INTO Part (VIN, order_number, vendor_part_number, status, description, unit_price, quantity) VALUES ('01CHA2S3LWA849979', '01CHA2S3LWA849979-004', 'SN-PACBS0173', 'installed', 'Brake line', 569.48, 1);
INSERT INTO Part (VIN, order_number, vendor_part_number, status, description, unit_price, quantity) VALUES ('0H6SRXF8EP7967929', '0H6SRXF8EP7967929-005', 'SN-BAE0015', 'installed', 'Roof Rack', 238.64, 1);
INSERT INTO Part (VIN, order_number, vendor_part_number, status, description, unit_price, quantity) VALUES ('0K3KCEYO5WR993877', '0K3KCEYO5WR993877-002', 'SN-EAELASS0086', 'installed', 'Headlight', 145.8, 1);
INSERT INTO Part (VIN, order_number, vendor_part_number, status, description, unit_price, quantity) VALUES ('0K3KCEYO5WR993877', '0K3KCEYO5WR993877-003', 'SN-BAE0014', 'installed', 'Rocker panel', 165.58, 1);
INSERT INTO Part (VIN, order_number, vendor_part_number, status, description, unit_price, quantity) VALUES ('0K3KCEYO5WR993877', '0K3KCEYO5WR993877-003', 'SN-EAEESS0056', 'installed', 'Battery cable terminal', 47.88, 1);
INSERT INTO Part (VIN, order_number, vendor_part_number, status, description, unit_price, quantity) VALUES ('0K3KCEYO5WR993877', '0K3KCEYO5WR993877-003', 'SN-EAEM0139', 'installed', 'Engine control unit', 17.03, 1);
INSERT INTO Part (VIN, order_number, vendor_part_number, status, description, unit_price, quantity) VALUES ('0K3KCEYO5WR993877', '0K3KCEYO5WR993877-003', 'SN-PACBS0179', 'installed', 'Brake rotor', 118.44, 1);
INSERT INTO Part (VIN, order_number, vendor_part_number, status, description, unit_price, quantity) VALUES ('0OPU81GJG8C160079', '0OPU81GJG8C160079-001', 'SN-BAE0018', 'installed', 'Rear spoiler', 30.44, 1);
INSERT INTO Part (VIN, order_number, vendor_part_number, status, description, unit_price, quantity) VALUES ('0OPU81GJG8C160079', '0OPU81GJG8C160079-001', 'SN-EAELASS0088', 'received', 'Interior light and lamp', 11.48, 1);
INSERT INTO Part (VIN, order_number, vendor_part_number, status, description, unit_price, quantity) VALUES ('0OPU81GJG8C160079', '0OPU81GJG8C160079-001', 'SN-EAELASS0089', 'received', 'License plate lamp', 37.12, 1);
INSERT INTO Part (VIN, order_number, vendor_part_number, status, description, unit_price, quantity) VALUES ('0OPU81GJG8C160079', '0OPU81GJG8C160079-001', 'SN-EAEM0137', 'received', 'Door contact', 13.91, 1);
INSERT INTO Part (VIN, order_number, vendor_part_number, status, description, unit_price, quantity) VALUES ('3TJM4LZERLL108705', '3TJM4LZERLL108705-002', 'SN-BAE0013', 'installed', 'Radiator core support', 7.19, 1);
INSERT INTO Part (VIN, order_number, vendor_part_number, status, description, unit_price, quantity) VALUES ('3TJM4LZERLL108705', '3TJM4LZERLL108705-002', 'SN-EAEM0149', 'installed', 'Transmission computer', 62.59, 1);
INSERT INTO Part (VIN, order_number, vendor_part_number, status, description, unit_price, quantity) VALUES ('52J1ULU58OB110991', '52J1ULU58OB110991-003', 'SN-BAE0018', 'received', 'Rear spoiler', 51.34, 1);
INSERT INTO Part (VIN, order_number, vendor_part_number, status, description, unit_price, quantity) VALUES ('52J1ULU58OB110991', '52J1ULU58OB110991-003', 'SN-EAEGAM0067', 'ordered', 'Odometer', 139.01, 4);
INSERT INTO Part (VIN, order_number, vendor_part_number, status, description, unit_price, quantity) VALUES ('52J1ULU58OB110991', '52J1ULU58OB110991-003', 'SN-EAES0103', 'ordered', 'Power-steering pressure sensor', 16.39, 1);
INSERT INTO Part (VIN, order_number, vendor_part_number, status, description, unit_price, quantity) VALUES ('52J1ULU58OB110991', '52J1ULU58OB110991-003', 'SN-EAES0125', 'received', 'Switch panel', 61.25, 1);
INSERT INTO Part (VIN, order_number, vendor_part_number, status, description, unit_price, quantity) VALUES ('7CY2WHON846872713', '7CY2WHON846872713-001', 'SN-BAEW0039', 'installed', 'Windshield washer motor', 3.89, 1);
INSERT INTO Part (VIN, order_number, vendor_part_number, status, description, unit_price, quantity) VALUES ('7CY2WHON846872713', '7CY2WHON846872713-001', 'SN-ICS0155', 'installed', 'Bucket Seat', 228.4, 2);
INSERT INTO Part (VIN, order_number, vendor_part_number, status, description, unit_price, quantity) VALUES ('7HMSLYNNGHJ439820', '7HMSLYNNGHJ439820-004', 'SN-EAES0098', 'installed', 'Fuel level sensor', 42.42, 1);
INSERT INTO Part (VIN, order_number, vendor_part_number, status, description, unit_price, quantity) VALUES ('FC6FEI1DRRR729956', 'FC6FEI1DRRR729956-002', 'SN-PACBS0187', 'installed', 'Combination valve', 52.08, 1);
INSERT INTO Part (VIN, order_number, vendor_part_number, status, description, unit_price, quantity) VALUES ('FPS6SWVNJ46262208', 'FPS6SWVNJ46262208-002', 'SN-BAE0010', 'installed', 'Grille', 42.22, 1);
INSERT INTO Part (VIN, order_number, vendor_part_number, status, description, unit_price, quantity) VALUES ('FPS6SWVNJ46262208', 'FPS6SWVNJ46262208-002', 'SN-BAED0028', 'installed', 'Door watershield', 92.5, 1);
INSERT INTO Part (VIN, order_number, vendor_part_number, status, description, unit_price, quantity) VALUES ('FPS6SWVNJ46262208', 'FPS6SWVNJ46262208-002', 'SN-EAELASS0089', 'installed', 'License plate lamp', 70.62, 1);
INSERT INTO Part (VIN, order_number, vendor_part_number, status, description, unit_price, quantity) VALUES ('FPS6SWVNJ46262208', 'FPS6SWVNJ46262208-002', 'SN-EAES0094', 'installed', 'Anti-pinch sensor', 2.24, 1);
INSERT INTO Part (VIN, order_number, vendor_part_number, status, description, unit_price, quantity) VALUES ('G3GBYJSRTYT942116', 'G3GBYJSRTYT942116-002', 'SN-BAE0019', 'installed', 'Trim package', 95.61, 1);
INSERT INTO Part (VIN, order_number, vendor_part_number, status, description, unit_price, quantity) VALUES ('G3GBYJSRTYT942116', 'G3GBYJSRTYT942116-002', 'SN-BAED0028', 'installed', 'Door watershield', 173.7, 1);
INSERT INTO Part (VIN, order_number, vendor_part_number, status, description, unit_price, quantity) VALUES ('G4PAVREW7K2826838', 'G4PAVREW7K2826838-001', 'SN-BAEW0037', 'installed', 'Window regulator', 279.85, 1);
INSERT INTO Part (VIN, order_number, vendor_part_number, status, description, unit_price, quantity) VALUES ('G4PAVREW7K2826838', 'G4PAVREW7K2826838-001', 'SN-EAELASS0085', 'installed', 'Halogen', 175.96, 1);
INSERT INTO Part (VIN, order_number, vendor_part_number, status, description, unit_price, quantity) VALUES ('GH8SBHTMEBB721980', 'GH8SBHTMEBB721980-002', 'SN-BAEW0036', 'received', 'Window motor', 131.69, 1);
INSERT INTO Part (VIN, order_number, vendor_part_number, status, description, unit_price, quantity) VALUES ('GH8SBHTMEBB721980', 'GH8SBHTMEBB721980-002', 'SN-PACBS0175', 'installed', 'Brake pedal', 206.22, 1);
INSERT INTO Part (VIN, order_number, vendor_part_number, status, description, unit_price, quantity) VALUES ('GMBNKKL7OGQ240104', 'GMBNKKL7OGQ240104-001', 'SN-BAE0005', 'installed', 'Decklid', 169.06, 1);
INSERT INTO Part (VIN, order_number, vendor_part_number, status, description, unit_price, quantity) VALUES ('GMBNKKL7OGQ240104', 'GMBNKKL7OGQ240104-001', 'SN-EAESS0118', 'installed', 'Starter solenoid', 48.61, 1);
INSERT INTO Part (VIN, order_number, vendor_part_number, status, description, unit_price, quantity) VALUES ('GMBNKKL7OGQ240104', 'GMBNKKL7OGQ240104-001', 'SN-EAEWH0130', 'ordered', 'Interior harness', 147.57, 1);
INSERT INTO Part (VIN, order_number, vendor_part_number, status, description, unit_price, quantity) VALUES ('IQV1YQ3IV7V327698', 'IQV1YQ3IV7V327698-001', 'SN-BAE0013', 'installed', 'Radiator core support', 107.14, 2);
INSERT INTO Part (VIN, order_number, vendor_part_number, status, description, unit_price, quantity) VALUES ('IQV1YQ3IV7V327698', 'IQV1YQ3IV7V327698-001', 'SN-EAELASS0087', 'installed', 'Headlight motor', 88.43, 1);
INSERT INTO Part (VIN, order_number, vendor_part_number, status, description, unit_price, quantity) VALUES ('IQV1YQ3IV7V327698', 'IQV1YQ3IV7V327698-001', 'SN-ICS0153', 'installed', 'Armrest', 8.74, 1);
INSERT INTO Part (VIN, order_number, vendor_part_number, status, description, unit_price, quantity) VALUES ('IQV1YQ3IV7V327698', 'IQV1YQ3IV7V327698-001', 'SN-PACBS0172', 'installed', 'Brake drum', 121.95, 1);
INSERT INTO Part (VIN, order_number, vendor_part_number, status, description, unit_price, quantity) VALUES ('ITNTBT3I3K1112168', 'ITNTBT3I3K1112168-002', 'SN-EAES0112', 'installed', 'IMA sensor', 492.02, 1);
INSERT INTO Part (VIN, order_number, vendor_part_number, status, description, unit_price, quantity) VALUES ('ITNTBT3I3K1112168', 'ITNTBT3I3K1112168-002', 'SN-EAES0124', 'installed', 'Switch cover', 145.6, 5);
INSERT INTO Part (VIN, order_number, vendor_part_number, status, description, unit_price, quantity) VALUES ('JCDM7P6FYYP189674', 'JCDM7P6FYYP189674-001', 'SN-BAE0005', 'ordered', 'Decklid', 71.6, 1);
INSERT INTO Part (VIN, order_number, vendor_part_number, status, description, unit_price, quantity) VALUES ('JCDM7P6FYYP189674', 'JCDM7P6FYYP189674-001', 'SN-BAED0027', 'installed', 'Door seal', 46.6, 2);
INSERT INTO Part (VIN, order_number, vendor_part_number, status, description, unit_price, quantity) VALUES ('JCDM7P6FYYP189674', 'JCDM7P6FYYP189674-001', 'SN-EAESS0117', 'ordered', 'Starter Motor', 27.33, 5);
INSERT INTO Part (VIN, order_number, vendor_part_number, status, description, unit_price, quantity) VALUES ('JCDM7P6FYYP189674', 'JCDM7P6FYYP189674-001', 'SN-EAEWH0129', 'installed', 'Engine compartment harness', 49.2, 1);
INSERT INTO Part (VIN, order_number, vendor_part_number, status, description, unit_price, quantity) VALUES ('JUU4F0TYK4A947289', 'JUU4F0TYK4A947289-001', 'SN-EAES0104', 'received', 'Pressure sensor', 16.2, 1);
INSERT INTO Part (VIN, order_number, vendor_part_number, status, description, unit_price, quantity) VALUES ('KPDR2Q24D25119360', 'KPDR2Q24D25119360-002', 'SN-BAE0006', 'installed', 'Fascia rear and support', 307.07, 1);
INSERT INTO Part (VIN, order_number, vendor_part_number, status, description, unit_price, quantity) VALUES ('KPDR2Q24D25119360', 'KPDR2Q24D25119360-002', 'SN-PACBS0171', 'installed', 'Brake disc', 119.35, 1);
INSERT INTO Part (VIN, order_number, vendor_part_number, status, description, unit_price, quantity) VALUES ('L7OR57TJ78J722023', 'L7OR57TJ78J722023-004', 'SN-EAEGAM0065', 'installed', 'Fuel gauge', 9.98, 1);
INSERT INTO Part (VIN, order_number, vendor_part_number, status, description, unit_price, quantity) VALUES ('L7OR57TJ78J722023', 'L7OR57TJ78J722023-004', 'SN-EAEGAM0069', 'installed', 'Tachometer', 10.3, 1);
INSERT INTO Part (VIN, order_number, vendor_part_number, status, description, unit_price, quantity) VALUES ('L7OR57TJ78J722023', 'L7OR57TJ78J722023-004', 'SN-EAEWH0131', 'installed', 'Underfloor harness', 1.95, 1);
INSERT INTO Part (VIN, order_number, vendor_part_number, status, description, unit_price, quantity) VALUES ('NEWE3K53GY7625960', 'NEWE3K53GY7625960-004', 'SN-EAEIS0075', 'installed', 'Coil wire', 38.98, 2);
INSERT INTO Part (VIN, order_number, vendor_part_number, status, description, unit_price, quantity) VALUES ('NEWE3K53GY7625960', 'NEWE3K53GY7625960-004', 'SN-EAES0103', 'received', 'Power-steering pressure sensor', 3.59, 1);
INSERT INTO Part (VIN, order_number, vendor_part_number, status, description, unit_price, quantity) VALUES ('NEWE3K53GY7625960', 'NEWE3K53GY7625960-004', 'SN-PACBS0190', 'received', 'Hose', 70.24, 1);
INSERT INTO Part (VIN, order_number, vendor_part_number, status, description, unit_price, quantity) VALUES ('PZF7JY7KVUR182613', 'PZF7JY7KVUR182613-002', 'SN-BAED0024', 'ordered', 'Outer door handle', 8.58, 1);
INSERT INTO Part (VIN, order_number, vendor_part_number, status, description, unit_price, quantity) VALUES ('Q2P2LK1ILHI808826', 'Q2P2LK1ILHI808826-003', 'SN-EAELASS0083', 'installed', 'Engine bay lighting', 157.57, 1);
INSERT INTO Part (VIN, order_number, vendor_part_number, status, description, unit_price, quantity) VALUES ('Q2P2LK1ILHI808826', 'Q2P2LK1ILHI808826-003', 'SN-EAES0100', 'installed', 'Light sensor', 50.04, 1);
INSERT INTO Part (VIN, order_number, vendor_part_number, status, description, unit_price, quantity) VALUES ('Q2P2LK1ILHI808826', 'Q2P2LK1ILHI808826-003', 'SN-EAESS0118', 'installed', 'Starter solenoid', 124.81, 1);
INSERT INTO Part (VIN, order_number, vendor_part_number, status, description, unit_price, quantity) VALUES ('RLDE4ATQ47P565906', 'RLDE4ATQ47P565906-002', 'SN-BAE0012', 'installed', 'Quarter panel', 30.56, 1);
INSERT INTO Part (VIN, order_number, vendor_part_number, status, description, unit_price, quantity) VALUES ('RLDE4ATQ47P565906', 'RLDE4ATQ47P565906-002', 'SN-BAED0028', 'installed', 'Door watershield', 25.3, 1);
INSERT INTO Part (VIN, order_number, vendor_part_number, status, description, unit_price, quantity) VALUES ('RLDE4ATQ47P565906', 'RLDE4ATQ47P565906-002', 'SN-EAEGAM0068', 'installed', 'Speedometer', 44.7, 1);
INSERT INTO Part (VIN, order_number, vendor_part_number, status, description, unit_price, quantity) VALUES ('RO4NPMLPRAU291778', 'RO4NPMLPRAU291778-003', 'SN-BAE0016', 'installed', 'Spoiler', 218.7, 3);
INSERT INTO Part (VIN, order_number, vendor_part_number, status, description, unit_price, quantity) VALUES ('RO4NPMLPRAU291778', 'RO4NPMLPRAU291778-003', 'SN-EAEWH0129', 'installed', 'Engine compartment harness', 268.5, 1);
INSERT INTO Part (VIN, order_number, vendor_part_number, status, description, unit_price, quantity) VALUES ('RO4NPMLPRAU291778', 'RO4NPMLPRAU291778-003', 'SN-IFCAP0151', 'installed', 'Carpet and other floor material', 92.42, 1);
INSERT INTO Part (VIN, order_number, vendor_part_number, status, description, unit_price, quantity) VALUES ('RO4NPMLPRAU291778', 'RO4NPMLPRAU291778-003', 'SN-PACBS0178', 'installed', 'Brake roll', 172.26, 1);
INSERT INTO Part (VIN, order_number, vendor_part_number, status, description, unit_price, quantity) VALUES ('RYY32CGB7QR718629', 'RYY32CGB7QR718629-001', 'SN-EAEGAM0068', 'installed', 'Speedometer', 29.31, 1);
INSERT INTO Part (VIN, order_number, vendor_part_number, status, description, unit_price, quantity) VALUES ('RYY32CGB7QR718629', 'RYY32CGB7QR718629-001', 'SN-PACBS0186', 'installed', 'Caliper', 131.16, 1);
INSERT INTO Part (VIN, order_number, vendor_part_number, status, description, unit_price, quantity) VALUES ('S3OPBKGXWAZ659884', 'S3OPBKGXWAZ659884-002', 'SN-EAECS0050', 'received', 'Alternator bracket', 62.92, 2);
INSERT INTO Part (VIN, order_number, vendor_part_number, status, description, unit_price, quantity) VALUES ('T00X580HYD6011764', 'T00X580HYD6011764-001', 'SN-EAEM0142', 'installed', 'Performance chip', 403.35, 1);
INSERT INTO Part (VIN, order_number, vendor_part_number, status, description, unit_price, quantity) VALUES ('T00X580HYD6011764', 'T00X580HYD6011764-001', 'SN-EAEM0148', 'ordered', 'Speedometer calibrator', 418.72, 1);
INSERT INTO Part (VIN, order_number, vendor_part_number, status, description, unit_price, quantity) VALUES ('T00X580HYD6011764', 'T00X580HYD6011764-001', 'SN-PACBS0167', 'installed', 'Bleed nipple', 137.9, 5);
INSERT INTO Part (VIN, order_number, vendor_part_number, status, description, unit_price, quantity) VALUES ('U73PMGHR3NU905301', 'U73PMGHR3NU905301-001', 'SN-BAE0008', 'installed', 'Front clip', 63.58, 1);
INSERT INTO Part (VIN, order_number, vendor_part_number, status, description, unit_price, quantity) VALUES ('U73PMGHR3NU905301', 'U73PMGHR3NU905301-001', 'SN-EAELASS0091', 'installed', 'Tail light', 113.57, 2);
INSERT INTO Part (VIN, order_number, vendor_part_number, status, description, unit_price, quantity) VALUES ('U73PMGHR3NU905301', 'U73PMGHR3NU905301-001', 'SN-EAES0094', 'installed', 'Anti-pinch sensor', 17.05, 1);
INSERT INTO Part (VIN, order_number, vendor_part_number, status, description, unit_price, quantity) VALUES ('U73PMGHR3NU905301', 'U73PMGHR3NU905301-001', 'SN-PACBS0192', 'installed', 'Air brake nylon hose', 70.28, 1);
INSERT INTO Part (VIN, order_number, vendor_part_number, status, description, unit_price, quantity) VALUES ('U73PMGHR3NU905301', 'U73PMGHR3NU905301-003', 'SN-EAELASS0091', 'installed', 'Tail light', 5.19, 1);
INSERT INTO Part (VIN, order_number, vendor_part_number, status, description, unit_price, quantity) VALUES ('U73PMGHR3NU905301', 'U73PMGHR3NU905301-003', 'SN-PACBS0178', 'installed', 'Brake roll', 78.68, 2);
INSERT INTO Part (VIN, order_number, vendor_part_number, status, description, unit_price, quantity) VALUES ('U73PMGHR3NU905301', 'U73PMGHR3NU905301-003', 'SN-PACBS0181', 'installed', 'Brake shoe', 25.41, 2);
INSERT INTO Part (VIN, order_number, vendor_part_number, status, description, unit_price, quantity) VALUES ('U8EJ173KSZC747630', 'U8EJ173KSZC747630-001', 'SN-BAED0024', 'installed', 'Outer door handle', 33.97, 1);
INSERT INTO Part (VIN, order_number, vendor_part_number, status, description, unit_price, quantity) VALUES ('U8EJ173KSZC747630', 'U8EJ173KSZC747630-001', 'SN-EAEAD0042', 'installed', 'Antenna cable', 1.5, 1);
INSERT INTO Part (VIN, order_number, vendor_part_number, status, description, unit_price, quantity) VALUES ('U8EJ173KSZC747630', 'U8EJ173KSZC747630-001', 'SN-EAES0108', 'installed', 'Transmission input and output sensor', 80.31, 1);
INSERT INTO Part (VIN, order_number, vendor_part_number, status, description, unit_price, quantity) VALUES ('UJXTQIJ6PUG086494', 'UJXTQIJ6PUG086494-002', 'SN-EAECS0051', 'installed', 'Alternator fan', 438.15, 1);
INSERT INTO Part (VIN, order_number, vendor_part_number, status, description, unit_price, quantity) VALUES ('UJXTQIJ6PUG086494', 'UJXTQIJ6PUG086494-002', 'SN-EAEWH0129', 'installed', 'Engine compartment harness', 401.87, 4);
INSERT INTO Part (VIN, order_number, vendor_part_number, status, description, unit_price, quantity) VALUES ('VLYSREO4D36135371', 'VLYSREO4D36135371-001', 'SN-BAE0018', 'installed', 'Rear spoiler', 226.57, 1);
INSERT INTO Part (VIN, order_number, vendor_part_number, status, description, unit_price, quantity) VALUES ('VLYSREO4D36135371', 'VLYSREO4D36135371-001', 'SN-BAED0024', 'installed', 'Outer door handle', 19.23, 1);
INSERT INTO Part (VIN, order_number, vendor_part_number, status, description, unit_price, quantity) VALUES ('WJFKT6K3CDS809623', 'WJFKT6K3CDS809623-001', 'SN-EAECS0052', 'installed', 'Other alternator parts', 464.59, 1);
INSERT INTO Part (VIN, order_number, vendor_part_number, status, description, unit_price, quantity) VALUES ('WJFKT6K3CDS809623', 'WJFKT6K3CDS809623-001', 'SN-IFCAP0152', 'installed', 'Center console', 339.04, 1);
INSERT INTO Part (VIN, order_number, vendor_part_number, status, description, unit_price, quantity) VALUES ('WJFKT6K3CDS809623', 'WJFKT6K3CDS809623-001', 'SN-PACBS0195', 'installed', 'Load-sensing valve', 499.73, 2);
INSERT INTO Part (VIN, order_number, vendor_part_number, status, description, unit_price, quantity) VALUES ('XPUC8ERWM0W803922', 'XPUC8ERWM0W803922-004', 'SN-BAEW0035', 'installed', 'Sunroof motor', 36.6, 1);
INSERT INTO Part (VIN, order_number, vendor_part_number, status, description, unit_price, quantity) VALUES ('XPUC8ERWM0W803922', 'XPUC8ERWM0W803922-005', 'SN-EAEAD0043', 'installed', 'Radio and media player', 19.4, 1);
INSERT INTO Part (VIN, order_number, vendor_part_number, status, description, unit_price, quantity) VALUES ('XPUC8ERWM0W803922', 'XPUC8ERWM0W803922-005', 'SN-EAEESS0059', 'installed', 'Battery plate', 96.16, 1);
INSERT INTO Part (VIN, order_number, vendor_part_number, status, description, unit_price, quantity) VALUES ('XPUC8ERWM0W803922', 'XPUC8ERWM0W803922-005', 'SN-EAELASS0088', 'installed', 'Interior light and lamp', 89.26, 1);
INSERT INTO Part (VIN, order_number, vendor_part_number, status, description, unit_price, quantity) VALUES ('XPUC8ERWM0W803922', 'XPUC8ERWM0W803922-005', 'SN-PACBS0192', 'installed', 'Air brake nylon hose', 92.37, 1);
INSERT INTO Part (VIN, order_number, vendor_part_number, status, description, unit_price, quantity) VALUES ('0H6SRXF8EP7967929', '0H6SRXF8EP7967929-002', 'SS-EAEM0146', 'installed', 'Shift improver', 171.82, 1);
INSERT INTO Part (VIN, order_number, vendor_part_number, status, description, unit_price, quantity) VALUES ('0QFCBGN24Y3098876', '0QFCBGN24Y3098876-002', 'SS-BAEW0038', 'installed', 'Windshield', 109.72, 3);
INSERT INTO Part (VIN, order_number, vendor_part_number, status, description, unit_price, quantity) VALUES ('0QFCBGN24Y3098876', '0QFCBGN24Y3098876-002', 'SS-EAES0113', 'installed', 'Oil level sensor', 3.66, 1);
INSERT INTO Part (VIN, order_number, vendor_part_number, status, description, unit_price, quantity) VALUES ('2PKESKWHCJ4479804', '2PKESKWHCJ4479804-001', 'SS-EAEIS0080', 'installed', 'Ignition coil parts', 147.75, 1);
INSERT INTO Part (VIN, order_number, vendor_part_number, status, description, unit_price, quantity) VALUES ('2PKESKWHCJ4479804', '2PKESKWHCJ4479804-001', 'SS-EAEM0148', 'installed', 'Speedometer calibrator', 117.13, 2);
INSERT INTO Part (VIN, order_number, vendor_part_number, status, description, unit_price, quantity) VALUES ('5PUIFVQ6V3R308628', '5PUIFVQ6V3R308628-003', 'SS-EAES0101', 'received', 'Manifold absolute pressure sensor', 114.41, 2);
INSERT INTO Part (VIN, order_number, vendor_part_number, status, description, unit_price, quantity) VALUES ('7D8A8QCVRII360920', '7D8A8QCVRII360920-003', 'SS-BAE0007', 'installed', 'Fender Musical Instruments Corporation', 84.4, 1);
INSERT INTO Part (VIN, order_number, vendor_part_number, status, description, unit_price, quantity) VALUES ('7D8A8QCVRII360920', '7D8A8QCVRII360920-003', 'SS-EAECS0050', 'installed', 'Alternator bracket', 46.09, 1);
INSERT INTO Part (VIN, order_number, vendor_part_number, status, description, unit_price, quantity) VALUES ('7D8A8QCVRII360920', '7D8A8QCVRII360920-003', 'SS-EAEWH0129', 'installed', 'Engine compartment harness', 77.2, 1);
INSERT INTO Part (VIN, order_number, vendor_part_number, status, description, unit_price, quantity) VALUES ('7D8A8QCVRII360920', '7D8A8QCVRII360920-003', 'SS-PACBS0164', 'installed', 'ABS steel pin', 77.34, 4);
INSERT INTO Part (VIN, order_number, vendor_part_number, status, description, unit_price, quantity) VALUES ('7JA8DZH7CN4199183', '7JA8DZH7CN4199183-001', 'SS-BAE0002', 'installed', 'Unexposed bumper', 113.83, 1);
INSERT INTO Part (VIN, order_number, vendor_part_number, status, description, unit_price, quantity) VALUES ('7JA8DZH7CN4199183', '7JA8DZH7CN4199183-001', 'SS-EAEESS0054', 'installed', 'Performance battery', 74.22, 1);
INSERT INTO Part (VIN, order_number, vendor_part_number, status, description, unit_price, quantity) VALUES ('7JA8DZH7CN4199183', '7JA8DZH7CN4199183-001', 'SS-EAEGAM0070', 'ordered', 'Temperature gauge', 151.25, 2);
INSERT INTO Part (VIN, order_number, vendor_part_number, status, description, unit_price, quantity) VALUES ('A51QFDDJ7J7514581', 'A51QFDDJ7J7514581-001', 'SS-BAE0018', 'installed', 'Rear spoiler', 1.52, 1);
INSERT INTO Part (VIN, order_number, vendor_part_number, status, description, unit_price, quantity) VALUES ('A51QFDDJ7J7514581', 'A51QFDDJ7J7514581-001', 'SS-BAE0019', 'installed', 'Trim package', 96.96, 1);
INSERT INTO Part (VIN, order_number, vendor_part_number, status, description, unit_price, quantity) VALUES ('A51QFDDJ7J7514581', 'A51QFDDJ7J7514581-001', 'SS-EAEGAM0069', 'installed', 'Tachometer', 19.85, 1);
INSERT INTO Part (VIN, order_number, vendor_part_number, status, description, unit_price, quantity) VALUES ('A51QFDDJ7J7514581', 'A51QFDDJ7J7514581-001', 'SS-EAES0112', 'installed', 'IMA sensor', 105.21, 1);
INSERT INTO Part (VIN, order_number, vendor_part_number, status, description, unit_price, quantity) VALUES ('A51QFDDJ7J7514581', 'A51QFDDJ7J7514581-004', 'SS-BAED0023', 'installed', 'Door beam and panel', 9.02, 1);
INSERT INTO Part (VIN, order_number, vendor_part_number, status, description, unit_price, quantity) VALUES ('A51QFDDJ7J7514581', 'A51QFDDJ7J7514581-004', 'SS-EAEESS0056', 'installed', 'Battery cable terminal', 35.98, 1);
INSERT INTO Part (VIN, order_number, vendor_part_number, status, description, unit_price, quantity) VALUES ('A51QFDDJ7J7514581', 'A51QFDDJ7J7514581-004', 'SS-EAEGAM0062', 'installed', 'Ammeter', 22.19, 1);
INSERT INTO Part (VIN, order_number, vendor_part_number, status, description, unit_price, quantity) VALUES ('A51QFDDJ7J7514581', 'A51QFDDJ7J7514581-004', 'SS-PACBS0195', 'installed', 'Load-sensing valve', 84.88, 1);
INSERT INTO Part (VIN, order_number, vendor_part_number, status, description, unit_price, quantity) VALUES ('A67JHQ2EJUP880876', 'A67JHQ2EJUP880876-002', 'SS-BAED0026', 'installed', 'Door control module', 75.37, 1);
INSERT INTO Part (VIN, order_number, vendor_part_number, status, description, unit_price, quantity) VALUES ('A67JHQ2EJUP880876', 'A67JHQ2EJUP880876-002', 'SS-PACBS0191', 'installed', 'Brake booster hose', 50.27, 1);
INSERT INTO Part (VIN, order_number, vendor_part_number, status, description, unit_price, quantity) VALUES ('A67JHQ2EJUP880876', 'A67JHQ2EJUP880876-004', 'SS-EAELASS0089', 'installed', 'License plate lamp', 41.06, 1);
INSERT INTO Part (VIN, order_number, vendor_part_number, status, description, unit_price, quantity) VALUES ('A67JHQ2EJUP880876', 'A67JHQ2EJUP880876-004', 'SS-EAES0107', 'installed', 'Temperature sensor', 29.6, 1);
INSERT INTO Part (VIN, order_number, vendor_part_number, status, description, unit_price, quantity) VALUES ('A67JHQ2EJUP880876', 'A67JHQ2EJUP880876-004', 'SS-EAES0121', 'installed', 'Ignition Switch', 3.44, 1);
INSERT INTO Part (VIN, order_number, vendor_part_number, status, description, unit_price, quantity) VALUES ('CXQF7TZKIH0415109', 'CXQF7TZKIH0415109-001', 'SS-BAE0020', 'installed', 'Trunk', 75.74, 1);
INSERT INTO Part (VIN, order_number, vendor_part_number, status, description, unit_price, quantity) VALUES ('FBW1SNMBJRO366159', 'FBW1SNMBJRO366159-004', 'SS-BAED0024', 'installed', 'Outer door handle', 65.05, 1);
INSERT INTO Part (VIN, order_number, vendor_part_number, status, description, unit_price, quantity) VALUES ('FBW1SNMBJRO366159', 'FBW1SNMBJRO366159-004', 'SS-EAESS0115', 'installed', 'Starter', 1.58, 1);
INSERT INTO Part (VIN, order_number, vendor_part_number, status, description, unit_price, quantity) VALUES ('FPS6SWVNJ46262208', 'FPS6SWVNJ46262208-001', 'SS-BAE0013', 'installed', 'Radiator core support', 27.35, 1);
INSERT INTO Part (VIN, order_number, vendor_part_number, status, description, unit_price, quantity) VALUES ('FPS6SWVNJ46262208', 'FPS6SWVNJ46262208-001', 'SS-PACBS0183', 'installed', 'Shoe web', 75.67, 1);
INSERT INTO Part (VIN, order_number, vendor_part_number, status, description, unit_price, quantity) VALUES ('G3GBYJSRTYT942116', 'G3GBYJSRTYT942116-004', 'SS-BAE0009', 'installed', 'Front fascia and header panel', 228.22, 1);
INSERT INTO Part (VIN, order_number, vendor_part_number, status, description, unit_price, quantity) VALUES ('G3GBYJSRTYT942116', 'G3GBYJSRTYT942116-004', 'SS-EAEESS0059', 'installed', 'Battery plate', 266.13, 1);
INSERT INTO Part (VIN, order_number, vendor_part_number, status, description, unit_price, quantity) VALUES ('G3GBYJSRTYT942116', 'G3GBYJSRTYT942116-004', 'SS-PACBS0165', 'installed', 'Adjusting mechanism', 111.75, 4);
INSERT INTO Part (VIN, order_number, vendor_part_number, status, description, unit_price, quantity) VALUES ('GHMZYD6YMKB413330', 'GHMZYD6YMKB413330-002', 'SS-BAEW0035', 'ordered', 'Sunroof motor', 29.26, 1);
INSERT INTO Part (VIN, order_number, vendor_part_number, status, description, unit_price, quantity) VALUES ('GHMZYD6YMKB413330', 'GHMZYD6YMKB413330-002', 'SS-EAEGAM0062', 'ordered', 'Ammeter', 14.24, 4);
INSERT INTO Part (VIN, order_number, vendor_part_number, status, description, unit_price, quantity) VALUES ('IFBMBJ1L600560567', 'IFBMBJ1L600560567-002', 'SS-BAE0010', 'received', 'Grille', 103.72, 1);
INSERT INTO Part (VIN, order_number, vendor_part_number, status, description, unit_price, quantity) VALUES ('IGCYVATVIYZ078682', 'IGCYVATVIYZ078682-001', 'SS-EAEGAM0063', 'installed', 'Clinometer', 86.92, 1);
INSERT INTO Part (VIN, order_number, vendor_part_number, status, description, unit_price, quantity) VALUES ('IGCYVATVIYZ078682', 'IGCYVATVIYZ078682-001', 'SS-PACBS0190', 'installed', 'Hose', 150.7, 1);
INSERT INTO Part (VIN, order_number, vendor_part_number, status, description, unit_price, quantity) VALUES ('JQA3ZA51WW8465344', 'JQA3ZA51WW8465344-001', 'SS-BAE0017', 'installed', 'Front spoiler', 20.16, 2);
INSERT INTO Part (VIN, order_number, vendor_part_number, status, description, unit_price, quantity) VALUES ('JQA3ZA51WW8465344', 'JQA3ZA51WW8465344-001', 'SS-BAE0020', 'installed', 'Trunk', 41.94, 1);
INSERT INTO Part (VIN, order_number, vendor_part_number, status, description, unit_price, quantity) VALUES ('KEQ2CFPH7RO593605', 'KEQ2CFPH7RO593605-003', 'SS-EAEAD0042', 'installed', 'Antenna cable', 151.35, 1);
INSERT INTO Part (VIN, order_number, vendor_part_number, status, description, unit_price, quantity) VALUES ('KEQ2CFPH7RO593605', 'KEQ2CFPH7RO593605-003', 'SS-EAEGAM0065', 'installed', 'Fuel gauge', 209.01, 1);
INSERT INTO Part (VIN, order_number, vendor_part_number, status, description, unit_price, quantity) VALUES ('KEQ2CFPH7RO593605', 'KEQ2CFPH7RO593605-003', 'SS-EAES0126', 'installed', 'Thermostat', 104.93, 1);
INSERT INTO Part (VIN, order_number, vendor_part_number, status, description, unit_price, quantity) VALUES ('MFCEDCRIYU1438485', 'MFCEDCRIYU1438485-005', 'SS-EAECS0050', 'installed', 'Alternator bracket', 61.45, 1);
INSERT INTO Part (VIN, order_number, vendor_part_number, status, description, unit_price, quantity) VALUES ('MFCEDCRIYU1438485', 'MFCEDCRIYU1438485-005', 'SS-EAEESS0061', 'installed', 'Voltage regulator', 10.26, 1);
INSERT INTO Part (VIN, order_number, vendor_part_number, status, description, unit_price, quantity) VALUES ('MFCEDCRIYU1438485', 'MFCEDCRIYU1438485-005', 'SS-PACBS0163', 'installed', 'Anti-lock braking system', 0.77, 1);
INSERT INTO Part (VIN, order_number, vendor_part_number, status, description, unit_price, quantity) VALUES ('MFCEDCRIYU1438485', 'MFCEDCRIYU1438485-005', 'SS-PACBS0170', 'installed', 'Brake cooling duct', 4.34, 2);
INSERT INTO Part (VIN, order_number, vendor_part_number, status, description, unit_price, quantity) VALUES ('MO22767RXSI895117', 'MO22767RXSI895117-002', 'SS-EAEM0137', 'installed', 'Door contact', 71.52, 1);
INSERT INTO Part (VIN, order_number, vendor_part_number, status, description, unit_price, quantity) VALUES ('MO22767RXSI895117', 'MO22767RXSI895117-002', 'SS-EAEM0149', 'installed', 'Transmission computer', 136.7, 1);
INSERT INTO Part (VIN, order_number, vendor_part_number, status, description, unit_price, quantity) VALUES ('N5NZQJ4VDI0775398', 'N5NZQJ4VDI0775398-002', 'SS-EAES0105', 'installed', 'Rain sensor', 184.11, 1);
INSERT INTO Part (VIN, order_number, vendor_part_number, status, description, unit_price, quantity) VALUES ('PEFFRGBZ281543143', 'PEFFRGBZ281543143-004', 'SS-PACBS0167', 'installed', 'Bleed nipple', 101.61, 1);
INSERT INTO Part (VIN, order_number, vendor_part_number, status, description, unit_price, quantity) VALUES ('PEFFRGBZ281543143', 'PEFFRGBZ281543143-005', 'SS-BAED0028', 'installed', 'Door watershield', 44.81, 1);
INSERT INTO Part (VIN, order_number, vendor_part_number, status, description, unit_price, quantity) VALUES ('PEFFRGBZ281543143', 'PEFFRGBZ281543143-005', 'SS-EAEM0139', 'installed', 'Engine control unit', 122.79, 1);
INSERT INTO Part (VIN, order_number, vendor_part_number, status, description, unit_price, quantity) VALUES ('PEFFRGBZ281543143', 'PEFFRGBZ281543143-005', 'SS-PACBS0196', 'installed', 'Master Cylinder', 73.54, 1);
INSERT INTO Part (VIN, order_number, vendor_part_number, status, description, unit_price, quantity) VALUES ('QEQSOYDPWY5042665', 'QEQSOYDPWY5042665-001', 'SS-EAECS0052', 'installed', 'Other alternator parts', 141.44, 1);
INSERT INTO Part (VIN, order_number, vendor_part_number, status, description, unit_price, quantity) VALUES ('QEQSOYDPWY5042665', 'QEQSOYDPWY5042665-001', 'SS-EAEGAM0070', 'installed', 'Temperature gauge', 191.52, 1);
INSERT INTO Part (VIN, order_number, vendor_part_number, status, description, unit_price, quantity) VALUES ('QEQSOYDPWY5042665', 'QEQSOYDPWY5042665-001', 'SS-ICS0156', 'installed', 'Children and baby car seat', 33.17, 1);
INSERT INTO Part (VIN, order_number, vendor_part_number, status, description, unit_price, quantity) VALUES ('RJFS2TGCIQ3754282', 'RJFS2TGCIQ3754282-001', 'SS-EAEESS0059', 'received', 'Battery plate', 48.13, 1);
INSERT INTO Part (VIN, order_number, vendor_part_number, status, description, unit_price, quantity) VALUES ('RJFS2TGCIQ3754282', 'RJFS2TGCIQ3754282-001', 'SS-EAES0109', 'received', 'ABS brack sensor', 1.29, 1);
INSERT INTO Part (VIN, order_number, vendor_part_number, status, description, unit_price, quantity) VALUES ('RLRM7DYGMQU101483', 'RLRM7DYGMQU101483-002', 'SS-EAEIS0076', 'ordered', 'Distributor', 105.41, 1);
INSERT INTO Part (VIN, order_number, vendor_part_number, status, description, unit_price, quantity) VALUES ('SJTYF7S2DOK527698', 'SJTYF7S2DOK527698-001', 'SS-EAES0098', 'installed', 'Fuel level sensor', 54.34, 1);
INSERT INTO Part (VIN, order_number, vendor_part_number, status, description, unit_price, quantity) VALUES ('T243JSSHR0A986592', 'T243JSSHR0A986592-003', 'SS-EAES0094', 'installed', 'Anti-pinch sensor', 81.12, 1);
INSERT INTO Part (VIN, order_number, vendor_part_number, status, description, unit_price, quantity) VALUES ('T243JSSHR0A986592', 'T243JSSHR0A986592-003', 'SS-EAEWH0128', 'installed', 'Air conditioning harness', 81.24, 1);
INSERT INTO Part (VIN, order_number, vendor_part_number, status, description, unit_price, quantity) VALUES ('T243JSSHR0A986592', 'T243JSSHR0A986592-003', 'SS-PACBS0184', 'installed', 'Brake warning light', 24.5, 1);
INSERT INTO Part (VIN, order_number, vendor_part_number, status, description, unit_price, quantity) VALUES ('T7QN0RYWNOR420799', 'T7QN0RYWNOR420799-002', 'SS-EAEESS0053', 'ordered', 'Battery', 1.27, 1);
INSERT INTO Part (VIN, order_number, vendor_part_number, status, description, unit_price, quantity) VALUES ('T7QN0RYWNOR420799', 'T7QN0RYWNOR420799-002', 'SS-EAEIS0078', 'installed', 'Ignition box', 158.56, 1);
INSERT INTO Part (VIN, order_number, vendor_part_number, status, description, unit_price, quantity) VALUES ('T7QN0RYWNOR420799', 'T7QN0RYWNOR420799-003', 'SS-EAELASS0087', 'received', 'Headlight motor', 59.25, 1);
INSERT INTO Part (VIN, order_number, vendor_part_number, status, description, unit_price, quantity) VALUES ('UHNJLMAYL3Z014146', 'UHNJLMAYL3Z014146-002', 'SS-ICS0162', 'installed', 'Seat track', 220.24, 1);
INSERT INTO Part (VIN, order_number, vendor_part_number, status, description, unit_price, quantity) VALUES ('US6XUXEBB7J677669', 'US6XUXEBB7J677669-002', 'SS-EAEM0147', 'received', 'Speed controller', 165.47, 2);
INSERT INTO Part (VIN, order_number, vendor_part_number, status, description, unit_price, quantity) VALUES ('US6XUXEBB7J677669', 'US6XUXEBB7J677669-002', 'SS-EAES0120', 'installed', 'Door switch', 60.0, 1);
INSERT INTO Part (VIN, order_number, vendor_part_number, status, description, unit_price, quantity) VALUES ('USQTBTRES6C396411', 'USQTBTRES6C396411-003', 'SS-PACBS0164', 'installed', 'ABS steel pin', 127.1, 1);
INSERT INTO Part (VIN, order_number, vendor_part_number, status, description, unit_price, quantity) VALUES ('USQTBTRES6C396411', 'USQTBTRES6C396411-003', 'SS-PACBS0173', 'ordered', 'Brake line', 164.67, 1);
INSERT INTO Part (VIN, order_number, vendor_part_number, status, description, unit_price, quantity) VALUES ('WXATONNZWKV888088', 'WXATONNZWKV888088-002', 'SS-BAEW0040', 'installed', 'Window seal', 62.27, 1);
INSERT INTO Part (VIN, order_number, vendor_part_number, status, description, unit_price, quantity) VALUES ('WXATONNZWKV888088', 'WXATONNZWKV888088-002', 'SS-ICS0153', 'ordered', 'Armrest', 16.4, 1);
INSERT INTO Part (VIN, order_number, vendor_part_number, status, description, unit_price, quantity) VALUES ('XFZA0H1LN1P361906', 'XFZA0H1LN1P361906-001', 'SS-EAELASS0085', 'installed', 'Halogen', 0.37, 1);
INSERT INTO Part (VIN, order_number, vendor_part_number, status, description, unit_price, quantity) VALUES ('Y033F7MCLW5266860', 'Y033F7MCLW5266860-002', 'SS-EAES0126', 'installed', 'Thermostat', 176.17, 1);
INSERT INTO Part (VIN, order_number, vendor_part_number, status, description, unit_price, quantity) VALUES ('Y033F7MCLW5266860', 'Y033F7MCLW5266860-002', 'SS-ICS0159', 'installed', 'Seat Belt', 70.85, 1);
INSERT INTO Part (VIN, order_number, vendor_part_number, status, description, unit_price, quantity) VALUES ('Z7I1HGSFYSF704101', 'Z7I1HGSFYSF704101-002', 'SS-BAE0008', 'ordered', 'Front clip', 190.95, 1);
INSERT INTO Part (VIN, order_number, vendor_part_number, status, description, unit_price, quantity) VALUES ('Z7I1HGSFYSF704101', 'Z7I1HGSFYSF704101-002', 'SS-BAE0009', 'ordered', 'Front fascia and header panel', 167.89, 1);
INSERT INTO Part (VIN, order_number, vendor_part_number, status, description, unit_price, quantity) VALUES ('Z7I1HGSFYSF704101', 'Z7I1HGSFYSF704101-002', 'SS-EAESS0119', 'installed', 'Spark Plug', 26.55, 1);
INSERT INTO Part (VIN, order_number, vendor_part_number, status, description, unit_price, quantity) VALUES ('ZX85QCBBBIP411923', 'ZX85QCBBBIP411923-001', 'SS-EAESS0117', 'installed', 'Starter Motor', 93.18, 3);
INSERT INTO Part (VIN, order_number, vendor_part_number, status, description, unit_price, quantity) VALUES ('ZX85QCBBBIP411923', 'ZX85QCBBBIP411923-001', 'SS-ICS0156', 'installed', 'Children and baby car seat', 134.68, 1);
INSERT INTO Part (VIN, order_number, vendor_part_number, status, description, unit_price, quantity) VALUES ('ZX85QCBBBIP411923', 'ZX85QCBBBIP411923-001', 'SS-PACBS0197', 'installed', 'Metering valve', 77.51, 1);
INSERT INTO Part (VIN, order_number, vendor_part_number, status, description, unit_price, quantity) VALUES ('02XKB48A5UB828603', '02XKB48A5UB828603-001', 'TP-EAEIS0080', 'installed', 'Ignition coil parts', 59.69, 1);
INSERT INTO Part (VIN, order_number, vendor_part_number, status, description, unit_price, quantity) VALUES ('02XKB48A5UB828603', '02XKB48A5UB828603-001', 'TP-EAES0114', 'installed', 'ABS sensor', 194.99, 1);
INSERT INTO Part (VIN, order_number, vendor_part_number, status, description, unit_price, quantity) VALUES ('5RLTD3PDG7P142502', '5RLTD3PDG7P142502-001', 'TP-PACBS0193', 'installed', 'Brake duct hose', 103.93, 1);
INSERT INTO Part (VIN, order_number, vendor_part_number, status, description, unit_price, quantity) VALUES ('60RPWRGZXAL689666', '60RPWRGZXAL689666-003', 'TP-BAE0001', 'installed', 'Bumper', 37.56, 1);
INSERT INTO Part (VIN, order_number, vendor_part_number, status, description, unit_price, quantity) VALUES ('60RPWRGZXAL689666', '60RPWRGZXAL689666-003', 'TP-BAE0008', 'ordered', 'Front clip', 104.88, 1);
INSERT INTO Part (VIN, order_number, vendor_part_number, status, description, unit_price, quantity) VALUES ('60RPWRGZXAL689666', '60RPWRGZXAL689666-003', 'TP-EAEAD0046', 'received', 'Tuner', 134.09, 1);
INSERT INTO Part (VIN, order_number, vendor_part_number, status, description, unit_price, quantity) VALUES ('60RPWRGZXAL689666', '60RPWRGZXAL689666-003', 'TP-EAEM0133', 'received', 'Alarm and siren', 48.34, 1);
INSERT INTO Part (VIN, order_number, vendor_part_number, status, description, unit_price, quantity) VALUES ('A2NH51AUNR4312326', 'A2NH51AUNR4312326-002', 'TP-BAE0016', 'installed', 'Spoiler', 118.28, 1);
INSERT INTO Part (VIN, order_number, vendor_part_number, status, description, unit_price, quantity) VALUES ('A2NH51AUNR4312326', 'A2NH51AUNR4312326-002', 'TP-EAEESS0058', 'installed', 'Battery control system', 137.25, 1);
INSERT INTO Part (VIN, order_number, vendor_part_number, status, description, unit_price, quantity) VALUES ('A2NH51AUNR4312326', 'A2NH51AUNR4312326-002', 'TP-EAEM0143', 'installed', 'Performance Monitor', 90.04, 1);
INSERT INTO Part (VIN, order_number, vendor_part_number, status, description, unit_price, quantity) VALUES ('A2NH51AUNR4312326', 'A2NH51AUNR4312326-002', 'TP-PACBS0168', 'installed', 'Brake backing plate', 203.76, 2);
INSERT INTO Part (VIN, order_number, vendor_part_number, status, description, unit_price, quantity) VALUES ('A4LJMRR8IYC935453', 'A4LJMRR8IYC935453-002', 'TP-EAEESS0054', 'installed', 'Performance battery', 204.75, 1);
INSERT INTO Part (VIN, order_number, vendor_part_number, status, description, unit_price, quantity) VALUES ('A4LJMRR8IYC935453', 'A4LJMRR8IYC935453-002', 'TP-EAEM0137', 'installed', 'Door contact', 27.43, 1);
INSERT INTO Part (VIN, order_number, vendor_part_number, status, description, unit_price, quantity) VALUES ('A4LJMRR8IYC935453', 'A4LJMRR8IYC935453-002', 'TP-ICS0156', 'installed', 'Children and baby car seat', 145.42, 1);
INSERT INTO Part (VIN, order_number, vendor_part_number, status, description, unit_price, quantity) VALUES ('A4LJMRR8IYC935453', 'A4LJMRR8IYC935453-002', 'TP-PACBS0163', 'installed', 'Anti-lock braking system', 262.55, 1);
INSERT INTO Part (VIN, order_number, vendor_part_number, status, description, unit_price, quantity) VALUES ('AKWG2XQFZ8Z338505', 'AKWG2XQFZ8Z338505-001', 'TP-BAED0025', 'installed', 'Inner door handle', 36.05, 1);
INSERT INTO Part (VIN, order_number, vendor_part_number, status, description, unit_price, quantity) VALUES ('AKWG2XQFZ8Z338505', 'AKWG2XQFZ8Z338505-001', 'TP-EAES0099', 'received', 'Knock sensor', 143.83, 1);
INSERT INTO Part (VIN, order_number, vendor_part_number, status, description, unit_price, quantity) VALUES ('BD1DYEOR4HZ412125', 'BD1DYEOR4HZ412125-001', 'TP-EAEGAM0074', 'installed', 'Water temperature meter', 77.7, 1);
INSERT INTO Part (VIN, order_number, vendor_part_number, status, description, unit_price, quantity) VALUES ('BD1DYEOR4HZ412125', 'BD1DYEOR4HZ412125-001', 'TP-EAELASS0090', 'installed', 'Side lighting', 52.68, 1);
INSERT INTO Part (VIN, order_number, vendor_part_number, status, description, unit_price, quantity) VALUES ('CB65LOSQY7V342457', 'CB65LOSQY7V342457-002', 'TP-BAED0023', 'installed', 'Door beam and panel', 97.56, 1);
INSERT INTO Part (VIN, order_number, vendor_part_number, status, description, unit_price, quantity) VALUES ('CB65LOSQY7V342457', 'CB65LOSQY7V342457-002', 'TP-EAEM0132', 'installed', 'Air bag control module', 62.48, 1);
INSERT INTO Part (VIN, order_number, vendor_part_number, status, description, unit_price, quantity) VALUES ('CB65LOSQY7V342457', 'CB65LOSQY7V342457-002', 'TP-PACBS0172', 'installed', 'Brake drum', 120.83, 1);
INSERT INTO Part (VIN, order_number, vendor_part_number, status, description, unit_price, quantity) VALUES ('CTHLSVQRDHK945534', 'CTHLSVQRDHK945534-003', 'TP-PACBS0184', 'installed', 'Brake warning light', 55.15, 1);
INSERT INTO Part (VIN, order_number, vendor_part_number, status, description, unit_price, quantity) VALUES ('IFBMBJ1L600560567', 'IFBMBJ1L600560567-003', 'TP-EAELASS0083', 'received', 'Engine bay lighting', 85.26, 1);
INSERT INTO Part (VIN, order_number, vendor_part_number, status, description, unit_price, quantity) VALUES ('IGCYVATVIYZ078682', 'IGCYVATVIYZ078682-005', 'TP-EAEM0138', 'installed', 'Engine computer and management system', 29.42, 1);
INSERT INTO Part (VIN, order_number, vendor_part_number, status, description, unit_price, quantity) VALUES ('IGCYVATVIYZ078682', 'IGCYVATVIYZ078682-005', 'TP-EAEM0142', 'installed', 'Performance chip', 89.1, 1);
INSERT INTO Part (VIN, order_number, vendor_part_number, status, description, unit_price, quantity) VALUES ('IGCYVATVIYZ078682', 'IGCYVATVIYZ078682-005', 'TP-ICS0159', 'installed', 'Seat Belt', 148.89, 3);
INSERT INTO Part (VIN, order_number, vendor_part_number, status, description, unit_price, quantity) VALUES ('IGCYVATVIYZ078682', 'IGCYVATVIYZ078682-005', 'TP-PACBS0167', 'installed', 'Bleed nipple', 87.81, 1);
INSERT INTO Part (VIN, order_number, vendor_part_number, status, description, unit_price, quantity) VALUES ('JCDM7P6FYYP189674', 'JCDM7P6FYYP189674-002', 'TP-BAE0022', 'received', 'Welded assembly', 1.34, 1);
INSERT INTO Part (VIN, order_number, vendor_part_number, status, description, unit_price, quantity) VALUES ('JCDM7P6FYYP189674', 'JCDM7P6FYYP189674-004', 'TP-EAELASS0091', 'installed', 'Tail light', 77.6, 1);
INSERT INTO Part (VIN, order_number, vendor_part_number, status, description, unit_price, quantity) VALUES ('JUU4F0TYK4A947289', 'JUU4F0TYK4A947289-003', 'TP-EAEGAM0069', 'installed', 'Tachometer', 27.49, 1);
INSERT INTO Part (VIN, order_number, vendor_part_number, status, description, unit_price, quantity) VALUES ('JUU4F0TYK4A947289', 'JUU4F0TYK4A947289-003', 'TP-EAESS0119', 'installed', 'Spark Plug', 5.56, 1);
INSERT INTO Part (VIN, order_number, vendor_part_number, status, description, unit_price, quantity) VALUES ('JUU4F0TYK4A947289', 'JUU4F0TYK4A947289-003', 'TP-PACBS0174', 'ordered', 'Brake pad', 66.08, 1);
INSERT INTO Part (VIN, order_number, vendor_part_number, status, description, unit_price, quantity) VALUES ('KZ0SACUMQTT627927', 'KZ0SACUMQTT627927-003', 'TP-EAELASS0086', 'installed', 'Headlight', 10.26, 1);
INSERT INTO Part (VIN, order_number, vendor_part_number, status, description, unit_price, quantity) VALUES ('L7OR57TJ78J722023', 'L7OR57TJ78J722023-002', 'TP-BAE0005', 'installed', 'Decklid', 69.68, 1);
INSERT INTO Part (VIN, order_number, vendor_part_number, status, description, unit_price, quantity) VALUES ('L7OR57TJ78J722023', 'L7OR57TJ78J722023-002', 'TP-BAE0008', 'installed', 'Front clip', 57.21, 1);
INSERT INTO Part (VIN, order_number, vendor_part_number, status, description, unit_price, quantity) VALUES ('L7OR57TJ78J722023', 'L7OR57TJ78J722023-002', 'TP-EAES0127', 'installed', 'Frame Switch', 21.97, 1);
INSERT INTO Part (VIN, order_number, vendor_part_number, status, description, unit_price, quantity) VALUES ('L7OR57TJ78J722023', 'L7OR57TJ78J722023-002', 'TP-PACBS0180', 'installed', 'Brake servo', 60.9, 1);
INSERT INTO Part (VIN, order_number, vendor_part_number, status, description, unit_price, quantity) VALUES ('MLQIF1Z0TMV429595', 'MLQIF1Z0TMV429595-001', 'TP-BAE0001', 'installed', 'Bumper', 320.27, 1);
INSERT INTO Part (VIN, order_number, vendor_part_number, status, description, unit_price, quantity) VALUES ('MLQIF1Z0TMV429595', 'MLQIF1Z0TMV429595-001', 'TP-PACBS0181', 'installed', 'Brake shoe', 351.37, 1);
INSERT INTO Part (VIN, order_number, vendor_part_number, status, description, unit_price, quantity) VALUES ('MLQIF1Z0TMV429595', 'MLQIF1Z0TMV429595-001', 'TP-PACBS0183', 'installed', 'Shoe web', 176.65, 1);
INSERT INTO Part (VIN, order_number, vendor_part_number, status, description, unit_price, quantity) VALUES ('MLQIF1Z0TMV429595', 'MLQIF1Z0TMV429595-001', 'TP-PACBS0188', 'installed', 'Dual circuit brake system', 330.71, 2);
INSERT INTO Part (VIN, order_number, vendor_part_number, status, description, unit_price, quantity) VALUES ('P6MQEVF1IQJ610623', 'P6MQEVF1IQJ610623-004', 'TP-10141', 'installed', 'Fuse Box: The Alternative Tribute', 124.57, 1);
INSERT INTO Part (VIN, order_number, vendor_part_number, status, description, unit_price, quantity) VALUES ('P6MQEVF1IQJ610623', 'P6MQEVF1IQJ610623-004', 'TP-EAEGAM0071', 'installed', 'Tire pressure gauge', 116.34, 1);
INSERT INTO Part (VIN, order_number, vendor_part_number, status, description, unit_price, quantity) VALUES ('P6MQEVF1IQJ610623', 'P6MQEVF1IQJ610623-004', 'TP-EAES0106', 'installed', 'Rotational sensor', 29.33, 1);
INSERT INTO Part (VIN, order_number, vendor_part_number, status, description, unit_price, quantity) VALUES ('P6MQEVF1IQJ610623', 'P6MQEVF1IQJ610623-004', 'TP-IFCAP0152', 'installed', 'Center console', 12.99, 1);
INSERT INTO Part (VIN, order_number, vendor_part_number, status, description, unit_price, quantity) VALUES ('PEFFRGBZ281543143', 'PEFFRGBZ281543143-003', 'TP-BAEW0037', 'installed', 'Window regulator', 128.16, 1);
INSERT INTO Part (VIN, order_number, vendor_part_number, status, description, unit_price, quantity) VALUES ('PEFFRGBZ281543143', 'PEFFRGBZ281543143-003', 'TP-EAEAD0042', 'installed', 'Antenna cable', 146.86, 4);
INSERT INTO Part (VIN, order_number, vendor_part_number, status, description, unit_price, quantity) VALUES ('PEFFRGBZ281543143', 'PEFFRGBZ281543143-003', 'TP-EAEGAM0068', 'installed', 'Speedometer', 21.48, 1);
INSERT INTO Part (VIN, order_number, vendor_part_number, status, description, unit_price, quantity) VALUES ('PEFFRGBZ281543143', 'PEFFRGBZ281543143-003', 'TP-EAEIS0077', 'installed', 'Electronic timing controller', 133.03, 1);
INSERT INTO Part (VIN, order_number, vendor_part_number, status, description, unit_price, quantity) VALUES ('R6O7MCNZEA0553701', 'R6O7MCNZEA0553701-001', 'TP-EAEIS0080', 'installed', 'Ignition coil parts', 179.24, 1);
INSERT INTO Part (VIN, order_number, vendor_part_number, status, description, unit_price, quantity) VALUES ('RLDE4ATQ47P565906', 'RLDE4ATQ47P565906-001', 'TP-BAE0008', 'installed', 'Front clip', 28.59, 1);
INSERT INTO Part (VIN, order_number, vendor_part_number, status, description, unit_price, quantity) VALUES ('RLDE4ATQ47P565906', 'RLDE4ATQ47P565906-001', 'TP-EAELASS0089', 'installed', 'License plate lamp', 1.5, 1);
INSERT INTO Part (VIN, order_number, vendor_part_number, status, description, unit_price, quantity) VALUES ('RLDE4ATQ47P565906', 'RLDE4ATQ47P565906-001', 'TP-PACBS0181', 'installed', 'Brake shoe', 60.66, 1);
INSERT INTO Part (VIN, order_number, vendor_part_number, status, description, unit_price, quantity) VALUES ('RO4NPMLPRAU291778', 'RO4NPMLPRAU291778-002', 'TP-EAELASS0087', 'installed', 'Headlight motor', 87.58, 1);
INSERT INTO Part (VIN, order_number, vendor_part_number, status, description, unit_price, quantity) VALUES ('RO4NPMLPRAU291778', 'RO4NPMLPRAU291778-002', 'TP-PACBS0198', 'installed', 'Other braking system parts', 203.27, 1);
INSERT INTO Part (VIN, order_number, vendor_part_number, status, description, unit_price, quantity) VALUES ('S3OPBKGXWAZ659884', 'S3OPBKGXWAZ659884-005', 'TP-EAES0123', 'received', 'Steering column switch', 14.6, 1);
INSERT INTO Part (VIN, order_number, vendor_part_number, status, description, unit_price, quantity) VALUES ('S3OPBKGXWAZ659884', 'S3OPBKGXWAZ659884-005', 'TP-EAES0125', 'ordered', 'Switch panel', 11.31, 1);
INSERT INTO Part (VIN, order_number, vendor_part_number, status, description, unit_price, quantity) VALUES ('S3OPBKGXWAZ659884', 'S3OPBKGXWAZ659884-005', 'TP-PACBS0176', 'ordered', 'Brake piston', 85.97, 1);
INSERT INTO Part (VIN, order_number, vendor_part_number, status, description, unit_price, quantity) VALUES ('TPH6V84MCP2752251', 'TPH6V84MCP2752251-006', 'TP-BAE0000', 'installed', 'Bonnet/hood', 121.31, 2);
INSERT INTO Part (VIN, order_number, vendor_part_number, status, description, unit_price, quantity) VALUES ('TPH6V84MCP2752251', 'TPH6V84MCP2752251-006', 'TP-EAES0108', 'installed', 'Transmission input and output sensor', 104.52, 1);
INSERT INTO Part (VIN, order_number, vendor_part_number, status, description, unit_price, quantity) VALUES ('UOGYWMEC33D484399', 'UOGYWMEC33D484399-002', 'TP-BAE0011', 'installed', 'Pillar and hard trim', 105.43, 1);
INSERT INTO Part (VIN, order_number, vendor_part_number, status, description, unit_price, quantity) VALUES ('UOGYWMEC33D484399', 'UOGYWMEC33D484399-002', 'TP-EAEM0148', 'installed', 'Speedometer calibrator', 56.67, 2);
INSERT INTO Part (VIN, order_number, vendor_part_number, status, description, unit_price, quantity) VALUES ('UOGYWMEC33D484399', 'UOGYWMEC33D484399-002', 'TP-EAEWH0129', 'installed', 'Engine compartment harness', 38.87, 1);
INSERT INTO Part (VIN, order_number, vendor_part_number, status, description, unit_price, quantity) VALUES ('UOGYWMEC33D484399', 'UOGYWMEC33D484399-002', 'TP-PACBS0195', 'installed', 'Load-sensing valve', 51.52, 1);
INSERT INTO Part (VIN, order_number, vendor_part_number, status, description, unit_price, quantity) VALUES ('USQTBTRES6C396411', 'USQTBTRES6C396411-006', 'TP-EAEM0139', 'ordered', 'Engine control unit', 83.73, 1);
INSERT INTO Part (VIN, order_number, vendor_part_number, status, description, unit_price, quantity) VALUES ('WA73P2TB0BO402832', 'WA73P2TB0BO402832-001', 'TP-BAE0000', 'installed', 'Bonnet/hood', 40.51, 1);
INSERT INTO Part (VIN, order_number, vendor_part_number, status, description, unit_price, quantity) VALUES ('WA73P2TB0BO402832', 'WA73P2TB0BO402832-001', 'TP-EAEGAM0073', 'installed', 'Voltmeter', 23.4, 1);
INSERT INTO Part (VIN, order_number, vendor_part_number, status, description, unit_price, quantity) VALUES ('WA73P2TB0BO402832', 'WA73P2TB0BO402832-001', 'TP-EAEM0148', 'installed', 'Speedometer calibrator', 35.37, 1);
INSERT INTO Part (VIN, order_number, vendor_part_number, status, description, unit_price, quantity) VALUES ('WA73P2TB0BO402832', 'WA73P2TB0BO402832-001', 'TP-PACBS0163', 'installed', 'Anti-lock braking system', 32.99, 1);
INSERT INTO Part (VIN, order_number, vendor_part_number, status, description, unit_price, quantity) VALUES ('XPUC8ERWM0W803922', 'XPUC8ERWM0W803922-003', 'TP-EAELASS0083', 'installed', 'Engine bay lighting', 0.08, 1);
INSERT INTO Part (VIN, order_number, vendor_part_number, status, description, unit_price, quantity) VALUES ('XPUC8ERWM0W803922', 'XPUC8ERWM0W803922-003', 'TP-EAEM0133', 'installed', 'Alarm and siren', 89.17, 1);
INSERT INTO Part (VIN, order_number, vendor_part_number, status, description, unit_price, quantity) VALUES ('XPUC8ERWM0W803922', 'XPUC8ERWM0W803922-003', 'TP-EAES0121', 'installed', 'Ignition Switch', 73.51, 1);
INSERT INTO Part (VIN, order_number, vendor_part_number, status, description, unit_price, quantity) VALUES ('ZAGIZGOGIZ6802854', 'ZAGIZGOGIZ6802854-001', 'TP-EAELASS0091', 'installed', 'Tail light', 120.54, 1);
INSERT INTO Part (VIN, order_number, vendor_part_number, status, description, unit_price, quantity) VALUES ('ZAGIZGOGIZ6802854', 'ZAGIZGOGIZ6802854-002', 'TP-EAELASS0085', 'installed', 'Halogen', 3.1, 1);
INSERT INTO Part (VIN, order_number, vendor_part_number, status, description, unit_price, quantity) VALUES ('ZAGIZGOGIZ6802854', 'ZAGIZGOGIZ6802854-002', 'TP-EAEM0139', 'installed', 'Engine control unit', 101.34, 1);
INSERT INTO Part (VIN, order_number, vendor_part_number, status, description, unit_price, quantity) VALUES ('ZAGIZGOGIZ6802854', 'ZAGIZGOGIZ6802854-002', 'TP-EAEWH0130', 'installed', 'Interior harness', 15.81, 2);
INSERT INTO Part (VIN, order_number, vendor_part_number, status, description, unit_price, quantity) VALUES ('4B5O8UZKPBZ854920', '4B5O8UZKPBZ854920-002', 'ZE-BAE0011', 'installed', 'Pillar and hard trim', 25.28, 4);
INSERT INTO Part (VIN, order_number, vendor_part_number, status, description, unit_price, quantity) VALUES ('4B5O8UZKPBZ854920', '4B5O8UZKPBZ854920-002', 'ZE-EAEM0142', 'installed', 'Performance chip', 91.03, 1);
INSERT INTO Part (VIN, order_number, vendor_part_number, status, description, unit_price, quantity) VALUES ('4B5O8UZKPBZ854920', '4B5O8UZKPBZ854920-002', 'ZE-EAES0097', 'installed', 'Engine sensor', 19.82, 1);
INSERT INTO Part (VIN, order_number, vendor_part_number, status, description, unit_price, quantity) VALUES ('4B5O8UZKPBZ854920', '4B5O8UZKPBZ854920-002', 'ZE-EAESS0117', 'installed', 'Starter Motor', 163.74, 1);
INSERT INTO Part (VIN, order_number, vendor_part_number, status, description, unit_price, quantity) VALUES ('4GHCRLJOKT6083540', '4GHCRLJOKT6083540-002', 'ZE-BAE0018', 'installed', 'Rear spoiler', 236.37, 4);
INSERT INTO Part (VIN, order_number, vendor_part_number, status, description, unit_price, quantity) VALUES ('4GHCRLJOKT6083540', '4GHCRLJOKT6083540-002', 'ZE-EAELASS0089', 'installed', 'License plate lamp', 259.61, 1);
INSERT INTO Part (VIN, order_number, vendor_part_number, status, description, unit_price, quantity) VALUES ('4GHCRLJOKT6083540', '4GHCRLJOKT6083540-002', 'ZE-EAEM0143', 'installed', 'Performance Monitor', 326.38, 1);
INSERT INTO Part (VIN, order_number, vendor_part_number, status, description, unit_price, quantity) VALUES ('5PUIFVQ6V3R308628', '5PUIFVQ6V3R308628-004', 'ZE-EAEGAM0073', 'installed', 'Voltmeter', 115.05, 1);
INSERT INTO Part (VIN, order_number, vendor_part_number, status, description, unit_price, quantity) VALUES ('5PUIFVQ6V3R308628', '5PUIFVQ6V3R308628-004', 'ZE-EAES0098', 'received', 'Fuel level sensor', 67.56, 1);
INSERT INTO Part (VIN, order_number, vendor_part_number, status, description, unit_price, quantity) VALUES ('5PUIFVQ6V3R308628', '5PUIFVQ6V3R308628-004', 'ZE-PACBS0193', 'ordered', 'Brake duct hose', 29.27, 1);
INSERT INTO Part (VIN, order_number, vendor_part_number, status, description, unit_price, quantity) VALUES ('5QPBC4N5SPV612486', '5QPBC4N5SPV612486-004', 'ZE-BAE0019', 'ordered', 'Trim package', 127.51, 1);
INSERT INTO Part (VIN, order_number, vendor_part_number, status, description, unit_price, quantity) VALUES ('5QPBC4N5SPV612486', '5QPBC4N5SPV612486-004', 'ZE-EAEAD0043', 'received', 'Radio and media player', 8.35, 1);
INSERT INTO Part (VIN, order_number, vendor_part_number, status, description, unit_price, quantity) VALUES ('5QPBC4N5SPV612486', '5QPBC4N5SPV612486-004', 'ZE-EAELASS0086', 'ordered', 'Headlight', 134.56, 1);
INSERT INTO Part (VIN, order_number, vendor_part_number, status, description, unit_price, quantity) VALUES ('6YHX7GHFZAR683239', '6YHX7GHFZAR683239-001', 'ZE-EAEGAM0062', 'installed', 'Ammeter', 18.99, 2);
INSERT INTO Part (VIN, order_number, vendor_part_number, status, description, unit_price, quantity) VALUES ('6YHX7GHFZAR683239', '6YHX7GHFZAR683239-001', 'ZE-EAEM0134', 'installed', 'Central locking system', 223.9, 1);
INSERT INTO Part (VIN, order_number, vendor_part_number, status, description, unit_price, quantity) VALUES ('6YHX7GHFZAR683239', '6YHX7GHFZAR683239-001', 'ZE-EAES0111', 'installed', 'MAP sensor', 93.13, 2);
INSERT INTO Part (VIN, order_number, vendor_part_number, status, description, unit_price, quantity) VALUES ('7D8A8QCVRII360920', '7D8A8QCVRII360920-002', 'ZE-BAE0008', 'installed', 'Front clip', 43.59, 1);
INSERT INTO Part (VIN, order_number, vendor_part_number, status, description, unit_price, quantity) VALUES ('7D8A8QCVRII360920', '7D8A8QCVRII360920-002', 'ZE-EAESS0119', 'installed', 'Spark Plug', 45.88, 1);
INSERT INTO Part (VIN, order_number, vendor_part_number, status, description, unit_price, quantity) VALUES ('A67JHQ2EJUP880876', 'A67JHQ2EJUP880876-003', 'ZE-BAEW0040', 'installed', 'Window seal', 73.14, 1);
INSERT INTO Part (VIN, order_number, vendor_part_number, status, description, unit_price, quantity) VALUES ('A67JHQ2EJUP880876', 'A67JHQ2EJUP880876-003', 'ZE-EAEAD0041', 'installed', 'Antenna assembly', 25.27, 1);
INSERT INTO Part (VIN, order_number, vendor_part_number, status, description, unit_price, quantity) VALUES ('A67JHQ2EJUP880876', 'A67JHQ2EJUP880876-003', 'ZE-EAEIS0075', 'installed', 'Coil wire', 7.31, 1);
INSERT INTO Part (VIN, order_number, vendor_part_number, status, description, unit_price, quantity) VALUES ('A67JHQ2EJUP880876', 'A67JHQ2EJUP880876-003', 'ZE-EAEM0145', 'installed', 'Remote lock', 21.83, 2);
INSERT INTO Part (VIN, order_number, vendor_part_number, status, description, unit_price, quantity) VALUES ('BQS2CJ56IBQ176739', 'BQS2CJ56IBQ176739-001', 'ZE-BAED0028', 'installed', 'Door watershield', 34.46, 1);
INSERT INTO Part (VIN, order_number, vendor_part_number, status, description, unit_price, quantity) VALUES ('BQS2CJ56IBQ176739', 'BQS2CJ56IBQ176739-001', 'ZE-EAES0093', 'installed', 'Airbag sensor', 70.63, 1);
INSERT INTO Part (VIN, order_number, vendor_part_number, status, description, unit_price, quantity) VALUES ('BQS2CJ56IBQ176739', 'BQS2CJ56IBQ176739-001', 'ZE-PACBS0166', 'installed', 'Anchor', 51.4, 2);
INSERT INTO Part (VIN, order_number, vendor_part_number, status, description, unit_price, quantity) VALUES ('BQS2CJ56IBQ176739', 'BQS2CJ56IBQ176739-003', 'ZE-BAED0032', 'installed', 'Centre Locking', 58.42, 1);
INSERT INTO Part (VIN, order_number, vendor_part_number, status, description, unit_price, quantity) VALUES ('BQS2CJ56IBQ176739', 'BQS2CJ56IBQ176739-003', 'ZE-PACBS0183', 'installed', 'Shoe web', 39.87, 1);
INSERT INTO Part (VIN, order_number, vendor_part_number, status, description, unit_price, quantity) VALUES ('G3GBYJSRTYT942116', 'G3GBYJSRTYT942116-003', 'ZE-BAE0009', 'installed', 'Front fascia and header panel', 213.63, 2);
INSERT INTO Part (VIN, order_number, vendor_part_number, status, description, unit_price, quantity) VALUES ('G3GBYJSRTYT942116', 'G3GBYJSRTYT942116-003', 'ZE-PACBS0182', 'installed', 'Brake lining', 28.25, 1);
INSERT INTO Part (VIN, order_number, vendor_part_number, status, description, unit_price, quantity) VALUES ('IFBMBJ1L600560567', 'IFBMBJ1L600560567-001', 'ZE-BAE0001', 'ordered', 'Bumper', 26.8, 2);
INSERT INTO Part (VIN, order_number, vendor_part_number, status, description, unit_price, quantity) VALUES ('IFBMBJ1L600560567', 'IFBMBJ1L600560567-001', 'ZE-EAEGAM0068', 'ordered', 'Speedometer', 126.79, 1);
INSERT INTO Part (VIN, order_number, vendor_part_number, status, description, unit_price, quantity) VALUES ('IFBMBJ1L600560567', 'IFBMBJ1L600560567-001', 'ZE-EAES0103', 'received', 'Power-steering pressure sensor', 52.13, 1);
INSERT INTO Part (VIN, order_number, vendor_part_number, status, description, unit_price, quantity) VALUES ('IVZVZYNIOWU741253', 'IVZVZYNIOWU741253-002', 'ZE-BAEW0039', 'received', 'Windshield washer motor', 69.01, 1);
INSERT INTO Part (VIN, order_number, vendor_part_number, status, description, unit_price, quantity) VALUES ('IVZVZYNIOWU741253', 'IVZVZYNIOWU741253-002', 'ZE-EAES0107', 'installed', 'Temperature sensor', 92.06, 4);
INSERT INTO Part (VIN, order_number, vendor_part_number, status, description, unit_price, quantity) VALUES ('IVZVZYNIOWU741253', 'IVZVZYNIOWU741253-002', 'ZE-PACBS0168', 'received', 'Brake backing plate', 176.22, 1);
INSERT INTO Part (VIN, order_number, vendor_part_number, status, description, unit_price, quantity) VALUES ('JDZCMB67NYJ067633', 'JDZCMB67NYJ067633-005', 'ZE-EAEGAM0063', 'installed', 'Clinometer', 61.12, 1);
INSERT INTO Part (VIN, order_number, vendor_part_number, status, description, unit_price, quantity) VALUES ('JDZCMB67NYJ067633', 'JDZCMB67NYJ067633-005', 'ZE-EAELASS0087', 'installed', 'Headlight motor', 89.59, 2);
INSERT INTO Part (VIN, order_number, vendor_part_number, status, description, unit_price, quantity) VALUES ('JDZCMB67NYJ067633', 'JDZCMB67NYJ067633-005', 'ZE-EAES0105', 'installed', 'Rain sensor', 149.76, 1);
INSERT INTO Part (VIN, order_number, vendor_part_number, status, description, unit_price, quantity) VALUES ('JDZCMB67NYJ067633', 'JDZCMB67NYJ067633-005', 'ZE-PACBS0170', 'installed', 'Brake cooling duct', 134.2, 1);
INSERT INTO Part (VIN, order_number, vendor_part_number, status, description, unit_price, quantity) VALUES ('KEQ2CFPH7RO593605', 'KEQ2CFPH7RO593605-006', 'ZE-BAEW0039', 'installed', 'Windshield washer motor', 239.44, 1);
INSERT INTO Part (VIN, order_number, vendor_part_number, status, description, unit_price, quantity) VALUES ('KEQ2CFPH7RO593605', 'KEQ2CFPH7RO593605-006', 'ZE-EAEESS0057', 'installed', 'Battery cable', 43.75, 1);
INSERT INTO Part (VIN, order_number, vendor_part_number, status, description, unit_price, quantity) VALUES ('MFCEDCRIYU1438485', 'MFCEDCRIYU1438485-002', 'ZE-EAEESS0057', 'installed', 'Battery cable', 51.55, 1);
INSERT INTO Part (VIN, order_number, vendor_part_number, status, description, unit_price, quantity) VALUES ('MFCEDCRIYU1438485', 'MFCEDCRIYU1438485-002', 'ZE-EAELASS0091', 'installed', 'Tail light', 57.26, 1);
INSERT INTO Part (VIN, order_number, vendor_part_number, status, description, unit_price, quantity) VALUES ('MFCEDCRIYU1438485', 'MFCEDCRIYU1438485-002', 'ZE-ICS0153', 'installed', 'Armrest', 46.16, 2);
INSERT INTO Part (VIN, order_number, vendor_part_number, status, description, unit_price, quantity) VALUES ('MQY15YFZ5CB825109', 'MQY15YFZ5CB825109-001', 'ZE-EAECS0048', 'installed', 'Alternator', 24.02, 1);
INSERT INTO Part (VIN, order_number, vendor_part_number, status, description, unit_price, quantity) VALUES ('MQY15YFZ5CB825109', 'MQY15YFZ5CB825109-001', 'ZE-EAEWH0129', 'received', 'Engine compartment harness', 344.66, 1);
INSERT INTO Part (VIN, order_number, vendor_part_number, status, description, unit_price, quantity) VALUES ('MQY15YFZ5CB825109', 'MQY15YFZ5CB825109-001', 'ZE-PACBS0178', 'ordered', 'Brake roll', 374.29, 1);
INSERT INTO Part (VIN, order_number, vendor_part_number, status, description, unit_price, quantity) VALUES ('MQY15YFZ5CB825109', 'MQY15YFZ5CB825109-001', 'ZE-PACBS0182', 'installed', 'Brake lining', 219.56, 2);
INSERT INTO Part (VIN, order_number, vendor_part_number, status, description, unit_price, quantity) VALUES ('NG2R81BAMWW204013', 'NG2R81BAMWW204013-001', 'ZE-EAELASS0092', 'installed', 'Tail light cover', 155.98, 1);
INSERT INTO Part (VIN, order_number, vendor_part_number, status, description, unit_price, quantity) VALUES ('NG2R81BAMWW204013', 'NG2R81BAMWW204013-001', 'ZE-PACBS0170', 'installed', 'Brake cooling duct', 163.74, 1);
INSERT INTO Part (VIN, order_number, vendor_part_number, status, description, unit_price, quantity) VALUES ('PLT6LAJER3K107458', 'PLT6LAJER3K107458-001', 'ZE-BAE0018', 'installed', 'Rear spoiler', 138.76, 1);
INSERT INTO Part (VIN, order_number, vendor_part_number, status, description, unit_price, quantity) VALUES ('PLT6LAJER3K107458', 'PLT6LAJER3K107458-001', 'ZE-EAEESS0061', 'installed', 'Voltage regulator', 219.72, 1);
INSERT INTO Part (VIN, order_number, vendor_part_number, status, description, unit_price, quantity) VALUES ('PLT6LAJER3K107458', 'PLT6LAJER3K107458-001', 'ZE-EAES0111', 'installed', 'MAP sensor', 300.87, 4);
INSERT INTO Part (VIN, order_number, vendor_part_number, status, description, unit_price, quantity) VALUES ('PLT6LAJER3K107458', 'PLT6LAJER3K107458-001', 'ZE-PACBS0164', 'installed', 'ABS steel pin', 199.96, 1);
INSERT INTO Part (VIN, order_number, vendor_part_number, status, description, unit_price, quantity) VALUES ('PYPAPD46NJL873425', 'PYPAPD46NJL873425-002', 'ZE-ICS0162', 'installed', 'Seat track', 182.63, 1);
INSERT INTO Part (VIN, order_number, vendor_part_number, status, description, unit_price, quantity) VALUES ('PYPAPD46NJL873425', 'PYPAPD46NJL873425-002', 'ZE-PACBS0193', 'installed', 'Brake duct hose', 40.48, 2);
INSERT INTO Part (VIN, order_number, vendor_part_number, status, description, unit_price, quantity) VALUES ('PZEF1VF3KOO767751', 'PZEF1VF3KOO767751-002', 'ZE-BAE0001', 'installed', 'Bumper', 496.83, 1);
INSERT INTO Part (VIN, order_number, vendor_part_number, status, description, unit_price, quantity) VALUES ('PZEF1VF3KOO767751', 'PZEF1VF3KOO767751-002', 'ZE-EAES0095', 'installed', 'Camshaft position sensor', 518.81, 1);
INSERT INTO Part (VIN, order_number, vendor_part_number, status, description, unit_price, quantity) VALUES ('PZEF1VF3KOO767751', 'PZEF1VF3KOO767751-002', 'ZE-EAES0109', 'installed', 'ABS brack sensor', 480.54, 1);
INSERT INTO Part (VIN, order_number, vendor_part_number, status, description, unit_price, quantity) VALUES ('PZEF1VF3KOO767751', 'PZEF1VF3KOO767751-002', 'ZE-PACBS0189', 'installed', 'Hold-down springs', 84.54, 1);
INSERT INTO Part (VIN, order_number, vendor_part_number, status, description, unit_price, quantity) VALUES ('QRDJE8YRD8U529603', 'QRDJE8YRD8U529603-002', 'ZE-EAEESS0056', 'installed', 'Battery cable terminal', 202.81, 2);
INSERT INTO Part (VIN, order_number, vendor_part_number, status, description, unit_price, quantity) VALUES ('QRDJE8YRD8U529603', 'QRDJE8YRD8U529603-002', 'ZE-EAEM0135', 'installed', 'Chassis control computer', 533.93, 4);
INSERT INTO Part (VIN, order_number, vendor_part_number, status, description, unit_price, quantity) VALUES ('R6O7MCNZEA0553701', 'R6O7MCNZEA0553701-002', 'ZE-EAES0093', 'installed', 'Airbag sensor', 81.28, 3);
INSERT INTO Part (VIN, order_number, vendor_part_number, status, description, unit_price, quantity) VALUES ('R6O7MCNZEA0553701', 'R6O7MCNZEA0553701-002', 'ZE-PACBS0180', 'installed', 'Brake servo', 3.57, 4);
INSERT INTO Part (VIN, order_number, vendor_part_number, status, description, unit_price, quantity) VALUES ('R6O7MCNZEA0553701', 'R6O7MCNZEA0553701-003', 'ZE-10141', 'installed', 'Fuse Box: The Alternative Tribute', 168.18, 1);
INSERT INTO Part (VIN, order_number, vendor_part_number, status, description, unit_price, quantity) VALUES ('R6O7MCNZEA0553701', 'R6O7MCNZEA0553701-003', 'ZE-EAES0094', 'installed', 'Anti-pinch sensor', 153.66, 1);
INSERT INTO Part (VIN, order_number, vendor_part_number, status, description, unit_price, quantity) VALUES ('SJTYF7S2DOK527698', 'SJTYF7S2DOK527698-004', 'ZE-EAES0104', 'ordered', 'Pressure sensor', 126.26, 2);
INSERT INTO Part (VIN, order_number, vendor_part_number, status, description, unit_price, quantity) VALUES ('SJTYF7S2DOK527698', 'SJTYF7S2DOK527698-004', 'ZE-EAESS0115', 'ordered', 'Starter', 27.17, 1);
INSERT INTO Part (VIN, order_number, vendor_part_number, status, description, unit_price, quantity) VALUES ('T7QN0RYWNOR420799', 'T7QN0RYWNOR420799-005', 'ZE-BAE0010', 'ordered', 'Grille', 27.5, 1);
INSERT INTO Part (VIN, order_number, vendor_part_number, status, description, unit_price, quantity) VALUES ('T7QN0RYWNOR420799', 'T7QN0RYWNOR420799-005', 'ZE-BAEW0033', 'received', 'Glass', 50.69, 1);
INSERT INTO Part (VIN, order_number, vendor_part_number, status, description, unit_price, quantity) VALUES ('TPH6V84MCP2752251', 'TPH6V84MCP2752251-001', 'ZE-BAE0018', 'installed', 'Rear spoiler', 102.32, 1);
INSERT INTO Part (VIN, order_number, vendor_part_number, status, description, unit_price, quantity) VALUES ('TPH6V84MCP2752251', 'TPH6V84MCP2752251-001', 'ZE-EAECS0051', 'installed', 'Alternator fan', 12.11, 1);
INSERT INTO Part (VIN, order_number, vendor_part_number, status, description, unit_price, quantity) VALUES ('TPH6V84MCP2752251', 'TPH6V84MCP2752251-001', 'ZE-EAELASS0089', 'installed', 'License plate lamp', 5.96, 1);
INSERT INTO Part (VIN, order_number, vendor_part_number, status, description, unit_price, quantity) VALUES ('TPH6V84MCP2752251', 'TPH6V84MCP2752251-001', 'ZE-PACBS0188', 'installed', 'Dual circuit brake system', 123.79, 4);
INSERT INTO Part (VIN, order_number, vendor_part_number, status, description, unit_price, quantity) VALUES ('UJXTQIJ6PUG086494', 'UJXTQIJ6PUG086494-001', 'ZE-EAEIS0077', 'installed', 'Electronic timing controller', 89.89, 1);
INSERT INTO Part (VIN, order_number, vendor_part_number, status, description, unit_price, quantity) VALUES ('UOGYWMEC33D484399', 'UOGYWMEC33D484399-003', 'ZE-BAED0024', 'installed', 'Outer door handle', 114.59, 1);
INSERT INTO Part (VIN, order_number, vendor_part_number, status, description, unit_price, quantity) VALUES ('UOGYWMEC33D484399', 'UOGYWMEC33D484399-003', 'ZE-BAEW0037', 'installed', 'Window regulator', 24.33, 1);
INSERT INTO Part (VIN, order_number, vendor_part_number, status, description, unit_price, quantity) VALUES ('UOGYWMEC33D484399', 'UOGYWMEC33D484399-003', 'ZE-EAECS0052', 'installed', 'Other alternator parts', 101.98, 1);
INSERT INTO Part (VIN, order_number, vendor_part_number, status, description, unit_price, quantity) VALUES ('VZJVASAMKKS604221', 'VZJVASAMKKS604221-003', 'ZE-EAECS0049', 'installed', 'Alternator bearing', 21.07, 1);
INSERT INTO Part (VIN, order_number, vendor_part_number, status, description, unit_price, quantity) VALUES ('VZJVASAMKKS604221', 'VZJVASAMKKS604221-003', 'ZE-EAELASS0088', 'installed', 'Interior light and lamp', 140.55, 1);
INSERT INTO Part (VIN, order_number, vendor_part_number, status, description, unit_price, quantity) VALUES ('VZJVASAMKKS604221', 'VZJVASAMKKS604221-003', 'ZE-ICS0158', 'installed', 'Headrest', 51.86, 1);
INSERT INTO Part (VIN, order_number, vendor_part_number, status, description, unit_price, quantity) VALUES ('WXATONNZWKV888088', 'WXATONNZWKV888088-001', 'ZE-BAE0016', 'ordered', 'Spoiler', 1.32, 1);
INSERT INTO Part (VIN, order_number, vendor_part_number, status, description, unit_price, quantity) VALUES ('WXATONNZWKV888088', 'WXATONNZWKV888088-001', 'ZE-EAES0124', 'received', 'Switch cover', 56.43, 1);
INSERT INTO Part (VIN, order_number, vendor_part_number, status, description, unit_price, quantity) VALUES ('WXATONNZWKV888088', 'WXATONNZWKV888088-001', 'ZE-ICS0157', 'ordered', 'Fastener', 18.02, 1);
INSERT INTO Part (VIN, order_number, vendor_part_number, status, description, unit_price, quantity) VALUES ('WXATONNZWKV888088', 'WXATONNZWKV888088-001', 'ZE-PACBS0191', 'received', 'Brake booster hose', 50.99, 1);
INSERT INTO Part (VIN, order_number, vendor_part_number, status, description, unit_price, quantity) VALUES ('X5MLJ3CUPNB099293', 'X5MLJ3CUPNB099293-001', 'ZE-BAE0022', 'installed', 'Welded assembly', 432.55, 1);
INSERT INTO Part (VIN, order_number, vendor_part_number, status, description, unit_price, quantity) VALUES ('X5MLJ3CUPNB099293', 'X5MLJ3CUPNB099293-001', 'ZE-BAED0029', 'installed', 'Hinge', 437.36, 1);
INSERT INTO Part (VIN, order_number, vendor_part_number, status, description, unit_price, quantity) VALUES ('0216UZ8NIB3005163', '0216UZ8NIB3005163-003', 'ZY-EAEM0145', 'installed', 'Remote lock', 114.29, 1);
INSERT INTO Part (VIN, order_number, vendor_part_number, status, description, unit_price, quantity) VALUES ('02XKB48A5UB828603', '02XKB48A5UB828603-003', 'ZY-BAEW0038', 'installed', 'Windshield', 109.62, 1);
INSERT INTO Part (VIN, order_number, vendor_part_number, status, description, unit_price, quantity) VALUES ('02XKB48A5UB828603', '02XKB48A5UB828603-003', 'ZY-EAEIS0079', 'installed', 'Ignition Coil', 121.84, 1);
INSERT INTO Part (VIN, order_number, vendor_part_number, status, description, unit_price, quantity) VALUES ('0QFCBGN24Y3098876', '0QFCBGN24Y3098876-001', 'ZY-EAELASS0083', 'installed', 'Engine bay lighting', 16.44, 2);
INSERT INTO Part (VIN, order_number, vendor_part_number, status, description, unit_price, quantity) VALUES ('11O1YZUFMFN275554', '11O1YZUFMFN275554-001', 'ZY-EAES0095', 'installed', 'Camshaft position sensor', 143.54, 1);
INSERT INTO Part (VIN, order_number, vendor_part_number, status, description, unit_price, quantity) VALUES ('11O1YZUFMFN275554', '11O1YZUFMFN275554-001', 'ZY-PACBS0180', 'installed', 'Brake servo', 81.6, 1);
INSERT INTO Part (VIN, order_number, vendor_part_number, status, description, unit_price, quantity) VALUES ('24G081632WM888163', '24G081632WM888163-002', 'ZY-BAED0027', 'installed', 'Door seal', 53.32, 1);
INSERT INTO Part (VIN, order_number, vendor_part_number, status, description, unit_price, quantity) VALUES ('24G081632WM888163', '24G081632WM888163-002', 'ZY-PACBS0179', 'installed', 'Brake rotor', 41.6, 1);
INSERT INTO Part (VIN, order_number, vendor_part_number, status, description, unit_price, quantity) VALUES ('5PUIFVQ6V3R308628', '5PUIFVQ6V3R308628-005', 'ZY-EAECS0052', 'installed', 'Other alternator parts', 138.99, 1);
INSERT INTO Part (VIN, order_number, vendor_part_number, status, description, unit_price, quantity) VALUES ('5PUIFVQ6V3R308628', '5PUIFVQ6V3R308628-005', 'ZY-EAES0120', 'ordered', 'Door switch', 129.87, 4);
INSERT INTO Part (VIN, order_number, vendor_part_number, status, description, unit_price, quantity) VALUES ('5PUIFVQ6V3R308628', '5PUIFVQ6V3R308628-005', 'ZY-PACBS0165', 'installed', 'Adjusting mechanism', 91.48, 1);
INSERT INTO Part (VIN, order_number, vendor_part_number, status, description, unit_price, quantity) VALUES ('6O3JWO1Q4FP773157', '6O3JWO1Q4FP773157-003', 'ZY-EAELASS0083', 'installed', 'Engine bay lighting', 312.09, 1);
INSERT INTO Part (VIN, order_number, vendor_part_number, status, description, unit_price, quantity) VALUES ('7LOJS05DQA3004955', '7LOJS05DQA3004955-001', 'ZY-BAE0012', 'installed', 'Quarter panel', 226.15, 1);
INSERT INTO Part (VIN, order_number, vendor_part_number, status, description, unit_price, quantity) VALUES ('7LOJS05DQA3004955', '7LOJS05DQA3004955-001', 'ZY-PACBS0177', 'installed', 'Brake pump', 176.76, 1);
INSERT INTO Part (VIN, order_number, vendor_part_number, status, description, unit_price, quantity) VALUES ('AKEXMUEW2XP076382', 'AKEXMUEW2XP076382-002', 'ZY-BAE0018', 'installed', 'Rear spoiler', 117.33, 1);
INSERT INTO Part (VIN, order_number, vendor_part_number, status, description, unit_price, quantity) VALUES ('AKEXMUEW2XP076382', 'AKEXMUEW2XP076382-002', 'ZY-PACBS0184', 'installed', 'Brake warning light', 123.06, 1);
INSERT INTO Part (VIN, order_number, vendor_part_number, status, description, unit_price, quantity) VALUES ('AKEXMUEW2XP076382', 'AKEXMUEW2XP076382-002', 'ZY-PACBS0193', 'installed', 'Brake duct hose', 134.18, 1);
INSERT INTO Part (VIN, order_number, vendor_part_number, status, description, unit_price, quantity) VALUES ('DKYDDY0GPGN009571', 'DKYDDY0GPGN009571-003', 'ZY-BAE0006', 'installed', 'Fascia rear and support', 135.74, 1);
INSERT INTO Part (VIN, order_number, vendor_part_number, status, description, unit_price, quantity) VALUES ('DKYDDY0GPGN009571', 'DKYDDY0GPGN009571-003', 'ZY-BAE0014', 'installed', 'Rocker panel', 59.11, 1);
INSERT INTO Part (VIN, order_number, vendor_part_number, status, description, unit_price, quantity) VALUES ('DKYDDY0GPGN009571', 'DKYDDY0GPGN009571-003', 'ZY-EAECS0049', 'installed', 'Alternator bearing', 131.31, 1);
INSERT INTO Part (VIN, order_number, vendor_part_number, status, description, unit_price, quantity) VALUES ('DKYDDY0GPGN009571', 'DKYDDY0GPGN009571-003', 'ZY-PACBS0170', 'installed', 'Brake cooling duct', 124.13, 1);
INSERT INTO Part (VIN, order_number, vendor_part_number, status, description, unit_price, quantity) VALUES ('FBQBTRRHZVG159504', 'FBQBTRRHZVG159504-001', 'ZY-EAEGAM0064', 'installed', 'Dynamometer', 44.38, 1);
INSERT INTO Part (VIN, order_number, vendor_part_number, status, description, unit_price, quantity) VALUES ('FTU4SK7135C710080', 'FTU4SK7135C710080-003', 'ZY-BAE0012', 'installed', 'Quarter panel', 175.66, 1);
INSERT INTO Part (VIN, order_number, vendor_part_number, status, description, unit_price, quantity) VALUES ('FTU4SK7135C710080', 'FTU4SK7135C710080-003', 'ZY-BAED0028', 'installed', 'Door watershield', 132.43, 2);
INSERT INTO Part (VIN, order_number, vendor_part_number, status, description, unit_price, quantity) VALUES ('FTU4SK7135C710080', 'FTU4SK7135C710080-003', 'ZY-EAEESS0056', 'installed', 'Battery cable terminal', 188.76, 1);
INSERT INTO Part (VIN, order_number, vendor_part_number, status, description, unit_price, quantity) VALUES ('FTU4SK7135C710080', 'FTU4SK7135C710080-003', 'ZY-PACBS0192', 'installed', 'Air brake nylon hose', 47.12, 1);
INSERT INTO Part (VIN, order_number, vendor_part_number, status, description, unit_price, quantity) VALUES ('GDXK0JVJI0R636667', 'GDXK0JVJI0R636667-001', 'ZY-BAE0021', 'installed', 'Valance', 17.88, 2);
INSERT INTO Part (VIN, order_number, vendor_part_number, status, description, unit_price, quantity) VALUES ('GDXK0JVJI0R636667', 'GDXK0JVJI0R636667-001', 'ZY-EAELASS0090', 'installed', 'Side lighting', 4.25, 1);
INSERT INTO Part (VIN, order_number, vendor_part_number, status, description, unit_price, quantity) VALUES ('GDXK0JVJI0R636667', 'GDXK0JVJI0R636667-001', 'ZY-EAES0109', 'installed', 'ABS brack sensor', 24.8, 1);
INSERT INTO Part (VIN, order_number, vendor_part_number, status, description, unit_price, quantity) VALUES ('GUSD5Z52ID6316641', 'GUSD5Z52ID6316641-002', 'ZY-BAED0030', 'ordered', 'Door and bonnet', 155.82, 1);
INSERT INTO Part (VIN, order_number, vendor_part_number, status, description, unit_price, quantity) VALUES ('GUSD5Z52ID6316641', 'GUSD5Z52ID6316641-002', 'ZY-EAEESS0054', 'ordered', 'Performance battery', 114.78, 1);
INSERT INTO Part (VIN, order_number, vendor_part_number, status, description, unit_price, quantity) VALUES ('GUSD5Z52ID6316641', 'GUSD5Z52ID6316641-002', 'ZY-EAELASS0088', 'received', 'Interior light and lamp', 88.5, 1);
INSERT INTO Part (VIN, order_number, vendor_part_number, status, description, unit_price, quantity) VALUES ('IGCYVATVIYZ078682', 'IGCYVATVIYZ078682-004', 'ZY-BAE0009', 'installed', 'Front fascia and header panel', 121.15, 2);
INSERT INTO Part (VIN, order_number, vendor_part_number, status, description, unit_price, quantity) VALUES ('IGCYVATVIYZ078682', 'IGCYVATVIYZ078682-004', 'ZY-BAE0011', 'installed', 'Pillar and hard trim', 146.87, 2);
INSERT INTO Part (VIN, order_number, vendor_part_number, status, description, unit_price, quantity) VALUES ('IGCYVATVIYZ078682', 'IGCYVATVIYZ078682-004', 'ZY-BAE0018', 'installed', 'Rear spoiler', 64.36, 2);
INSERT INTO Part (VIN, order_number, vendor_part_number, status, description, unit_price, quantity) VALUES ('IGCYVATVIYZ078682', 'IGCYVATVIYZ078682-004', 'ZY-EAEAD0042', 'installed', 'Antenna cable', 48.93, 2);
INSERT INTO Part (VIN, order_number, vendor_part_number, status, description, unit_price, quantity) VALUES ('IVZVZYNIOWU741253', 'IVZVZYNIOWU741253-003', 'ZY-BAE0021', 'installed', 'Valance', 143.92, 4);
INSERT INTO Part (VIN, order_number, vendor_part_number, status, description, unit_price, quantity) VALUES ('IVZVZYNIOWU741253', 'IVZVZYNIOWU741253-003', 'ZY-EAEM0132', 'ordered', 'Air bag control module', 97.65, 1);
INSERT INTO Part (VIN, order_number, vendor_part_number, status, description, unit_price, quantity) VALUES ('IVZVZYNIOWU741253', 'IVZVZYNIOWU741253-003', 'ZY-PACBS0172', 'installed', 'Brake drum', 84.01, 1);
INSERT INTO Part (VIN, order_number, vendor_part_number, status, description, unit_price, quantity) VALUES ('IVZVZYNIOWU741253', 'IVZVZYNIOWU741253-003', 'ZY-PACBS0183', 'installed', 'Shoe web', 75.33, 1);
INSERT INTO Part (VIN, order_number, vendor_part_number, status, description, unit_price, quantity) VALUES ('LBOZN1LVD46821421', 'LBOZN1LVD46821421-001', 'ZY-PACBS0181', 'installed', 'Brake shoe', 28.4, 4);
INSERT INTO Part (VIN, order_number, vendor_part_number, status, description, unit_price, quantity) VALUES ('LLAES6UX7PE080692', 'LLAES6UX7PE080692-002', 'ZY-EAELASS0087', 'ordered', 'Headlight motor', 346.15, 1);
INSERT INTO Part (VIN, order_number, vendor_part_number, status, description, unit_price, quantity) VALUES ('LLAES6UX7PE080692', 'LLAES6UX7PE080692-002', 'ZY-EAEM0132', 'received', 'Air bag control module', 145.76, 1);
INSERT INTO Part (VIN, order_number, vendor_part_number, status, description, unit_price, quantity) VALUES ('LLAES6UX7PE080692', 'LLAES6UX7PE080692-002', 'ZY-ICS0161', 'received', 'Seat cover', 382.97, 1);
INSERT INTO Part (VIN, order_number, vendor_part_number, status, description, unit_price, quantity) VALUES ('M0LLCXP5H7J310101', 'M0LLCXP5H7J310101-005', 'ZY-BAE0012', 'installed', 'Quarter panel', 7.85, 1);
INSERT INTO Part (VIN, order_number, vendor_part_number, status, description, unit_price, quantity) VALUES ('M0LLCXP5H7J310101', 'M0LLCXP5H7J310101-005', 'ZY-EAES0102', 'installed', 'Oxygen sensor', 34.58, 1);
INSERT INTO Part (VIN, order_number, vendor_part_number, status, description, unit_price, quantity) VALUES ('M0LLCXP5H7J310101', 'M0LLCXP5H7J310101-005', 'ZY-EAES0106', 'installed', 'Rotational sensor', 4.6, 1);
INSERT INTO Part (VIN, order_number, vendor_part_number, status, description, unit_price, quantity) VALUES ('M0LLCXP5H7J310101', 'M0LLCXP5H7J310101-005', 'ZY-PACBS0196', 'installed', 'Master Cylinder', 35.08, 1);
INSERT INTO Part (VIN, order_number, vendor_part_number, status, description, unit_price, quantity) VALUES ('MLQIF1Z0TMV429595', 'MLQIF1Z0TMV429595-002', 'ZY-EAEESS0053', 'installed', 'Battery', 464.9, 1);
INSERT INTO Part (VIN, order_number, vendor_part_number, status, description, unit_price, quantity) VALUES ('OPBJWWEIHPI797081', 'OPBJWWEIHPI797081-002', 'ZY-EAES0124', 'installed', 'Switch cover', 24.36, 1);
INSERT INTO Part (VIN, order_number, vendor_part_number, status, description, unit_price, quantity) VALUES ('OPBJWWEIHPI797081', 'OPBJWWEIHPI797081-002', 'ZY-ICS0160', 'installed', 'Seat bracket', 19.64, 1);
INSERT INTO Part (VIN, order_number, vendor_part_number, status, description, unit_price, quantity) VALUES ('Q7YZUDKENN4246098', 'Q7YZUDKENN4246098-002', 'ZY-BAED0029', 'received', 'Hinge', 25.8, 1);
INSERT INTO Part (VIN, order_number, vendor_part_number, status, description, unit_price, quantity) VALUES ('Q7YZUDKENN4246098', 'Q7YZUDKENN4246098-002', 'ZY-EAEESS0058', 'received', 'Battery control system', 43.39, 4);
INSERT INTO Part (VIN, order_number, vendor_part_number, status, description, unit_price, quantity) VALUES ('Q8DL7A5M6DW706622', 'Q8DL7A5M6DW706622-002', 'ZY-BAE0003', 'installed', 'Exposed bumper', 35.15, 1);
INSERT INTO Part (VIN, order_number, vendor_part_number, status, description, unit_price, quantity) VALUES ('RYY32CGB7QR718629', 'RYY32CGB7QR718629-004', 'ZY-BAE0014', 'installed', 'Rocker panel', 133.38, 1);
INSERT INTO Part (VIN, order_number, vendor_part_number, status, description, unit_price, quantity) VALUES ('RYY32CGB7QR718629', 'RYY32CGB7QR718629-004', 'ZY-BAE0021', 'installed', 'Valance', 222.52, 1);
INSERT INTO Part (VIN, order_number, vendor_part_number, status, description, unit_price, quantity) VALUES ('RYY32CGB7QR718629', 'RYY32CGB7QR718629-004', 'ZY-PACBS0170', 'installed', 'Brake cooling duct', 193.37, 2);
INSERT INTO Part (VIN, order_number, vendor_part_number, status, description, unit_price, quantity) VALUES ('SAK8I3JJ105230630', 'SAK8I3JJ105230630-003', 'ZY-PACBS0185', 'installed', 'Calibrated friction brake', 231.56, 1);
INSERT INTO Part (VIN, order_number, vendor_part_number, status, description, unit_price, quantity) VALUES ('U73PMGHR3NU905301', 'U73PMGHR3NU905301-002', 'ZY-EAESS0116', 'installed', 'Starter drive', 107.21, 1);
INSERT INTO Part (VIN, order_number, vendor_part_number, status, description, unit_price, quantity) VALUES ('UOGYWMEC33D484399', 'UOGYWMEC33D484399-004', 'ZY-EAEGAM0068', 'installed', 'Speedometer', 43.16, 1);
INSERT INTO Part (VIN, order_number, vendor_part_number, status, description, unit_price, quantity) VALUES ('UOGYWMEC33D484399', 'UOGYWMEC33D484399-004', 'ZY-EAEGAM0073', 'installed', 'Voltmeter', 34.07, 1);
INSERT INTO Part (VIN, order_number, vendor_part_number, status, description, unit_price, quantity) VALUES ('US6XUXEBB7J677669', 'US6XUXEBB7J677669-003', 'ZY-BAE0016', 'installed', 'Spoiler', 99.82, 2);
INSERT INTO Part (VIN, order_number, vendor_part_number, status, description, unit_price, quantity) VALUES ('US6XUXEBB7J677669', 'US6XUXEBB7J677669-003', 'ZY-EAES0096', 'ordered', 'Crankshaft position sensor', 133.05, 1);
INSERT INTO Part (VIN, order_number, vendor_part_number, status, description, unit_price, quantity) VALUES ('US6XUXEBB7J677669', 'US6XUXEBB7J677669-003', 'ZY-EAES0113', 'installed', 'Oil level sensor', 43.21, 1);
INSERT INTO Part (VIN, order_number, vendor_part_number, status, description, unit_price, quantity) VALUES ('US6XUXEBB7J677669', 'US6XUXEBB7J677669-003', 'ZY-EAES0120', 'ordered', 'Door switch', 17.06, 1);
INSERT INTO Part (VIN, order_number, vendor_part_number, status, description, unit_price, quantity) VALUES ('VWF36GH8UML053642', 'VWF36GH8UML053642-002', 'ZY-ICS0155', 'installed', 'Bucket Seat', 122.97, 1);
INSERT INTO Part (VIN, order_number, vendor_part_number, status, description, unit_price, quantity) VALUES ('VWF36GH8UML053642', 'VWF36GH8UML053642-002', 'ZY-PACBS0191', 'installed', 'Brake booster hose', 139.05, 4);
INSERT INTO Part (VIN, order_number, vendor_part_number, status, description, unit_price, quantity) VALUES ('WA73P2TB0BO402832', 'WA73P2TB0BO402832-003', 'ZY-EAEGAM0067', 'installed', 'Odometer', 26.93, 1);
INSERT INTO Part (VIN, order_number, vendor_part_number, status, description, unit_price, quantity) VALUES ('WA73P2TB0BO402832', 'WA73P2TB0BO402832-003', 'ZY-EAEM0147', 'installed', 'Speed controller', 17.51, 1);
INSERT INTO Part (VIN, order_number, vendor_part_number, status, description, unit_price, quantity) VALUES ('WUD6UHNVINU339156', 'WUD6UHNVINU339156-001', 'ZY-BAE0001', 'installed', 'Bumper', 141.23, 1);
INSERT INTO Part (VIN, order_number, vendor_part_number, status, description, unit_price, quantity) VALUES ('WUD6UHNVINU339156', 'WUD6UHNVINU339156-001', 'ZY-BAED0029', 'installed', 'Hinge', 89.33, 1);
INSERT INTO Part (VIN, order_number, vendor_part_number, status, description, unit_price, quantity) VALUES ('WUD6UHNVINU339156', 'WUD6UHNVINU339156-001', 'ZY-EAEWH0130', 'installed', 'Interior harness', 68.6, 1);
INSERT INTO Part (VIN, order_number, vendor_part_number, status, description, unit_price, quantity) VALUES ('XLQBDQWBZDN084612', 'XLQBDQWBZDN084612-002', 'ZY-PACBS0179', 'ordered', 'Brake rotor', 19.24, 2);
INSERT INTO Part (VIN, order_number, vendor_part_number, status, description, unit_price, quantity) VALUES ('Y033F7MCLW5266860', 'Y033F7MCLW5266860-003', 'ZY-BAE0022', 'installed', 'Welded assembly', 4.17, 1);
INSERT INTO Part (VIN, order_number, vendor_part_number, status, description, unit_price, quantity) VALUES ('Y033F7MCLW5266860', 'Y033F7MCLW5266860-003', 'ZY-BAED0025', 'installed', 'Inner door handle', 50.72, 1);
INSERT INTO Part (VIN, order_number, vendor_part_number, status, description, unit_price, quantity) VALUES ('Y033F7MCLW5266860', 'Y033F7MCLW5266860-003', 'ZY-EAEM0150', 'installed', 'Wiring connector', 179.51, 1);
INSERT INTO Part (VIN, order_number, vendor_part_number, status, description, unit_price, quantity) VALUES ('Y033F7MCLW5266860', 'Y033F7MCLW5266860-003', 'ZY-PACBS0174', 'installed', 'Brake pad', 112.35, 2);

